"accepted_name","guild","guild_count","tax_level","phylum","class","order","family"
"Aabaarnia","Lichen_Parasite",1,"B_genus","Ascomycota","Lecanoromycetes","Ostropales","Incertae sedis"
"Abortiporus","Necrotrophic_plant_pathogen Wood_Saprotroph",2,"B_genus","Basidiomycota","Agaricomycetes","Polyporales","Podoscyphaceae"
"Abrachium","Saprotroph",1,"B_genus","Basidiomycota","Agaricomycetes","Phallales","Phallaceae"
"Abrothallus","Lichen_Parasite",1,"B_genus","Ascomycota","Dothideomycetes","Abrothallales","Abrothallaceae"
"Absconditella","Algae_Parasite Lichenized",2,"B_genus","Ascomycota","Lecanoromycetes","Ostropales","Stictidaceae"
"Abundisporus","Wood_Saprotroph",1,"B_genus","Basidiomycota","Agaricomycetes","Polyporales","Polyporaceae"
"Acanthobasidium","Wood_Saprotroph",1,"B_genus","Basidiomycota","Agaricomycetes","Russulales","Stereaceae"
"Acanthocorticium","Saprotroph",1,"B_genus","Basidiomycota","Agaricomycetes","Agaricales","Incertae sedis"
"Acanthofungus","Wood_Saprotroph",1,"B_genus","Basidiomycota","Agaricomycetes","Russulales","Stereaceae"
"Acanthohelicospora","Saprotroph",1,"B_genus","Ascomycota","Dothideomycetes","Tubeufiales","Tubeufiaceae"
"Acanthonitschkea","Lichen_Parasite",1,"B_genus","Ascomycota","Sordariomycetes","Coronophorales","Nitschkiaceae"
"Acanthophysellum","Wood_Saprotroph",1,"B_genus","Basidiomycota","Agaricomycetes","Russulales","Stereaceae"
"Acanthostigma","Saprotroph",1,"B_genus","Ascomycota","Dothideomycetes","Tubeufiales","Tubeufiaceae"
"Acanthostigmella","Saprotroph",1,"B_genus","Ascomycota","Dothideomycetes","Tubeufiales","Tubeufiaceae"
"Acanthostigmina","Saprotroph",1,"B_genus","Ascomycota","Dothideomycetes","Tubeufiales","Tubeufiaceae"
"Acanthothecis","Lichenized",1,"B_genus","Ascomycota","Lecanoromycetes","Ostropales","Graphidaceae"
"Acanthotrema","Lichenized",1,"B_genus","Ascomycota","Lecanoromycetes","Ostropales","Graphidaceae"
"Acarella","Plant_Pathogen",1,"B_genus","Ascomycota","Dothideomycetes","Asterinales","Asterinaceae"
"Acaroconium","Lichen_Parasite",1,"B_genus","Ascomycota","Incertae sedis","Incertae sedis","Incertae sedis"
"Acarocybellina","Biotrophic_plant_pathogen",1,"B_genus","Ascomycota","Incertae sedis","Incertae sedis","Incertae sedis"
"Acaromyces","Insect_Pathogen Plant_Pathogen",2,"B_genus","Basidiomycota","Exobasidiomycetes","Exobasidiales","Cryptobasidiaceae"
"Acarospora","Lichen_Parasite Lichenized",2,"B_genus","Ascomycota","Lecanoromycetes","Acarosporales","Acarosporaceae"
"Acarosporina","Plant_Pathogen Saprotroph",2,"B_genus","Ascomycota","Lecanoromycetes","Ostropales","Stictidaceae"
"Acarosporium","Lichen_Parasite",1,"B_genus","Ascomycota","Leotiomycetes","Helotiales","Sclerotiniaceae"
"Acaulospora","Arbuscular_Mycorrhizal",1,"B_genus","Glomeromycota","Glomeromycetes","Diversisporales","Acaulosporaceae"
"Acephala","Ectomycorrhizal",1,"B_genus","Ascomycota","Leotiomycetes","Helotiales","Vibrisseaceae"
"Acervuloseptoria","Necrotrophic_plant_pathogen",1,"B_genus","Ascomycota","Dothideomycetes","Mycosphaerellales","Mycosphaerellaceae"
"Achorella","Plant_Pathogen",1,"B_genus","Ascomycota","Dothideomycetes","Incertae sedis","Incertae sedis"
"Achrotelium","Biotrophic_plant_pathogen",1,"B_genus","Basidiomycota","Pucciniomycetes","Pucciniales","Chaconiaceae"
"Aciculopsora","Lichenized",1,"B_genus","Ascomycota","Lecanoromycetes","Lecanorales","Ramalinaceae"
"Aciculosporium","Plant_Pathogen",1,"B_genus","Ascomycota","Sordariomycetes","Hypocreales","Clavicipitaceae"
"Acidea","Saprotroph",1,"B_genus","Ascomycota","Leotiomycetes","Helotiales","Incertae sedis"
"Acidiella","Saprotroph",1,"B_genus","Ascomycota","Dothideomycetes","Mycosphaerellales","Teratosphaeriaceae"
"Acidomyces","Endophyte",1,"B_genus","Ascomycota","Dothideomycetes","Mycosphaerellales","Teratosphaeriaceae"
"Acidothrix","Saprotroph",1,"B_genus","Ascomycota","Sordariomycetes","Amplistromatales","Amplistromataceae"
"Acladium","Saprotroph",1,"B_genus","Basidiomycota","Agaricomycetes","Cantharellales","Botryobasidiaceae"
"Acolium","Lichen_Parasite Lichenized",2,"B_genus","Ascomycota","Lecanoromycetes","Caliciales","Caliciaceae"
"Acremoniella","Saprotroph",1,"B_genus","Ascomycota","Incertae sedis","Incertae sedis","Incertae sedis"
"Acremoniopsis","Saprotroph",1,"B_genus","Ascomycota","Sordariomycetes","Hypocreales","Incertae sedis"
"Acremonium","Endophyte Fungal_Parasite Human_Pathogen Lichen_Parasite Necrotrophic_plant_pathogen Plant_Pathogen Saprotroph Wood_Saprotroph",8,"B_genus","Ascomycota","Sordariomycetes","Hypocreales","Incertae sedis"
"Acrocalymma","Endophyte Necrotrophic_plant_pathogen Plant_Pathogen Saprotroph",4,"B_genus","Ascomycota","Dothideomycetes","Pleosporales","Acrocalymmaceae"
"Acroconidiellina","Plant_Pathogen",1,"B_genus","Ascomycota","Incertae sedis","Incertae sedis","Incertae sedis"
"Acrocordia","Lichenized Saprotroph",2,"B_genus","Ascomycota","Dothideomycetes","Monoblastiales","Monoblastiaceae"
"Acrodictys","Plant_Pathogen Saprotroph",2,"B_genus","Ascomycota","Sordariomycetes","Diaporthales","Acrodictyaceae"
"Acrodontiella","Necrotrophic_plant_pathogen",1,"B_genus","Ascomycota","Incertae sedis","Incertae sedis","Incertae sedis"
"Acrodontium","Necrotrophic_plant_pathogen",1,"B_genus","Ascomycota","Incertae sedis","Incertae sedis","Incertae sedis"
"Acrogenotheca","Plant_Pathogen",1,"B_genus","Ascomycota","Dothideomycetes","Incertae sedis","Incertae sedis"
"Acrophialophora","Plant_Pathogen",1,"B_genus","Ascomycota","Incertae sedis","Incertae sedis","Incertae sedis"
"Acroscyphus","Lichenized",1,"B_genus","Ascomycota","Lecanoromycetes","Caliciales","Caliciaceae"
"Acrospermum","Plant_Pathogen",1,"B_genus","Ascomycota","Dothideomycetes","Acrospermales","Acrospermaceae"
"Acrosporium","Biotrophic_plant_pathogen",1,"B_genus","Ascomycota","Incertae sedis","Incertae sedis","Incertae sedis"
"Acrostalagmus","Endophyte Fungal_Parasite Insect_Pathogen Saprotroph",4,"B_genus","Ascomycota","Sordariomycetes","Hypocreales","Hypocreaceae"
"Acrostaphylus","Fungal_Parasite",1,"B_genus","Ascomycota","Sordariomycetes","Xylariales","Hypoxylaceae"
"Acrotheca","Plant_Pathogen",1,"B_genus","Ascomycota","Dothideomycetes","Mycosphaerellales","Mycosphaerellaceae"
"Actiniceps","Saprotroph",1,"B_genus","Basidiomycota","Agaricomycetes","Agaricales","Pterulaceae"
"Actinoplaca","Lichenized",1,"B_genus","Ascomycota","Lecanoromycetes","Ostropales","Gomphillaceae"
"Adelococcus","Lichen_Parasite",1,"B_genus","Ascomycota","Eurotiomycetes","Verrucariales","Adelococcaceae"
"Adelolecia","Lichenized",1,"B_genus","Ascomycota","Lecanoromycetes","Lecanorales","Ramalinaceae"
"Aderkomyces","Lichenized",1,"B_genus","Ascomycota","Lecanoromycetes","Ostropales","Gomphillaceae"
"Adisciso","Necrotrophic_plant_pathogen",1,"B_genus","Ascomycota","Sordariomycetes","Amphisphaeriales","Discosiaceae"
"Aecidium","Biotrophic_plant_pathogen",1,"B_genus","Basidiomycota","Pucciniomycetes","Pucciniales","Pucciniaceae"
"Aegeritella","Insect_Pathogen",1,"B_genus","Ascomycota","Incertae sedis","Incertae sedis","Incertae sedis"
"Aequabiliella","Plant_Pathogen",1,"B_genus","Ascomycota","Eurotiomycetes","Phaeomoniellales","Celotheliaceae"
"Afroboletus","Ectomycorrhizal",1,"B_genus","Basidiomycota","Agaricomycetes","Boletales","Boletaceae"
"Afrocantharellus","Ectomycorrhizal",1,"B_genus","Basidiomycota","Agaricomycetes","Cantharellales","Hydnaceae"
"Agaricus","Saprotroph",1,"B_genus","Basidiomycota","Agaricomycetes","Agaricales","Agaricaceae"
"Agonimia","Lichenized Saprotroph",2,"B_genus","Ascomycota","Eurotiomycetes","Verrucariales","Verrucariaceae"
"Agrocybe","Dung_Saprotroph Plant_Pathogen Saprotroph Wood_Saprotroph",4,"B_genus","Basidiomycota","Agaricomycetes","Agaricales","Strophariaceae"
"Agyrium","Algae_Parasite",1,"B_genus","Ascomycota","Lecanoromycetes","Pertusariales","Agyriaceae"
"Ahmadiago","Plant_Pathogen",1,"B_genus","Basidiomycota","Ustilaginomycetes","Ustilaginales","Ustilaginaceae"
"Ahtiana","Lichenized",1,"B_genus","Ascomycota","Lecanoromycetes","Lecanorales","Parmeliaceae"
"Ainoa","Lichenized",1,"B_genus","Ascomycota","Lecanoromycetes","Baeomycetales","Baeomycetaceae"
"Aizoago","Plant_Pathogen",1,"B_genus","Basidiomycota","Ustilaginomycetes","Ustilaginales","Ustilaginaceae"
"Ajellomyces","Human_Pathogen",1,"B_genus","Ascomycota","Incertae sedis","Incertae sedis","Incertae sedis"
"Akanthomyces","Endophyte Insect_Pathogen Plant_Pathogen",3,"B_genus","Ascomycota","Sordariomycetes","Hypocreales","Cordycipitaceae"
"Alanphillipsia","Endophyte Plant_Pathogen",2,"B_genus","Ascomycota","Dothideomycetes","Botryosphaeriales","Botryosphaeriaceae"
"Alatosessilispora","Epiphyte",1,"B_genus","Ascomycota","Incertae sedis","Incertae sedis","Incertae sedis"
"Albatrellopsis","Ectomycorrhizal",1,"B_genus","Basidiomycota","Agaricomycetes","Russulales","Albatrellaceae"
"Albatrellus","Ectomycorrhizal Wood_Saprotroph",2,"B_genus","Basidiomycota","Agaricomycetes","Russulales","Albatrellaceae"
"Albifimbria","Plant_Pathogen",1,"B_genus","Ascomycota","Sordariomycetes","Hypocreales","Stachybotryaceae"
"Albomagister","Ectomycorrhizal",1,"B_genus","Basidiomycota","Agaricomycetes","Agaricales","Tricholomataceae"
"Albonectria","Endophyte Necrotrophic_plant_pathogen",2,"B_genus","Ascomycota","Sordariomycetes","Hypocreales","Nectriaceae"
"Alectoria","Lichenized",1,"B_genus","Ascomycota","Lecanoromycetes","Lecanorales","Parmeliaceae"
"Alessioporus","Ectomycorrhizal",1,"B_genus","Basidiomycota","Agaricomycetes","Boletales","Boletaceae"
"Aleuria","Saprotroph",1,"B_genus","Ascomycota","Pezizomycetes","Pezizales","Pyronemataceae"
"Aleurodiscus","Saprotroph Wood_Saprotroph",2,"B_genus","Basidiomycota","Agaricomycetes","Russulales","Stereaceae"
"Alfaria","Necrotrophic_plant_pathogen Saprotroph",2,"B_genus","Ascomycota","Sordariomycetes","Hypocreales","Incertae sedis"
"Alina","Plant_Pathogen",1,"B_genus","Ascomycota","Dothideomycetes","Incertae sedis","Alinaceae"
"Alisea","Saprotroph",1,"B_genus","Ascomycota","Sordariomycetes","Microascales","Halosphaeriaceae"
"Allantonectria","Plant_Pathogen",1,"B_genus","Ascomycota","Sordariomycetes","Incertae sedis","Incertae sedis"
"Allantoparmelia","Lichenized",1,"B_genus","Ascomycota","Lecanoromycetes","Lecanorales","Parmeliaceae"
"Allantophomoides","Plant_Pathogen",1,"B_genus","Ascomycota","Dothideomycetes","Mycosphaerellales","Mycosphaerellaceae"
"Allantophomopsiella","Plant_Pathogen",1,"B_genus","Ascomycota","Leotiomycetes","Phacidiales","Phacidiaceae"
"Allantophomopsis","Plant_Pathogen",1,"B_genus","Ascomycota","Leotiomycetes","Phacidiales","Phacidiaceae"
"Allelochaeta","Plant_Pathogen",1,"B_genus","Ascomycota","Sordariomycetes","Amphisphaeriales","Sporocadaceae"
"Allocalicium","Lichenized",1,"B_genus","Ascomycota","Lecanoromycetes","Caliciales","Caliciaceae"
"Allocetraria","Lichenized",1,"B_genus","Ascomycota","Lecanoromycetes","Lecanorales","Parmeliaceae"
"Alloclavaria","Saprotroph",1,"B_genus","Basidiomycota","Agaricomycetes","Hymenochaetales","Rickenellaceae"
"Alloconiothyrium","Saprotroph",1,"B_genus","Ascomycota","Dothideomycetes","Pleosporales","Didymosphaeriaceae"
"Allocryptovalsa","Plant_Pathogen",1,"B_genus","Ascomycota","Sordariomycetes","Xylariales","Diatrypaceae"
"Allodus","Biotrophic_plant_pathogen",1,"B_genus","Basidiomycota","Pucciniomycetes","Pucciniales","Pucciniaceae"
"Allographa","Lichenized",1,"B_genus","Ascomycota","Lecanoromycetes","Ostropales","Graphidaceae"
"Alloleptosphaeria","Plant_Pathogen",1,"B_genus","Ascomycota","Dothideomycetes","Pleosporales","Leptosphaeriaceae"
"Allomyces","Saprotroph",1,"B_genus","Blastocladiomycota","Blastocladiomycetes","Blastocladiales","Blastocladiaceae"
"Allophoma","Endophyte Plant_Pathogen Saprotroph",3,"B_genus","Ascomycota","Dothideomycetes","Pleosporales","Didymellaceae"
"Alnicola","Ectomycorrhizal",1,"B_genus","Basidiomycota","Agaricomycetes","Agaricales","Hymenogastraceae"
"Alpakesa","Plant_Pathogen",1,"B_genus","Ascomycota","Incertae sedis","Incertae sedis","Incertae sedis"
"Alpinaria","Plant_Pathogen Wood_Saprotroph",2,"B_genus","Ascomycota","Dothideomycetes","Pleosporales","Melanommataceae"
"Alpova","Ectomycorrhizal",1,"B_genus","Basidiomycota","Agaricomycetes","Boletales","Paxillaceae"
"Alternaria","Endophyte Human_Pathogen Necrotrophic_plant_pathogen Plant_Pathogen Saprotroph Wood_Saprotroph",6,"B_genus","Ascomycota","Dothideomycetes","Pleosporales","Pleosporaceae"
"Alternariaster","Endophyte Necrotrophic_plant_pathogen Plant_Pathogen Saprotroph",4,"B_genus","Ascomycota","Dothideomycetes","Pleosporales","Pleosporaceae"
"Alutaceodontia","Wood_Saprotroph",1,"B_genus","Basidiomycota","Agaricomycetes","Hymenochaetales","Schizoporaceae"
"Alysidiella","Necrotrophic_plant_pathogen Plant_Pathogen",2,"B_genus","Ascomycota","Incertae sedis","Incertae sedis","Incertae sedis"
"Alyxoria","Lichenized",1,"B_genus","Ascomycota","Arthoniomycetes","Arthoniales","Lecanographaceae"
"Amandinea","Lichenized",1,"B_genus","Ascomycota","Lecanoromycetes","Caliciales","Caliciaceae"
"Amanita","Ectomycorrhizal Saprotroph",2,"B_genus","Basidiomycota","Agaricomycetes","Agaricales","Amanitaceae"
"Amarrendia","Ectomycorrhizal",1,"B_genus","Basidiomycota","Agaricomycetes","Agaricales","Amanitaceae"
"Amauroderma","Ectomycorrhizal Wood_Saprotroph",2,"B_genus","Basidiomycota","Agaricomycetes","Polyporales","Polyporaceae"
"Amaurodon","Wood_Saprotroph",1,"B_genus","Basidiomycota","Agaricomycetes","Thelephorales","Thelephoraceae"
"Amazonia","Biotrophic_plant_pathogen",1,"B_genus","Ascomycota","Sordariomycetes","Meliolales","Meliolaceae"
"Amazonomyces","Lichenized",1,"B_genus","Ascomycota","Arthoniomycetes","Arthoniales","Arthoniaceae"
"Ambarignomonia","Plant_Pathogen",1,"B_genus","Ascomycota","Sordariomycetes","Diaporthales","Gnomoniaceae"
"Ambispora","Arbuscular_Mycorrhizal",1,"B_genus","Glomeromycota","Glomeromycetes","Archaeosporales","Ambisporaceae"
"Ambrosiozyma","Saprotroph",1,"B_genus","Ascomycota","Saccharomycetes","Saccharomycetales","Saccharomycopsidaceae"
"Ameliella","Lichenized",1,"B_genus","Ascomycota","Lecanoromycetes","Lecanorales","Lecanoraceae"
"Ameroconium","Lichen_Parasite",1,"B_genus","Ascomycota","Incertae sedis","Incertae sedis","Incertae sedis"
"Ampelomyces","Endophyte Fungal_Parasite",2,"B_genus","Ascomycota","Dothideomycetes","Pleosporales","Phaeosphaeriaceae"
"Amphibambusa","Saprotroph",1,"B_genus","Ascomycota","Sordariomycetes","Amphisphaeriales","Amphisphaeriaceae"
"Amphinema","Ectomycorrhizal Plant_Pathogen",2,"B_genus","Basidiomycota","Agaricomycetes","Atheliales","Atheliaceae"
"Amphisphaerella","Plant_Pathogen",1,"B_genus","Ascomycota","Sordariomycetes","Amphisphaeriales","Amphisphaeriaceae"
"Amphisphaeria","Saprotroph",1,"B_genus","Ascomycota","Sordariomycetes","Amphisphaeriales","Amphisphaeriaceae"
"Amphistereum","Saprotroph",1,"B_genus","Basidiomycota","Agaricomycetes","Auriculariales","Auriculariaceae"
"Amphobotrys","Plant_Pathogen",1,"B_genus","Ascomycota","Leotiomycetes","Helotiales","Sclerotiniaceae"
"Amphorothecium","Lichenized",1,"B_genus","Ascomycota","Lecanoromycetes","Ostropales","Incertae sedis"
"Ampliotrema","Lichenized",1,"B_genus","Ascomycota","Lecanoromycetes","Ostropales","Graphidaceae"
"Ampullifera","Lichen_Parasite",1,"B_genus","Ascomycota","Incertae sedis","Incertae sedis","Incertae sedis"
"Ampulloclitocybe","Saprotroph",1,"B_genus","Basidiomycota","Agaricomycetes","Agaricales","Hygrophoraceae"
"Amundsenia","Lichenized",1,"B_genus","Ascomycota","Lecanoromycetes","Teloschistales","Teloschistaceae"
"Amycosphaerella","Plant_Pathogen",1,"B_genus","Ascomycota","Dothideomycetes","Mycosphaerellales","Mycosphaerellaceae"
"Amygdalaria","Lichenized",1,"B_genus","Ascomycota","Lecanoromycetes","Lecideales","Lecideaceae"
"Amyloathelia","Saprotroph",1,"B_genus","Basidiomycota","Agaricomycetes","Amylocorticiales","Amylocorticiaceae"
"Amylocorticiellum","Wood_Saprotroph",1,"B_genus","Basidiomycota","Agaricomycetes","Amylocorticiales","Amylocorticiaceae"
"Amylocorticium","Wood_Saprotroph",1,"B_genus","Basidiomycota","Agaricomycetes","Amylocorticiales","Amylocorticiaceae"
"Amylonotus","Wood_Saprotroph",1,"B_genus","Basidiomycota","Agaricomycetes","Russulales","Bondarzewiaceae"
"Amyloporia","Wood_Saprotroph",1,"B_genus","Basidiomycota","Agaricomycetes","Polyporales","Fomitopsidaceae"
"Amylora","Lichenized",1,"B_genus","Ascomycota","Lecanoromycetes","Incertae sedis","Trapeliaceae"
"Amylosporia","Wood_Saprotroph",1,"B_genus","Basidiomycota","Agaricomycetes","Polyporales","Polyporaceae"
"Amylosporus","Wood_Saprotroph",1,"B_genus","Basidiomycota","Agaricomycetes","Russulales","Bondarzewiaceae"
"Amylostereum","Ectomycorrhizal Necrotrophic_plant_pathogen Wood_Saprotroph",3,"B_genus","Basidiomycota","Agaricomycetes","Russulales","Echinodontiaceae"
"Anamylopsora","Lichenized",1,"B_genus","Ascomycota","Lecanoromycetes","Baeomycetales","Baeomycetaceae"
"Anaptychia","Lichenized",1,"B_genus","Ascomycota","Lecanoromycetes","Caliciales","Physciaceae"
"Ancistrosporella","Lichenized",1,"B_genus","Ascomycota","Arthoniomycetes","Arthoniales","Roccellaceae"
"Ancylistes","Insect_Pathogen",1,"B_genus","Entomophthoromycota","Entomophthoromycetes","Entomophthorales","Ancylistaceae"
"Andebbia","Ectomycorrhizal",1,"B_genus","Basidiomycota","Agaricomycetes","Hysterangiales","Mesophelliaceae"
"Andreiomyces","Lichenized",1,"B_genus","Ascomycota","Arthoniomycetes","Arthoniales","Andreiomycetaceae"
"Anema","Lichenized",1,"B_genus","Ascomycota","Lichinomycetes","Lichinales","Lichinaceae"
"Angiactis","Lichenized",1,"B_genus","Ascomycota","Arthoniomycetes","Arthoniales","Incertae sedis"
"Angiopsora","Biotrophic_plant_pathogen",1,"B_genus","Basidiomycota","Pucciniomycetes","Pucciniales","Phakopsoraceae"
"Anguillosporella","Necrotrophic_plant_pathogen",1,"B_genus","Ascomycota","Dothideomycetes","Mycosphaerellales","Mycosphaerellaceae"
"Anisogramma","Plant_Pathogen",1,"B_genus","Ascomycota","Sordariomycetes","Diaporthales","Incertae sedis"
"Anisomeridium","Lichenized Saprotroph",2,"B_genus","Ascomycota","Dothideomycetes","Monoblastiales","Monoblastiaceae"
"Annellolacinia","Plant_Pathogen",1,"B_genus","Ascomycota","Incertae sedis","Incertae sedis","Incertae sedis"
"Annellophora","Plant_Pathogen",1,"B_genus","Ascomycota","Incertae sedis","Incertae sedis","Incertae sedis"
"Annulohypoxylon","Endophyte Plant_Pathogen",2,"B_genus","Ascomycota","Sordariomycetes","Xylariales","Hypoxylaceae"
"Anomalographis","Lichenized",1,"B_genus","Ascomycota","Lecanoromycetes","Ostropales","Graphidaceae"
"Anomalomyces","Plant_Pathogen",1,"B_genus","Basidiomycota","Ustilaginomycetes","Ustilaginales","Ustilaginaceae"
"Anomoloma","Wood_Saprotroph",1,"B_genus","Basidiomycota","Agaricomycetes","Amylocorticiales","Amylocorticiaceae"
"Anomomorpha","Lichenized",1,"B_genus","Ascomycota","Lecanoromycetes","Ostropales","Graphidaceae"
"Anomoporia","Wood_Saprotroph",1,"B_genus","Basidiomycota","Agaricomycetes","Amylocorticiales","Amylocorticiaceae"
"Antella","Wood_Saprotroph",1,"B_genus","Basidiomycota","Agaricomycetes","Polyporales","Steccherinaceae"
"Antennariella","Plant_Pathogen",1,"B_genus","Ascomycota","Dothideomycetes","Capnodiales","Capnodiaceae"
"Antennularia","Plant_Pathogen",1,"B_genus","Ascomycota","Dothideomycetes","Capnodiales","Metacapnodiaceae"
"Antennulariella","Lichenized",1,"B_genus","Ascomycota","Dothideomycetes","Capnodiales","Antennulariellaceae"
"Antherospora","Plant_Pathogen",1,"B_genus","Basidiomycota","Ustilaginomycetes","Urocystidales","Floromycetaceae"
"Anthoporia","Wood_Saprotroph",1,"B_genus","Basidiomycota","Agaricomycetes","Polyporales","Fomitopsidaceae"
"Anthostoma","Plant_Pathogen Saprotroph",2,"B_genus","Ascomycota","Sordariomycetes","Xylariales","Diatrypaceae"
"Anthostomaria","Lichen_Parasite",1,"B_genus","Ascomycota","Sordariomycetes","Incertae sedis","Incertae sedis"
"Anthostomella","Endophyte Plant_Pathogen",2,"B_genus","Ascomycota","Sordariomycetes","Xylariales","Xylariaceae"
"Anthostomelloides","Endophyte",1,"B_genus","Ascomycota","Sordariomycetes","Xylariales","Xylariaceae"
"Anthracocarpon","Lichenized",1,"B_genus","Ascomycota","Eurotiomycetes","Verrucariales","Verrucariaceae"
"Anthracocystis","Plant_Pathogen",1,"B_genus","Basidiomycota","Ustilaginomycetes","Ustilaginales","Ustilaginaceae"
"Anthracoidea","Biotrophic_plant_pathogen",2,"B_genus","Basidiomycota","Ustilaginomycetes","Ustilaginales","Anthracoideaceae"
"Anthracophyllum","Saprotroph",1,"B_genus","Basidiomycota","Agaricomycetes","Agaricales","Omphalotaceae"
"Anthracothecium","Lichenized",1,"B_genus","Ascomycota","Eurotiomycetes","Pyrenulales","Pyrenulaceae"
"Antrodia","Plant_Pathogen Saprotroph Wood_Saprotroph",3,"B_genus","Basidiomycota","Agaricomycetes","Polyporales","Fomitopsidaceae"
"Antrodiella","Wood_Saprotroph",1,"B_genus","Basidiomycota","Agaricomycetes","Polyporales","Steccherinaceae"
"Antrodiopsis","Wood_Saprotroph",1,"B_genus","Basidiomycota","Agaricomycetes","Polyporales","Fomitopsidaceae"
"Anzia","Lichenized",1,"B_genus","Ascomycota","Lecanoromycetes","Lecanorales","Parmeliaceae"
"Apatoplaca","Lichenized",1,"B_genus","Ascomycota","Lecanoromycetes","Teloschistales","Teloschistaceae"
"Apenidiella","Endophyte Saprotroph",2,"B_genus","Ascomycota","Dothideomycetes","Mycosphaerellales","Teratosphaeriaceae"
"Aphanoascus","Human_Pathogen",1,"B_genus","Ascomycota","Eurotiomycetes","Onygenales","Onygenaceae"
"Aphanobasidium","Wood_Saprotroph",1,"B_genus","Basidiomycota","Agaricomycetes","Agaricales","Radulomycetaceae"
"Aphanocladium","Fungal_Parasite",1,"B_genus","Ascomycota","Sordariomycetes","Hypocreales","Nectriaceae"
"Aphanopsis","Lichenized",1,"B_genus","Ascomycota","Lecanoromycetes","Lecanorales","Aphanopsidaceae"
"Aphanostigme","Plant_Pathogen",1,"B_genus","Ascomycota","Dothideomycetes","Incertae sedis","Pseudoperisporiaceae"
"Aphroditeola","Saprotroph",1,"B_genus","Basidiomycota","Agaricomycetes","Agaricales","Hygrophoraceae"
"Apinisia","Plant_Pathogen Saprotroph",2,"B_genus","Ascomycota","Eurotiomycetes","Onygenales","Onygenaceae"
"Apiognomonia","Endophyte Plant_Pathogen",2,"B_genus","Ascomycota","Sordariomycetes","Diaporthales","Gnomoniaceae"
"Apioperdon","Saprotroph",1,"B_genus","Basidiomycota","Agaricomycetes","Agaricales","Lycoperdaceae"
"Apioplagiostoma","Plant_Pathogen",1,"B_genus","Ascomycota","Sordariomycetes","Diaporthales","Valsaceae"
"Apiosphaeria","Plant_Pathogen",1,"B_genus","Ascomycota","Sordariomycetes","Phyllachorales","Phyllachoraceae"
"Apiospora","Plant_Pathogen",1,"B_genus","Ascomycota","Sordariomycetes","Incertae sedis","Apiosporaceae"
"Apiosporella","Lichen_Parasite",1,"B_genus","Ascomycota","Sordariomycetes","Incertae sedis","Apiosporaceae"
"Apiosporina","Plant_Pathogen",1,"B_genus","Ascomycota","Dothideomycetes","Venturiales","Venturiaceae"
"Apiosporopsis","Plant_Pathogen",1,"B_genus","Ascomycota","Sordariomycetes","Diaporthales","Melanconidaceae"
"Apiotrichum","Human_Pathogen",1,"B_genus","Basidiomycota","Tremellomycetes","Trichosporonales","Trichosporonaceae"
"Aplanocalenia","Lichenized",1,"B_genus","Ascomycota","Lecanoromycetes","Ostropales","Gomphillaceae"
"Aplopsora","Biotrophic_plant_pathogen",1,"B_genus","Basidiomycota","Pucciniomycetes","Pucciniales","Chaconiaceae"
"Aplosporella","Endophyte Plant_Pathogen",2,"B_genus","Ascomycota","Dothideomycetes","Botryosphaeriales","Aplosporellaceae"
"Apoharknessia","Endophyte Plant_Pathogen",2,"B_genus","Ascomycota","Sordariomycetes","Diaporthales","Apoharknessiaceae"
"Apophysomyces","Human_Pathogen",1,"B_genus","Mucoromycota","Mucoromycetes","Mucorales","Saksenaeaceae"
"Aporpium","Saprotroph",1,"B_genus","Basidiomycota","Agaricomycetes","Auriculariales","Incertae sedis"
"Aposphaeria","Plant_Pathogen",1,"B_genus","Ascomycota","Dothideomycetes","Pleosporales","Melanommataceae"
"Appendiculella","Biotrophic_plant_pathogen",1,"B_genus","Ascomycota","Sordariomycetes","Meliolales","Meliolaceae"
"Apseudocercosporella","Necrotrophic_plant_pathogen",1,"B_genus","Ascomycota","Dothideomycetes","Mycosphaerellales","Mycosphaerellaceae"
"Apterivorax","Insect_Pathogen",1,"B_genus","Entomophthoromycota","Entomophthoromycetes","Entomophthorales","Neozygitaceae"
"Aptrootia","Lichenized Saprotroph",2,"B_genus","Ascomycota","Dothideomycetes","Trypetheliales","Trypetheliaceae"
"Aquacidia","Lichenized",1,"B_genus","Ascomycota","Lecanoromycetes","Lecanorales","Byssolomataceae"
"Arachniotus","Dung_Saprotroph Human_Pathogen",2,"B_genus","Ascomycota","Eurotiomycetes","Onygenales","Gymnoascaceae"
"Arachnomyces","Human_Pathogen",1,"B_genus","Ascomycota","Eurotiomycetes","Arachnomycetales","Arachnomycetaceae"
"Arachnospora","Saprotroph",1,"B_genus","Ascomycota","Incertae sedis","Incertae sedis","Incertae sedis"
"Arambarria","Necrotrophic_plant_pathogen",1,"B_genus","Basidiomycota","Agaricomycetes","Hymenochaetales","Hymenochaetaceae"
"Arborillus","Lichen_Parasite",1,"B_genus","Ascomycota","Incertae sedis","Incertae sedis","Incertae sedis"
"Arcangeliella","Ectomycorrhizal",1,"B_genus","Basidiomycota","Agaricomycetes","Russulales","Russulaceae"
"Archaeospora","Arbuscular_Mycorrhizal",1,"B_genus","Glomeromycota","Glomeromycetes","Archaeosporales","Archaeosporaceae"
"Architrypethelium","Lichenized",1,"B_genus","Ascomycota","Dothideomycetes","Trypetheliales","Trypetheliaceae"
"Arctomia","Lichenized",1,"B_genus","Ascomycota","Lecanoromycetes","Arctomiales","Arctomiaceae"
"Arctoparmelia","Lichenized",1,"B_genus","Ascomycota","Lecanoromycetes","Lecanorales","Parmeliaceae"
"Arenariomyces","Saprotroph",1,"B_genus","Ascomycota","Sordariomycetes","Microascales","Halosphaeriaceae"
"Areotheca","Dung_Saprotroph",1,"B_genus","Ascomycota","Sordariomycetes","Sordariales","Naviculisporaceae"
"Arkoola","Plant_Pathogen",1,"B_genus","Ascomycota","Dothideomycetes","Venturiales","Venturiaceae"
"Armillaria","Necrotrophic_plant_pathogen Plant_Pathogen Saprotroph Wood_Saprotroph",4,"B_genus","Basidiomycota","Agaricomycetes","Agaricales","Physalacriaceae"
"Arnium","Dung_Saprotroph",1,"B_genus","Ascomycota","Sordariomycetes","Sordariales","Incertae sedis"
"Aroramyces","Ectomycorrhizal",1,"B_genus","Basidiomycota","Agaricomycetes","Hysterangiales","Hysterangiaceae"
"Arrhenia","Ectomycorrhizal Lichen_Parasite Plant_Pathogen Saprotroph",4,"B_genus","Basidiomycota","Agaricomycetes","Agaricales","Hygrophoraceae"
"Arthonia","Lichen_Parasite Lichenized Plant_Pathogen Saprotroph",4,"B_genus","Ascomycota","Arthoniomycetes","Arthoniales","Arthoniaceae"
"Arthophacopsis","Lichen_Parasite",1,"B_genus","Ascomycota","Arthoniomycetes","Arthoniales","Incertae sedis"
"Arthopyrenia","Lichenized Saprotroph",2,"B_genus","Ascomycota","Dothideomycetes","Trypetheliales","Trypetheliaceae"
"Arthotheliopsis","Lichenized",1,"B_genus","Ascomycota","Lecanoromycetes","Ostropales","Gomphillaceae"
"Arthothelium","Lichenized Saprotroph",2,"B_genus","Ascomycota","Arthoniomycetes","Arthoniales","Arthoniaceae"
"Arthrinium","Endophyte Necrotrophic_plant_pathogen Plant_Pathogen Saprotroph Wood_Saprotroph",5,"B_genus","Ascomycota","Sordariomycetes","Incertae sedis","Apiosporaceae"
"Arthrobotrys","Fungal_Parasite Nematode_Trapping Plant_Pathogen",3,"B_genus","Ascomycota","Orbiliomycetes","Orbiliales","Orbiliaceae"
"Arthroderma","Human_Pathogen",1,"B_genus","Ascomycota","Eurotiomycetes","Onygenales","Arthrodermataceae"
"Arthrographis","Endophyte Human_Pathogen",2,"B_genus","Ascomycota","Dothideomycetes","Incertae sedis","Eremomycetaceae"
"Arthromyces","Saprotroph",1,"B_genus","Basidiomycota","Agaricomycetes","Agaricales","Incertae sedis"
"Arthrophiala","Plant_Pathogen",1,"B_genus","Ascomycota","Eurotiomycetes","Chaetothyriales","Chaetothyriaceae"
"Arthropsis","Human_Pathogen",1,"B_genus","Ascomycota","Eurotiomycetes","Onygenales","Incertae sedis"
"Arthrorhaphis","Lichen_Parasite Lichenized",2,"B_genus","Ascomycota","Lecanoromycetes","Incertae sedis","Arthrorhaphidaceae"
"Arthuriomyces","Biotrophic_plant_pathogen",1,"B_genus","Basidiomycota","Pucciniomycetes","Pucciniales","Phragmidiaceae"
"Artomyces","Wood_Saprotroph",1,"B_genus","Basidiomycota","Agaricomycetes","Russulales","Auriscalpiaceae"
"Arxiella","Necrotrophic_plant_pathogen",1,"B_genus","Ascomycota","Incertae sedis","Incertae sedis","Incertae sedis"
"Asahinea","Lichenized",1,"B_genus","Ascomycota","Lecanoromycetes","Lecanorales","Parmeliaceae"
"Aschersonia","Insect_Pathogen",1,"B_genus","Ascomycota","Sordariomycetes","Hypocreales","Clavicipitaceae"
"Ascobolus","Dung_Saprotroph",1,"B_genus","Ascomycota","Pezizomycetes","Pezizales","Ascobolaceae"
"Ascobotryozyma","Nematode_Symbiont Plant_Pathogen",2,"B_genus","Ascomycota","Saccharomycetes","Saccharomycetales","Incertae sedis"
"Ascocalyx","Plant_Pathogen",1,"B_genus","Ascomycota","Leotiomycetes","Helotiales","Godroniaceae"
"Ascochyta","Fungal_Parasite Lichen_Parasite Necrotrophic_plant_pathogen Plant_Pathogen Saprotroph",5,"B_genus","Ascomycota","Dothideomycetes","Pleosporales","Didymellaceae"
"Ascocodinaea","Fungal_Parasite",1,"B_genus","Ascomycota","Sordariomycetes","Incertae sedis","Incertae sedis"
"Ascodesmis","Dung_Saprotroph Lichen_Parasite",2,"B_genus","Ascomycota","Pezizomycetes","Pezizales","Ascodesmidaceae"
"Ascodichaena","Plant_Pathogen",1,"B_genus","Ascomycota","Leotiomycetes","Rhytismatales","Ascodichaenaceae"
"Ascopolyporus","Insect_Pathogen",1,"B_genus","Ascomycota","Sordariomycetes","Hypocreales","Cordycipitaceae"
"Ascozonus","Dung_Saprotroph",1,"B_genus","Ascomycota","Leotiomycetes","Thelebolales","Thelebolaceae"
"Aspergillus","Cnidaria_Pathogen Endophyte Human_Pathogen Necrotrophic_plant_pathogen Plant_Pathogen Saprotroph Wood_Saprotroph",7,"B_genus","Ascomycota","Eurotiomycetes","Eurotiales","Aspergillaceae"
"Asperisporium","Necrotrophic_plant_pathogen Plant_Pathogen",2,"B_genus","Ascomycota","Dothideomycetes","Mycosphaerellales","Mycosphaerellaceae"
"Aspicilia","Lichenized",1,"B_genus","Ascomycota","Lecanoromycetes","Pertusariales","Megasporaceae"
"Aspiciliella","Lichenized",1,"B_genus","Ascomycota","Lecanoromycetes","Pertusariales","Megasporaceae"
"Aspiciliopsis","Lichenized",1,"B_genus","Ascomycota","Lecanoromycetes","Incertae sedis","Trapeliaceae"
"Aspidella","Ectomycorrhizal",1,"B_genus","Basidiomycota","Agaricomycetes","Agaricales","Amanitaceae"
"Aspidothelium","Lichenized",1,"B_genus","Ascomycota","Lecanoromycetes","Ostropales","Thelenellaceae"
"Aspilidea","Lichenized",1,"B_genus","Ascomycota","Lecanoromycetes","Incertae sedis","Incertae sedis"
"Aspropaxillus","Saprotroph",1,"B_genus","Basidiomycota","Agaricomycetes","Agaricales","Tricholomataceae"
"Asteridiella","Biotrophic_plant_pathogen",1,"B_genus","Ascomycota","Sordariomycetes","Meliolales","Meliolaceae"
"Asterina","Necrotrophic_plant_pathogen Plant_Pathogen",2,"B_genus","Ascomycota","Dothideomycetes","Asterinales","Asterinaceae"
"Asterinema","Plant_Pathogen",1,"B_genus","Ascomycota","Dothideomycetes","Microthyriales","Microthyriaceae"
"Asteristion","Lichenized",1,"B_genus","Ascomycota","Lecanoromycetes","Ostropales","Graphidaceae"
"Asterodon","Wood_Saprotroph",1,"B_genus","Basidiomycota","Agaricomycetes","Hymenochaetales","Hymenochaetaceae"
"Asteroglobulus","Lichen_Parasite",1,"B_genus","Ascomycota","Incertae sedis","Incertae sedis","Incertae sedis"
"Asterolibertia","Plant_Pathogen",1,"B_genus","Ascomycota","Dothideomycetes","Asterinales","Asterinaceae"
"Asteroma","Plant_Pathogen",1,"B_genus","Ascomycota","Sordariomycetes","Diaporthales","Gnomoniaceae"
"Asteromella","Plant_Pathogen",1,"B_genus","Ascomycota","Dothideomycetes","Incertae sedis","Incertae sedis"
"Asteronia","Plant_Pathogen",1,"B_genus","Ascomycota","Dothideomycetes","Microthyriales","Microthyriaceae"
"Asterophoma","Lichen_Parasite",1,"B_genus","Ascomycota","Eurotiomycetes","Mycocaliciales","Mycocaliciaceae"
"Asterophora","Plant_Pathogen",1,"B_genus","Basidiomycota","Agaricomycetes","Agaricales","Lyophyllaceae"
"Asterostomella","Plant_Pathogen",1,"B_genus","Ascomycota","Dothideomycetes","Asterinales","Asterinaceae"
"Asterostomula","Plant_Pathogen",1,"B_genus","Ascomycota","Incertae sedis","Incertae sedis","Incertae sedis"
"Asterostroma","Wood_Saprotroph",1,"B_genus","Basidiomycota","Agaricomycetes","Russulales","Peniophoraceae"
"Asterotexis","Plant_Pathogen",1,"B_genus","Ascomycota","Dothideomycetes","Asterotexales","Asterotexaceae"
"Asterothyrium","Lichenized",1,"B_genus","Ascomycota","Lecanoromycetes","Ostropales","Gomphillaceae"
"Astraeus","Ectomycorrhizal",1,"B_genus","Basidiomycota","Agaricomycetes","Boletales","Diplocystidiaceae"
"Astrochapsa","Lichenized",1,"B_genus","Ascomycota","Lecanoromycetes","Ostropales","Graphidaceae"
"Astrosphaeriella","Plant_Pathogen",1,"B_genus","Ascomycota","Dothideomycetes","Pleosporales","Astrosphaeriellaceae"
"Astrothelium","Lichenized",1,"B_genus","Ascomycota","Dothideomycetes","Trypetheliales","Trypetheliaceae"
"Atelocauda","Biotrophic_plant_pathogen",1,"B_genus","Basidiomycota","Pucciniomycetes","Pucciniales","Pileolariaceae"
"Athallia","Lichen_Parasite Lichenized",2,"B_genus","Ascomycota","Lecanoromycetes","Teloschistales","Teloschistaceae"
"Athelia","Epiphyte Lichen_Parasite Necrotrophic_plant_pathogen Plant_Pathogen Saprotroph Wood_Saprotroph",6,"B_genus","Basidiomycota","Agaricomycetes","Atheliales","Atheliaceae"
"Atheliachaete","Wood_Saprotroph",1,"B_genus","Basidiomycota","Agaricomycetes","Polyporales","Phanerochaetaceae"
"Athelidium","Saprotroph",1,"B_genus","Basidiomycota","Agaricomycetes","Agaricales","Stephanosporaceae"
"Atheloderma","Saprotroph",1,"B_genus","Basidiomycota","Agaricomycetes","Hymenochaetales","Rickenellaceae"
"Athelopsis","Wood_Saprotroph",1,"B_genus","Basidiomycota","Agaricomycetes","Atheliales","Atheliaceae"
"Atheniella","Saprotroph",1,"B_genus","Basidiomycota","Agaricomycetes","Agaricales","Mycenaceae"
"Atkinsonella","Plant_Pathogen",1,"B_genus","Ascomycota","Sordariomycetes","Hypocreales","Clavicipitaceae"
"Atla","Lichenized",1,"B_genus","Ascomycota","Eurotiomycetes","Verrucariales","Verrucariaceae"
"Atopospora","Necrotrophic_plant_pathogen",1,"B_genus","Ascomycota","Dothideomycetes","Venturiales","Venturiaceae"
"Atractosporocybe","Saprotroph Wood_Saprotroph",2,"B_genus","Basidiomycota","Agaricomycetes","Agaricales","Incertae sedis"
"Atradidymella","Necrotrophic_plant_pathogen",1,"B_genus","Ascomycota","Dothideomycetes","Pleosporales","Incertae sedis"
"Atrotorquata","Saprotroph",1,"B_genus","Ascomycota","Sordariomycetes","Xylariales","Cainiaceae"
"Aulaxina","Lichenized",1,"B_genus","Ascomycota","Lecanoromycetes","Ostropales","Gomphillaceae"
"Aulographina","Plant_Pathogen",1,"B_genus","Ascomycota","Dothideomycetes","Asterinales","Asterinaceae"
"Aurantioporthe","Necrotrophic_plant_pathogen",1,"B_genus","Ascomycota","Sordariomycetes","Diaporthales","Cryphonectriaceae"
"Aurantiosacculus","Necrotrophic_plant_pathogen Plant_Pathogen",2,"B_genus","Ascomycota","Sordariomycetes","Diaporthales","Cryphonectriaceae"
"Aurantiosporium","Biotrophic_plant_pathogen",2,"B_genus","Basidiomycota","Microbotryomycetes","Microbotryales","Ustilentylomataceae"
"Aurantiporus","Necrotrophic_plant_pathogen",1,"B_genus","Basidiomycota","Agaricomycetes","Polyporales","Meruliaceae"
"Aurapex","Necrotrophic_plant_pathogen",1,"B_genus","Ascomycota","Sordariomycetes","Diaporthales","Cryphonectriaceae"
"Auratiopycnidiella","Plant_Pathogen",1,"B_genus","Ascomycota","Sordariomycetes","Diaporthales",NA
"Aureobasidium","Endophyte Epiphyte Human_Pathogen Necrotrophic_plant_pathogen Plant_Pathogen Saprotroph",6,"B_genus","Ascomycota","Dothideomycetes","Dothideales","Saccotheciaceae"
"Aureoboletus","Ectomycorrhizal",1,"B_genus","Basidiomycota","Agaricomycetes","Boletales","Boletaceae"
"Auricularia","Saprotroph Wood_Saprotroph",2,"B_genus","Basidiomycota","Agaricomycetes","Auriculariales","Auriculariaceae"
"Aurifilum","Plant_Pathogen",1,"B_genus","Ascomycota","Sordariomycetes","Diaporthales","Cryphonectriaceae"
"Auriporia","Wood_Saprotroph",1,"B_genus","Basidiomycota","Agaricomycetes","Polyporales","Incertae sedis"
"Auriscalpium","Wood_Saprotroph",1,"B_genus","Basidiomycota","Agaricomycetes","Russulales","Auriscalpiaceae"
"Auritella","Ectomycorrhizal",1,"B_genus","Basidiomycota","Agaricomycetes","Agaricales","Inocybaceae"
"Australiaena","Lichenized",1,"B_genus","Ascomycota","Lecanoromycetes","Caliciales","Caliciaceae"
"Australosphaerella","Plant_Pathogen",1,"B_genus","Ascomycota","Dothideomycetes","Mycosphaerellales","Mycosphaerellaceae"
"Australovuilleminia","Wood_Saprotroph",1,"B_genus","Basidiomycota","Agaricomycetes","Corticiales","Vuilleminiaceae"
"Austrella","Lichenized",1,"B_genus","Ascomycota","Lecanoromycetes","Peltigerales","Pannariaceae"
"Austroafricana","Plant_Pathogen",1,"B_genus","Ascomycota","Dothideomycetes","Mycosphaerellales","Teratosphaeriaceae"
"Austroboletus","Ectomycorrhizal",1,"B_genus","Basidiomycota","Agaricomycetes","Boletales","Boletaceae"
"Austrogautieria","Ectomycorrhizal",1,"B_genus","Basidiomycota","Agaricomycetes","Hysterangiales","Gallaceaceae"
"Austrographa","Lichenized",1,"B_genus","Ascomycota","Arthoniomycetes","Arthoniales","Roccellaceae"
"Austrolecia","Lichenized",1,"B_genus","Ascomycota","Lecanoromycetes","Lecanorales","Catillariaceae"
"Austromelanelixia","Lichenized",1,"B_genus","Ascomycota","Lecanoromycetes","Lecanorales","Parmeliaceae"
"Austroparmeliella","Lichenized",1,"B_genus","Ascomycota","Lecanoromycetes","Peltigerales","Pannariaceae"
"Austroparmelina","Lichenized",1,"B_genus","Ascomycota","Lecanoromycetes","Lecanorales","Parmeliaceae"
"Austropaxillus","Ectomycorrhizal",1,"B_genus","Basidiomycota","Agaricomycetes","Boletales","Serpulaceae"
"Austroplaca","Lichenized",1,"B_genus","Ascomycota","Lecanoromycetes","Teloschistales","Teloschistaceae"
"Austropleospora","Necrotrophic_plant_pathogen",1,"B_genus","Ascomycota","Dothideomycetes","Incertae sedis","Incertae sedis"
"Austropuccinia","Biotrophic_plant_pathogen",1,"B_genus","Basidiomycota","Pucciniomycetes","Pucciniales","Sphaerophragmiaceae"
"Austroroccella","Lichenized",1,"B_genus","Ascomycota","Arthoniomycetes","Arthoniales","Roccellaceae"
"Austrotrema","Lichenized",1,"B_genus","Ascomycota","Lecanoromycetes","Ostropales","Graphidaceae"
"Auxarthron","Human_Pathogen",1,"B_genus","Ascomycota","Eurotiomycetes","Onygenales","Onygenaceae"
"Awasthia","Lichenized",1,"B_genus","Ascomycota","Lecanoromycetes","Caliciales","Physciaceae"
"Bachmanniomyces","Lichen_Parasite",1,"B_genus","Ascomycota","Incertae sedis","Incertae sedis","Incertae sedis"
"Bacidia","Lichenized",1,"B_genus","Ascomycota","Lecanoromycetes","Lecanorales","Ramalinaceae"
"Bacidina","Lichenized Saprotroph",2,"B_genus","Ascomycota","Lecanoromycetes","Lecanorales","Ramalinaceae"
"Backusella","Dung_Saprotroph",1,"B_genus","Mucoromycota","Mucoromycetes","Mucorales","Backusellaceae"
"Bactrodesmium","Endophyte Saprotroph",2,"B_genus","Ascomycota","Dothideomycetes","Incertae sedis","Incertae sedis"
"Bactrospora","Lichenized",1,"B_genus","Ascomycota","Arthoniomycetes","Arthoniales","Incertae sedis"
"Baculifera","Lichenized",1,"B_genus","Ascomycota","Lecanoromycetes","Caliciales","Caliciaceae"
"Badimia","Lichenized",1,"B_genus","Ascomycota","Lecanoromycetes","Lecanorales","Ramalinaceae"
"Badimiella","Lichenized",1,"B_genus","Ascomycota","Lecanoromycetes","Lecanorales","Byssolomataceae"
"Baeomyces","Lichenized",1,"B_genus","Ascomycota","Lecanoromycetes","Baeomycetales","Baeomycetaceae"
"Baeospora","Saprotroph",1,"B_genus","Basidiomycota","Agaricomycetes","Agaricales","Incertae sedis"
"Baflavia","Lichenized",1,"B_genus","Ascomycota","Lecanoromycetes","Lecanorales","Byssolomataceae"
"Bagadiella","Necrotrophic_plant_pathogen Plant_Pathogen",2,"B_genus","Ascomycota","Sordariomycetes","Sordariales","Lasiosphaeriaceae"
"Bagcheea","Plant_Pathogen",1,"B_genus","Ascomycota","Sordariomycetes","Diaporthales","Gnomoniaceae"
"Bagliettoa","Lichenized",1,"B_genus","Ascomycota","Eurotiomycetes","Verrucariales","Verrucariaceae"
"Bahusakala","Plant_Pathogen",1,"B_genus","Ascomycota","Dothideomycetes","Incertae sedis","Incertae sedis"
"Balansia","Insect_Pathogen Plant_Pathogen",2,"B_genus","Ascomycota","Sordariomycetes","Hypocreales","Clavicipitaceae"
"Balladyna","Biotrophic_plant_pathogen",2,"B_genus","Ascomycota","Dothideomycetes","Incertae sedis","Balladynaceae"
"Balladynocallia","Plant_Pathogen",1,"B_genus","Ascomycota","Dothideomycetes","Incertae sedis","Parodiopsidaceae"
"Balladynopsis","Plant_Pathogen",1,"B_genus","Ascomycota","Dothideomycetes","Incertae sedis","Parodiopsidaceae"
"Ballocephala","Insect_Pathogen",1,"B_genus","Mucoromycota","Incertae sedis","Incertae sedis","Incertae sedis"
"Balsamia","Ectomycorrhizal",1,"B_genus","Ascomycota","Pezizomycetes","Pezizales","Helvellaceae"
"Baltazaria","Plant_Pathogen",1,"B_genus","Basidiomycota","Agaricomycetes","Russulales","Peniophoraceae"
"Bambusiomyces","Plant_Pathogen",1,"B_genus","Basidiomycota","Ustilaginomycetes","Ustilaginales","Ustilaginaceae"
"Baorangia","Ectomycorrhizal",1,"B_genus","Basidiomycota","Agaricomycetes","Boletales","Boletaceae"
"Bapalmuia","Lichenized",1,"B_genus","Ascomycota","Lecanoromycetes","Lecanorales","Byssolomataceae"
"Barcheria","Saprotroph",1,"B_genus","Basidiomycota","Agaricomycetes","Agaricales","Agaricaceae"
"Barretomyces","Necrotrophic_plant_pathogen",1,"B_genus","Ascomycota","Sordariomycetes","Magnaporthales","Pyriculariaceae"
"Barriopsis","Saprotroph",1,"B_genus","Ascomycota","Dothideomycetes","Botryosphaeriales","Botryosphaeriaceae"
"Bartalinia","Endophyte Necrotrophic_plant_pathogen Saprotroph",3,"B_genus","Ascomycota","Sordariomycetes","Amphisphaeriales","Bartaliniaceae"
"Barubria","Lichenized",1,"B_genus","Ascomycota","Lecanoromycetes","Lecanorales","Byssolomataceae"
"Basidiobolus","Amphibian_Pathogen Amphibian_Symbiont Insect_Pathogen Saprotroph",4,"B_genus","Zygomycota","Incertae sedis","Basidiobolales","Basidiobolaceae"
"Basidiodendron","Saprotroph",1,"B_genus","Basidiomycota","Agaricomycetes","Auriculariales","Incertae sedis"
"Batcheloromyces","Necrotrophic_plant_pathogen Plant_Pathogen",2,"B_genus","Ascomycota","Dothideomycetes","Mycosphaerellales","Teratosphaeriaceae"
"Bathelium","Lichenized",1,"B_genus","Ascomycota","Dothideomycetes","Trypetheliales","Trypetheliaceae"
"Batistinula","Biotrophic_plant_pathogen",1,"B_genus","Ascomycota","Dothideomycetes","Asterinales","Asterinaceae"
"Batistopsora","Biotrophic_plant_pathogen",1,"B_genus","Basidiomycota","Pucciniomycetes","Pucciniales","Phakopsoraceae"
"Batkoa","Insect_Pathogen",1,"B_genus","Entomophthoromycota","Entomophthoromycetes","Entomophthorales","Entomophthoraceae"
"Batrachochytrium","Amphibian_Pathogen",1,"B_genus","Chytridiomycota","Rhizophydiomycetes","Rhizophydiales","Incertae sedis"
"Battarrea","Saprotroph",1,"B_genus","Basidiomycota","Agaricomycetes","Agaricales","Agaricaceae"
"Bauerago","Plant_Pathogen",1,"B_genus","Basidiomycota","Microbotryomycetes","Microbotryales","Microbotryaceae"
"Beauveria","Human_Pathogen Insect_Pathogen",2,"B_genus","Ascomycota","Sordariomycetes","Hypocreales","Cordycipitaceae"
"Beenakia","Wood_Saprotroph",1,"B_genus","Basidiomycota","Agaricomycetes","Gomphales","Clavariadelphaceae"
"Belizeana","Plant_Pathogen Saprotroph",2,"B_genus","Ascomycota","Dothideomycetes","Incertae sedis","Incertae sedis"
"Bellemerea","Lichenized",1,"B_genus","Ascomycota","Lecanoromycetes","Lecideales","Lecideaceae"
"Bellemerella","Lichen_Parasite",1,"B_genus","Ascomycota","Eurotiomycetes","Verrucariales","Verrucariaceae"
"Bellicidia","Lichenized",1,"B_genus","Ascomycota","Lecanoromycetes","Lecanorales","Ramalinaceae"
"Beltrania","Endophyte Necrotrophic_plant_pathogen",2,"B_genus","Ascomycota","Sordariomycetes","Sordariales","Beltraniaceae"
"Beniowskia","Plant_Pathogen",1,"B_genus","Ascomycota","Incertae sedis","Incertae sedis","Incertae sedis"
"Berkelella","Fungal_Parasite",1,"B_genus","Ascomycota","Sordariomycetes","Hypocreales","Clavicipitaceae"
"Berkeleyomyces","Necrotrophic_plant_pathogen",1,"B_genus","Ascomycota","Sordariomycetes","Microascales","Ceratocystidaceae"
"Berkleasmium","Lichen_Parasite Saprotroph",2,"B_genus","Ascomycota","Dothideomycetes","Pleosporales","Incertae sedis"
"Biatora","Lichenized",1,"B_genus","Ascomycota","Lecanoromycetes","Lecanorales","Ramalinaceae"
"Biatorella","Lichenized",1,"B_genus","Ascomycota","Lecanoromycetes","Lecanorales","Biatorellaceae"
"Biatoridium","Lichenized",1,"B_genus","Ascomycota","Incertae sedis","Incertae sedis","Incertae sedis"
"Biatoropsis","Lichen_Parasite",1,"B_genus","Basidiomycota","Tremellomycetes","Tremellales","Incertae sedis"
"Biazrovia","Lichen_Parasite",1,"B_genus","Ascomycota","Lecanoromycetes","Ostropales","Incertae sedis"
"Bibbya","Lichen_Parasite Lichenized",2,"B_genus","Ascomycota","Lecanoromycetes","Lecanorales","Ramalinaceae"
"Bibulocystis","Biotrophic_plant_pathogen",1,"B_genus","Basidiomycota","Pucciniomycetes","Pucciniales","Raveneliaceae"
"Biciliopsis","Lichen_Parasite",1,"B_genus","Ascomycota","Dothideomycetes","Incertae sedis","Incertae sedis"
"Bicoloromyces","Lichen_Parasite",1,"B_genus","Ascomycota","Incertae sedis","Incertae sedis","Incertae sedis"
"Bifusella","Necrotrophic_plant_pathogen Plant_Pathogen",2,"B_genus","Ascomycota","Leotiomycetes","Rhytismatales","Rhytismataceae"
"Bilimbia","Lichenized",1,"B_genus","Ascomycota","Lecanoromycetes","Lecanorales","Ramalinaceae"
"Bionectria","Endophyte Fungal_Parasite Necrotrophic_plant_pathogen Plant_Pathogen Saprotroph",5,"B_genus","Ascomycota","Sordariomycetes","Hypocreales","Bionectriaceae"
"Bipolaris","Endophyte Necrotrophic_plant_pathogen Plant_Pathogen Saprotroph",4,"B_genus","Ascomycota","Dothideomycetes","Pleosporales","Pleosporaceae"
"Biscogniauxia","Plant_Pathogen Saprotroph",2,"B_genus","Ascomycota","Sordariomycetes","Xylariales","Graphostromataceae"
"Bisifusarium","Human_Pathogen Plant_Pathogen",2,"B_genus","Ascomycota","Sordariomycetes","Hypocreales","Nectriaceae"
"Bjerkandera","Necrotrophic_plant_pathogen Wood_Saprotroph",2,"B_genus","Basidiomycota","Agaricomycetes","Polyporales","Phanerochaetaceae"
"Blackwellomyces","Insect_Pathogen",1,"B_genus","Ascomycota","Sordariomycetes","Hypocreales","Cordycipitaceae"
"Blakeslea","Plant_Pathogen",1,"B_genus","Mucoromycota","Mucoromycetes","Mucorales","Choanephoraceae"
"Blasdalea","Plant_Pathogen",1,"B_genus","Ascomycota","Dothideomycetes","Incertae sedis","Vizellaceae"
"Blastacervulus","Necrotrophic_plant_pathogen Plant_Pathogen",2,"B_genus","Ascomycota","Incertae sedis","Incertae sedis","Incertae sedis"
"Blastenia","Lichenized",1,"B_genus","Ascomycota","Lecanoromycetes","Teloschistales","Teloschistaceae"
"Blastobotrys","Human_Pathogen",1,"B_genus","Ascomycota","Saccharomycetes","Saccharomycetales","Trichomonascaceae"
"Blastodesmia","Lichen_Parasite",1,"B_genus","Ascomycota","Eurotiomycetes","Pyrenulales","Pyrenulaceae"
"Blastospora","Biotrophic_plant_pathogen",1,"B_genus","Basidiomycota","Pucciniomycetes","Pucciniales","Mikronegeriaceae"
"Blastosporella","Saprotroph",1,"B_genus","Basidiomycota","Agaricomycetes","Agaricales","Lyophyllaceae"
"Blennothallia","Lichenized",1,"B_genus","Ascomycota","Lecanoromycetes","Peltigerales","Collemataceae"
"Blistum","Saprotroph",1,"B_genus","Ascomycota","Sordariomycetes","Hypocreales","Ophiocordycipitaceae"
"Bloxamia","Necrotrophic_plant_pathogen",1,"B_genus","Ascomycota","Leotiomycetes","Helotiales","Bloxamiaceae"
"Blumenavia","Saprotroph",1,"B_genus","Basidiomycota","Agaricomycetes","Phallales","Phallaceae"
"Blumeria","Biotrophic_plant_pathogen",1,"B_genus","Ascomycota","Leotiomycetes","Helotiales","Erysiphaceae"
"Blumeriella","Plant_Pathogen",1,"B_genus","Ascomycota","Leotiomycetes","Helotiales","Drepanopezizaceae"
"Boeremia","Endophyte Necrotrophic_plant_pathogen Plant_Pathogen Saprotroph",4,"B_genus","Ascomycota","Dothideomycetes","Pleosporales","Didymellaceae"
"Bogbodia","Saprotroph",1,"B_genus","Basidiomycota","Agaricomycetes","Agaricales","Strophariaceae"
"Bogoriella","Lichenized",1,"B_genus","Ascomycota","Dothideomycetes","Trypetheliales","Trypetheliaceae"
"Boidinia","Wood_Saprotroph",1,"B_genus","Basidiomycota","Agaricomycetes","Russulales","Russulaceae"
"Bolbitius","Dung_Saprotroph Saprotroph",2,"B_genus","Basidiomycota","Agaricomycetes","Agaricales","Bolbitiaceae"
"Boletellus","Ectomycorrhizal",1,"B_genus","Basidiomycota","Agaricomycetes","Boletales","Boletaceae"
"Boletinellus","Ectomycorrhizal",1,"B_genus","Basidiomycota","Agaricomycetes","Boletales","Boletinellaceae"
"Boletinus","Ectomycorrhizal",1,"B_genus","Basidiomycota","Agaricomycetes","Boletales","Suillaceae"
"Boletopsis","Ectomycorrhizal",1,"B_genus","Basidiomycota","Agaricomycetes","Thelephorales","Bankeraceae"
"Boletus","Ectomycorrhizal Saprotroph",2,"B_genus","Basidiomycota","Agaricomycetes","Boletales","Boletaceae"
"Bombardioidea","Dung_Saprotroph",1,"B_genus","Ascomycota","Sordariomycetes","Sordariales","Bombardiaceae"
"Bonaria","Plant_Pathogen",1,"B_genus","Ascomycota","Dothideomycetes","Microthyriales","Micropeltidaceae"
"Bondarcevomyces","Wood_Saprotroph",1,"B_genus","Basidiomycota","Agaricomycetes","Boletales","Tapinellaceae"
"Bondarzewia","Plant_Pathogen Saprotroph Wood_Saprotroph",3,"B_genus","Basidiomycota","Agaricomycetes","Russulales","Bondarzewiaceae"
"Boninogaster","Saprotroph",1,"B_genus","Basidiomycota","Agaricomycetes","Geastrales","Incertae sedis"
"Bonomyces","Saprotroph",1,"B_genus","Basidiomycota","Agaricomycetes","Agaricales","Pseudoclitocybaceae"
"Boothiomyces","Saprotroph",1,"B_genus","Chytridiomycota","Rhizophydiomycetes","Rhizophydiales","Terramycetaceae"
"Boreoplaca","Lichenized",1,"B_genus","Ascomycota","Lecanoromycetes","Umbilicariales","Ophioparmaceae"
"Boreostereum","Wood_Saprotroph",1,"B_genus","Basidiomycota","Agaricomycetes","Gloeophyllales","Gloeophyllaceae"
"Borofutus","Ectomycorrhizal",1,"B_genus","Basidiomycota","Agaricomycetes","Boletales","Boletaceae"
"Bothia","Ectomycorrhizal",1,"B_genus","Basidiomycota","Agaricomycetes","Boletales","Boletaceae"
"Botrydiella","Saprotroph",1,"B_genus","Ascomycota","Incertae sedis","Incertae sedis","Incertae sedis"
"Botryobasidium","Saprotroph",1,"B_genus","Basidiomycota","Agaricomycetes","Cantharellales","Botryobasidiaceae"
"Botryodiplodia","Human_Pathogen Plant_Pathogen",2,"B_genus","Ascomycota","Sordariomycetes","Diaporthales","Incertae sedis"
"Botryolepraria","Lichenized",1,"B_genus","Ascomycota","Eurotiomycetes","Verrucariales","Incertae sedis"
"Botryosphaeria","Endophyte Necrotrophic_plant_pathogen Plant_Pathogen Saprotroph",4,"B_genus","Ascomycota","Dothideomycetes","Botryosphaeriales","Botryosphaeriaceae"
"Botryosporium","Plant_Pathogen Saprotroph",2,"B_genus","Ascomycota","Incertae sedis","Incertae sedis","Incertae sedis"
"Botryotinia","Necrotrophic_plant_pathogen Plant_Pathogen",2,"B_genus","Ascomycota","Leotiomycetes","Helotiales","Sclerotiniaceae"
"Botryotrichum","Human_Pathogen",1,"B_genus","Ascomycota","Sordariomycetes","Sordariales","Chaetomiaceae"
"Botryozyma","Nematode_Symbiont Plant_Pathogen",2,"B_genus","Ascomycota","Saccharomycetes","Saccharomycetales","Trigonopsidaceae"
"Botrytis","Fungal_Parasite Necrotrophic_plant_pathogen Plant_Pathogen",3,"B_genus","Ascomycota","Leotiomycetes","Helotiales","Sclerotiniaceae"
"Bovista","Saprotroph",1,"B_genus","Basidiomycota","Agaricomycetes","Agaricales","Lycoperdaceae"
"Brachysporium","Endophyte",1,"B_genus","Ascomycota","Sordariomycetes","Trichosphaeriales","Trichosphaeriaceae"
"Bramhamyces","Plant_Pathogen",1,"B_genus","Ascomycota","Dothideomycetes","Asterinales","Asterinaceae"
"Brasilicia","Lichenized",1,"B_genus","Ascomycota","Lecanoromycetes","Lecanorales","Byssolomataceae"
"Brasiliomyces","Biotrophic_plant_pathogen",1,"B_genus","Ascomycota","Leotiomycetes","Helotiales","Erysiphaceae"
"Bresadolia","Wood_Saprotroph",1,"B_genus","Basidiomycota","Agaricomycetes","Polyporales","Polyporaceae"
"Breviappendix","Plant_Pathogen Saprotroph",2,"B_genus","Ascomycota","Sordariomycetes","Diaporthales","Sydowiellaceae"
"Brevicatenospora","Saprotroph",1,"B_genus","Ascomycota","Dothideomycetes","Incertae sedis","Incertae sedis"
"Brevicellicium","Wood_Saprotroph",1,"B_genus","Basidiomycota","Agaricomycetes","Trechisporales","Hydnodontaceae"
"Brianaria","Lichenized",1,"B_genus","Ascomycota","Lecanoromycetes","Lecanorales","Psoraceae"
"Briancoppinsia","Lichen_Parasite",1,"B_genus","Ascomycota","Arthoniomycetes","Arthoniales","Arthoniaceae"
"Bridgeoporus","Wood_Saprotroph",1,"B_genus","Basidiomycota","Agaricomycetes","Incertae sedis","Incertae sedis"
"Brigantiaea","Lichenized",1,"B_genus","Ascomycota","Lecanoromycetes","Teloschistales","Brigantiaeaceae"
"Briosia","Plant_Pathogen",1,"B_genus","Ascomycota","Incertae sedis","Incertae sedis","Incertae sedis"
"Britzelmayria","Saprotroph",1,"B_genus","Basidiomycota","Agaricomycetes","Agaricales","Psathyrellaceae"
"Brobdingnagia","Plant_Pathogen",1,"B_genus","Ascomycota","Sordariomycetes","Phyllachorales","Phyllachoraceae"
"Brodoa","Lichenized",1,"B_genus","Ascomycota","Lecanoromycetes","Lecanorales","Parmeliaceae"
"Broomella","Necrotrophic_plant_pathogen",1,"B_genus","Ascomycota","Sordariomycetes","Amphisphaeriales","Bartaliniaceae"
"Brownliella","Lichenized",1,"B_genus","Ascomycota","Lecanoromycetes","Teloschistales","Teloschistaceae"
"Brunneochlamydosporium","Endophyte",1,"B_genus","Ascomycota","Sordariomycetes","Glomerellales","Plectosphaerellaceae"
"Brunneocorticium","Wood_Saprotroph",1,"B_genus","Basidiomycota","Agaricomycetes","Agaricales","Marasmiaceae"
"Brunneomyces","Human_Pathogen",1,"B_genus","Ascomycota","Sordariomycetes","Glomerellales","Plectosphaerellaceae"
"Brunneoporus","Wood_Saprotroph",1,"B_genus","Basidiomycota","Agaricomycetes","Polyporales","Fomitopsidaceae"
"Brunneosphaerella","Necrotrophic_plant_pathogen Plant_Pathogen",2,"B_genus","Ascomycota","Dothideomycetes","Mycosphaerellales","Mycosphaerellaceae"
"Bryobilimbia","Lichenized",1,"B_genus","Ascomycota","Lecanoromycetes","Lecideales","Lecideaceae"
"Bryocaulon","Lichenized",1,"B_genus","Ascomycota","Lecanoromycetes","Lecanorales","Parmeliaceae"
"Bryodina","Lichenized",1,"B_genus","Ascomycota","Lecanoromycetes","Lecanorales","Lecanoraceae"
"Bryonora","Lichenized",1,"B_genus","Ascomycota","Lecanoromycetes","Lecanorales","Lecanoraceae"
"Bryoplaca","Lichenized",1,"B_genus","Ascomycota","Lecanoromycetes","Teloschistales","Teloschistaceae"
"Bryorella","Plant_Pathogen Saprotroph",2,"B_genus","Ascomycota","Dothideomycetes","Incertae sedis","Incertae sedis"
"Bryoria","Lichenized",1,"B_genus","Ascomycota","Lecanoromycetes","Lecanorales","Parmeliaceae"
"Bryoscyphus","Lichen_Parasite",1,"B_genus","Ascomycota","Leotiomycetes","Helotiales","Helotiaceae"
"Bryostigma","Lichen_Parasite Lichenized",2,"B_genus","Ascomycota","Arthoniomycetes","Arthoniales","Incertae sedis"
"Buchwaldoboletus","Wood_Saprotroph",1,"B_genus","Basidiomycota","Agaricomycetes","Boletales","Boletaceae"
"Buckleyzyma","Endophyte",1,"B_genus","Basidiomycota","Cystobasidiomycetes","Buckleyzymales","Buckleyzymaceae"
"Budhanggurabania","Plant_Pathogen",1,"B_genus","Ascomycota","Sordariomycetes","Magnaporthales","Magnaporthaceae"
"Buellia","Lichen_Parasite Lichenized",2,"B_genus","Ascomycota","Lecanoromycetes","Caliciales","Caliciaceae"
"Buelliella","Lichen_Parasite",1,"B_genus","Ascomycota","Dothideomycetes","Incertae sedis","Incertae sedis"
"Bulbilla","Lichen_Parasite",1,"B_genus","Basidiomycota","Agaricomycetes","Cantharellales","Incertae sedis"
"Bulbillomyces","Necrotrophic_plant_pathogen Saprotroph",2,"B_genus","Basidiomycota","Agaricomycetes","Polyporales","Incertae sedis"
"Bulbomicroidium","Biotrophic_plant_pathogen",1,"B_genus","Ascomycota","Leotiomycetes","Helotiales","Erysiphaceae"
"Bulbospora","Arbuscular_Mycorrhizal",1,"B_genus","Glomeromycota","Glomeromycetes","Diversisporales","Scutellosporaceae"
"Bulbothrix","Lichenized",1,"B_genus","Ascomycota","Lecanoromycetes","Lecanorales","Parmeliaceae"
"Bulgaria","Plant_Pathogen Saprotroph Wood_Saprotroph",3,"B_genus","Ascomycota","Leotiomycetes","Phacidiales","Phacidiaceae"
"Bullatina","Lichenized",1,"B_genus","Ascomycota","Lecanoromycetes","Ostropales","Gomphillaceae"
"Bunodophoron","Lichenized",1,"B_genus","Ascomycota","Lecanoromycetes","Lecanorales","Sphaerophoraceae"
"Burgella","Lichen_Parasite",1,"B_genus","Basidiomycota","Agaricomycetes","Cantharellales","Hydnaceae"
"Burgellopsis","Lichen_Parasite",1,"B_genus","Basidiomycota","Agaricomycetes","Cantharellales","Hydnaceae"
"Burgoa","Lichen_Parasite Plant_Pathogen",2,"B_genus","Basidiomycota","Agaricomycetes","Cantharellales","Hydnaceae"
"Burrillia","Plant_Pathogen",1,"B_genus","Basidiomycota","Exobasidiomycetes","Doassansiales","Doassansiaceae"
"Butlerelfia","Plant_Pathogen",1,"B_genus","Basidiomycota","Agaricomycetes","Atheliales","Atheliaceae"
"Butleria","Plant_Pathogen",1,"B_genus","Ascomycota","Dothideomycetes","Myriangiales","Elsinoaceae"
"Butyrea","Wood_Saprotroph",1,"B_genus","Basidiomycota","Agaricomycetes","Polyporales","Steccherinaceae"
"Butyriboletus","Ectomycorrhizal",1,"B_genus","Basidiomycota","Agaricomycetes","Boletales","Boletaceae"
"Byssoascus","Ericoid_Mycorrhizal",1,"B_genus","Ascomycota","Leotiomycetes","Helotiales","Myxotrichaceae"
"Byssochlamys","Saprotroph",1,"B_genus","Ascomycota","Eurotiomycetes","Eurotiales","Aspergillaceae"
"Byssocorticium","Ectomycorrhizal Saprotroph",2,"B_genus","Basidiomycota","Agaricomycetes","Atheliales","Atheliaceae"
"Byssolecania","Lichenized",1,"B_genus","Ascomycota","Lecanoromycetes","Lecanorales","Byssolomataceae"
"Byssoloma","Lichenized",1,"B_genus","Ascomycota","Lecanoromycetes","Lecanorales","Byssolomataceae"
"Byssomerulius","Wood_Saprotroph",1,"B_genus","Basidiomycota","Agaricomycetes","Polyporales","Irpicaceae"
"Byssoporia","Ectomycorrhizal",1,"B_genus","Basidiomycota","Agaricomycetes","Russulales","Albatrellaceae"
"Byssosphaeria","Saprotroph",1,"B_genus","Ascomycota","Dothideomycetes","Pleosporales","Melanommataceae"
"Byssothecium","Plant_Pathogen",1,"B_genus","Ascomycota","Dothideomycetes","Pleosporales","Massarinaceae"
"Cabalodontia","Wood_Saprotroph",1,"B_genus","Basidiomycota","Agaricomycetes","Polyporales","Steccherinaceae"
"Cadophora","Endophyte Ericoid_Mycorrhizal Human_Pathogen Necrotrophic_plant_pathogen Plant_Pathogen",5,"B_genus","Ascomycota","Leotiomycetes","Helotiales","Ploettnerulaceae"
"Caeoma","Biotrophic_plant_pathogen",1,"B_genus","Basidiomycota","Pucciniomycetes","Pucciniales","Pucciniaceae"
"Caeruleum","Lichenized",1,"B_genus","Ascomycota","Lecanoromycetes","Acarosporales","Acarosporaceae"
"Caespitotheca","Biotrophic_plant_pathogen",1,"B_genus","Ascomycota","Leotiomycetes","Helotiales","Erysiphaceae"
"Cainiella","Plant_Pathogen Saprotroph",2,"B_genus","Ascomycota","Sordariomycetes","Sordariales","Sordariaceae"
"Calathella","Saprotroph",1,"B_genus","Basidiomycota","Agaricomycetes","Agaricales","Marasmiaceae"
"Calcarisporium","Plant_Pathogen",1,"B_genus","Ascomycota","Sordariomycetes","Hypocreales","Calcarisporiaceae"
"Calcipostia","Wood_Saprotroph",1,"B_genus","Basidiomycota","Agaricomycetes","Polyporales","Incertae sedis"
"Calenia","Lichenized",1,"B_genus","Ascomycota","Lecanoromycetes","Ostropales","Gomphillaceae"
"Caleniopsis","Lichenized",1,"B_genus","Ascomycota","Lecanoromycetes","Ostropales","Gomphillaceae"
"Caliciopsis","Necrotrophic_plant_pathogen",1,"B_genus","Ascomycota","Eurotiomycetes","Coryneliales","Coryneliaceae"
"Calicium","Lichen_Parasite Lichenized Saprotroph",3,"B_genus","Ascomycota","Lecanoromycetes","Caliciales","Caliciaceae"
"Calliderma","Saprotroph",1,"B_genus","Basidiomycota","Agaricomycetes","Agaricales","Entolomataceae"
"Callistosporium","Saprotroph",1,"B_genus","Basidiomycota","Agaricomycetes","Agaricales","Callistosporiaceae"
"Callome","Lichenized",1,"B_genus","Ascomycota","Lecanoromycetes","Peltigerales","Collemataceae"
"Caloboletus","Ectomycorrhizal",1,"B_genus","Basidiomycota","Agaricomycetes","Boletales","Boletaceae"
"Calocera","Wood_Saprotroph",1,"B_genus","Basidiomycota","Dacrymycetes","Dacrymycetales","Dacrymycetaceae"
"Calocybe","Saprotroph",1,"B_genus","Basidiomycota","Agaricomycetes","Agaricales","Lyophyllaceae"
"Calocybella","Saprotroph",1,"B_genus","Basidiomycota","Agaricomycetes","Agaricales","Lyophyllaceae"
"Calogaya","Lichenized",1,"B_genus","Ascomycota","Lecanoromycetes","Teloschistales","Teloschistaceae"
"Calonectria","Endophyte Necrotrophic_plant_pathogen Plant_Pathogen Saprotroph Wood_Saprotroph",5,"B_genus","Ascomycota","Sordariomycetes","Hypocreales","Nectriaceae"
"Calongeomyces","Lichen_Parasite",1,"B_genus","Ascomycota","Incertae sedis","Incertae sedis","Incertae sedis"
"Calopadia","Lichenized",1,"B_genus","Ascomycota","Lecanoromycetes","Lecanorales","Byssolomataceae"
"Calopadiopsis","Lichenized",1,"B_genus","Ascomycota","Lecanoromycetes","Lecanorales","Byssolomataceae"
"Calophoma","Necrotrophic_plant_pathogen Plant_Pathogen",2,"B_genus","Ascomycota","Dothideomycetes","Pleosporales","Didymellaceae"
"Caloplaca","Lichen_Parasite Lichenized",2,"B_genus","Ascomycota","Lecanoromycetes","Teloschistales","Teloschistaceae"
"Caloscypha","Saprotroph",1,"B_genus","Ascomycota","Pezizomycetes","Pezizales","Caloscyphaceae"
"Calosphaeria","Plant_Pathogen",1,"B_genus","Ascomycota","Sordariomycetes","Calosphaeriales","Calosphaeriaceae"
"Calostilbe","Necrotrophic_plant_pathogen Plant_Pathogen",2,"B_genus","Ascomycota","Sordariomycetes","Hypocreales","Nectriaceae"
"Calostilbella","Plant_Pathogen",1,"B_genus","Ascomycota","Sordariomycetes","Hypocreales","Nectriaceae"
"Calostoma","Ectomycorrhizal",1,"B_genus","Basidiomycota","Agaricomycetes","Boletales","Calostomataceae"
"Calotrichopsis","Lichenized",1,"B_genus","Ascomycota","Lichinomycetes","Lichinales","Lichinaceae"
"Calvatia","Saprotroph",1,"B_genus","Basidiomycota","Agaricomycetes","Agaricales","Lycoperdaceae"
"Calvitimela","Lichenized",1,"B_genus","Ascomycota","Lecanoromycetes","Lecanorales","Tephromelataceae"
"Calycidium","Lichenized",1,"B_genus","Ascomycota","Lecanoromycetes","Lecanorales","Sphaerophoraceae"
"Calyptella","Saprotroph",1,"B_genus","Basidiomycota","Agaricomycetes","Agaricales","Incertae sedis"
"Calyptospora","Biotrophic_plant_pathogen",1,"B_genus","Basidiomycota","Pucciniomycetes","Pucciniales","Pucciniastraceae"
"Camarophyllopsis","Saprotroph",1,"B_genus","Basidiomycota","Agaricomycetes","Agaricales","Clavariaceae"
"Camarosporidiella","Necrotrophic_plant_pathogen Plant_Pathogen Saprotroph",3,"B_genus","Ascomycota","Dothideomycetes","Pleosporales","Camarosporidiellaceae"
"Camarosporium","Endophyte Plant_Pathogen Saprotroph",3,"B_genus","Ascomycota","Dothideomycetes","Pleosporales","Camarosporiaceae"
"Camarosporula","Plant_Pathogen",1,"B_genus","Ascomycota","Dothideomycetes","Incertae sedis","Incertae sedis"
"Camarotella","Plant_Pathogen",1,"B_genus","Ascomycota","Sordariomycetes","Phyllachorales","Phyllachoraceae"
"Cameronia","Lichenized",1,"B_genus","Ascomycota","Lecanoromycetes","Baeomycetales","Cameroniaceae"
"Campanella","Saprotroph",1,"B_genus","Basidiomycota","Agaricomycetes","Agaricales","Marasmiaceae"
"Campanophyllum","Saprotroph",1,"B_genus","Basidiomycota","Agaricomycetes","Agaricales","Cyphellaceae"
"Campanulospora","Insect_Pathogen",1,"B_genus","Basidiomycota","Pucciniomycetes","Pucciniales","Phragmidiaceae"
"Campylocarpon","Plant_Pathogen",1,"B_genus","Ascomycota","Sordariomycetes","Hypocreales","Nectriaceae"
"Canalisporium","Saprotroph",1,"B_genus","Ascomycota","Incertae sedis","Incertae sedis","Incertae sedis"
"Canasta","Biotrophic_plant_pathogen",1,"B_genus","Basidiomycota","Pucciniomycetes","Pucciniales","Uropyxidaceae"
"Canavirgella","Plant_Pathogen",1,"B_genus","Ascomycota","Leotiomycetes","Rhytismatales","Rhytismataceae"
"Candelabrochaete","Wood_Saprotroph",1,"B_genus","Basidiomycota","Agaricomycetes","Polyporales","Incertae sedis"
"Candelaria","Lichenized",1,"B_genus","Ascomycota","Candelariomycetes","Candelariales","Candelariaceae"
"Candelariella","Lichen_Parasite Lichenized",2,"B_genus","Ascomycota","Candelariomycetes","Candelariales","Candelariaceae"
"Candelina","Lichenized",1,"B_genus","Ascomycota","Candelariomycetes","Candelariales","Candelariaceae"
"Candelinella","Lichenized",1,"B_genus","Ascomycota","Candelariomycetes","Candelariales","Candelariaceae"
"Candida","Animal_Pathogen Endophyte Epiphyte Human_Pathogen Saprotroph",5,"B_genus","Ascomycota","Saccharomycetes","Saccharomycetales","Incertae sedis"
"Candolleomyces","Saprotroph",1,"B_genus","Basidiomycota","Agaricomycetes","Agaricales","Psathyrellaceae"
"Canoparmelia","Lichenized",1,"B_genus","Ascomycota","Lecanoromycetes","Lecanorales","Parmeliaceae"
"Cantharellopsis","Saprotroph",1,"B_genus","Basidiomycota","Agaricomycetes","Hymenochaetales","Incertae sedis"
"Cantharellula","Ectomycorrhizal Saprotroph",2,"B_genus","Basidiomycota","Agaricomycetes","Agaricales","Hygrophoraceae"
"Cantharellus","Ectomycorrhizal",1,"B_genus","Basidiomycota","Agaricomycetes","Cantharellales","Hydnaceae"
"Cantharocybe","Wood_Saprotroph",1,"B_genus","Basidiomycota","Agaricomycetes","Agaricales","Hygrophoraceae"
"Capillidium","Insect_Pathogen",1,"B_genus","Entomophthoromycota","Entomophthoromycetes","Entomophthorales","Ancylistaceae"
"Capillosclerotium","Plant_Pathogen",1,"B_genus","Basidiomycota","Agaricomycetes","Corticiales","Corticiaceae"
"Capitorostrum","Plant_Pathogen",1,"B_genus","Ascomycota","Incertae sedis","Incertae sedis","Incertae sedis"
"Capnodium","Plant_Pathogen",1,"B_genus","Ascomycota","Dothideomycetes","Capnodiales","Capnodiaceae"
"Caprettia","Lichenized",1,"B_genus","Ascomycota","Dothideomycetes","Monoblastiales","Monoblastiaceae"
"Capronia","Endophyte Human_Pathogen Lichen_Parasite",3,"B_genus","Ascomycota","Eurotiomycetes","Chaetothyriales","Herpotrichiellaceae"
"Carassea","Lichenized",1,"B_genus","Ascomycota","Lecanoromycetes","Lecanorales","Cladoniaceae"
"Carbacanthographis","Lichenized",1,"B_genus","Ascomycota","Lecanoromycetes","Ostropales","Graphidaceae"
"Carbonea","Lichenized",1,"B_genus","Ascomycota","Lecanoromycetes","Lecanorales","Lecanoraceae"
"Carbonicola","Lichenized",1,"B_genus","Ascomycota","Lecanoromycetes","Lecanorales","Carbonicolaceae"
"Carcinomyces","Fungal_Parasite",1,"B_genus","Basidiomycota","Tremellomycetes","Filobasidiales","Filobasidiaceae"
"Carnegieispora","Lichen_Parasite",1,"B_genus","Ascomycota","Incertae sedis","Incertae sedis","Incertae sedis"
"Caryophylloseptoria","Necrotrophic_plant_pathogen Plant_Pathogen",2,"B_genus","Ascomycota","Dothideomycetes","Mycosphaerellales","Mycosphaerellaceae"
"Castanediella","Necrotrophic_plant_pathogen Plant_Pathogen",2,"B_genus","Ascomycota","Sordariomycetes","Xylariales","Castanediellaceae"
"Castellanea","Ectomycorrhizal",1,"B_genus","Basidiomycota","Agaricomycetes","Boletales","Boletaceae"
"Catapyrenium","Lichenized",1,"B_genus","Ascomycota","Eurotiomycetes","Verrucariales","Verrucariaceae"
"Catarrhospora","Lichenized",1,"B_genus","Ascomycota","Lecanoromycetes","Lecideales","Lecideaceae"
"Catathelasma","Ectomycorrhizal",1,"B_genus","Basidiomycota","Agaricomycetes","Agaricales","Biannulariaceae"
"Catatrama","Saprotroph",1,"B_genus","Basidiomycota","Agaricomycetes","Agaricales","Amanitaceae"
"Catenaria","Insect_Pathogen",1,"B_genus","Blastocladiomycota","Blastocladiomycetes","Blastocladiales","Catenariaceae"
"Catenarina","Lichen_Parasite Lichenized",2,"B_genus","Ascomycota","Lecanoromycetes","Teloschistales","Teloschistaceae"
"Catenulocercospora","Necrotrophic_plant_pathogen",1,"B_genus","Ascomycota","Dothideomycetes","Mycosphaerellales","Mycosphaerellaceae"
"Catenulostroma","Human_Pathogen Plant_Pathogen",2,"B_genus","Ascomycota","Dothideomycetes","Mycosphaerellales","Teratosphaeriaceae"
"Catillaria","Lichen_Parasite Lichenized",2,"B_genus","Ascomycota","Lecanoromycetes","Lecanorales","Catillariaceae"
"Catillochroma","Lichenized",1,"B_genus","Ascomycota","Lecanoromycetes","Lecanorales","Ramalinaceae"
"Catinaria","Lichenized",1,"B_genus","Ascomycota","Lecanoromycetes","Lecanorales","Ramalinaceae"
"Catolechia","Lichenized",1,"B_genus","Ascomycota","Lecanoromycetes","Rhizocarpales","Rhizocarpaceae"
"Catunica","Plant_Pathogen",1,"B_genus","Ascomycota","Sordariomycetes","Microascales","Ceratocystidaceae"
"Caudophoma","Plant_Pathogen",1,"B_genus","Ascomycota","Dothideomycetes","Botryosphaeriales","Phyllostictaceae"
"Caudospora","Insect_Pathogen",1,"B_genus","Ascomycota","Sordariomycetes","Diaporthales","Incertae sedis"
"Cecidiomyces","Lichen_Parasite",1,"B_genus","Ascomycota","Incertae sedis","Incertae sedis","Incertae sedis"
"Cecidioskyttea","Lichen_Parasite",1,"B_genus","Ascomycota","Lecanoromycetes","Incertae sedis","Incertae sedis"
"Cecidonia","Lichen_Parasite Lichenized",2,"B_genus","Ascomycota","Lecanoromycetes","Lecideales","Lecideaceae"
"Celerioriella","Plant_Pathogen",1,"B_genus","Ascomycota","Eurotiomycetes","Phaeomoniellales","Celotheliaceae"
"Celidium","Lichen_Parasite",1,"B_genus","Ascomycota","Arthoniomycetes","Arthoniales","Arthoniaceae"
"Cellulariella","Wood_Saprotroph",1,"B_genus","Basidiomycota","Agaricomycetes","Polyporales","Polyporaceae"
"Celoporthe","Necrotrophic_plant_pathogen",1,"B_genus","Ascomycota","Sordariomycetes","Diaporthales","Cryphonectriaceae"
"Celothelium","Lichenized",1,"B_genus","Ascomycota","Eurotiomycetes","Phaeomoniellales","Celotheliaceae"
"Cenangium","Plant_Pathogen Saprotroph",2,"B_genus","Ascomycota","Leotiomycetes","Helotiales","Cenangiaceae"
"Cenococcum","Ectomycorrhizal",1,"B_genus","Ascomycota","Dothideomycetes","Mytilinidiales","Gloniaceae"
"Centrolepidosporium","Plant_Pathogen",1,"B_genus","Basidiomycota","Ustilaginomycetes","Ustilaginales","Ustilaginaceae"
"Centrospora","Plant_Pathogen",1,"B_genus","Ascomycota","Dothideomycetes","Pleosporales","Incertae sedis"
"Cephalosporiopsis","Lichen_Parasite",1,"B_genus","Ascomycota","Sordariomycetes","Hypocreales","Incertae sedis"
"Cephalosporium","Insect_Pathogen",1,"B_genus","Ascomycota","Sordariomycetes","Hypocreales","Incertae sedis"
"Cephalotelium","Biotrophic_plant_pathogen",1,"B_genus","Basidiomycota","Pucciniomycetes","Pucciniales","Raveneliaceae"
"Cephalotheca","Human_Pathogen",1,"B_genus","Ascomycota","Sordariomycetes","Cephalothecales","Cephalothecaceae"
"Cephalotrichum","Necrotrophic_plant_pathogen Plant_Pathogen Wood_Saprotroph",3,"B_genus","Ascomycota","Sordariomycetes","Microascales","Microascaceae"
"Ceraceomyces","Wood_Saprotroph",1,"B_genus","Basidiomycota","Agaricomycetes","Amylocorticiales","Amylocorticiaceae"
"Ceratobasidium","Ectomycorrhizal Endophyte Lichen_Parasite Necrotrophic_plant_pathogen Plant_Pathogen",5,"B_genus","Basidiomycota","Agaricomycetes","Cantharellales","Ceratobasidiaceae"
"Ceratocystiopsis","Endophyte Plant_Pathogen",2,"B_genus","Ascomycota","Sordariomycetes","Ophiostomatales","Ophiostomataceae"
"Ceratocystis","Endophyte Necrotrophic_plant_pathogen Plant_Pathogen Wood_Saprotroph",4,"B_genus","Ascomycota","Sordariomycetes","Microascales","Ceratocystidaceae"
"Ceratopycnidium","Lichenized",1,"B_genus","Ascomycota","Lecanoromycetes","Lecanorales","Byssolomataceae"
"Ceratorhiza","Plant_Pathogen",1,"B_genus","Basidiomycota","Agaricomycetes","Cantharellales","Ceratobasidiaceae"
"Cercidospora","Lichen_Parasite",1,"B_genus","Ascomycota","Dothideomycetes","Incertae sedis","Incertae sedis"
"Cercopemyces","Saprotroph",1,"B_genus","Basidiomycota","Agaricomycetes","Agaricales","Incertae sedis"
"Cercophora","Dung_Saprotroph Endophyte",2,"B_genus","Ascomycota","Sordariomycetes","Sordariales","Neoschizotheciaceae"
"Cercoramularia","Necrotrophic_plant_pathogen",1,"B_genus","Ascomycota","Dothideomycetes","Mycosphaerellales","Mycosphaerellaceae"
"Cercoseptoria","Necrotrophic_plant_pathogen Plant_Pathogen",2,"B_genus","Ascomycota","Dothideomycetes","Mycosphaerellales","Mycosphaerellaceae"
"Cercospora","Endophyte Fungal_Parasite Necrotrophic_plant_pathogen Plant_Pathogen",4,"B_genus","Ascomycota","Dothideomycetes","Mycosphaerellales","Mycosphaerellaceae"
"Cercosporella","Necrotrophic_plant_pathogen Plant_Pathogen",2,"B_genus","Ascomycota","Dothideomycetes","Mycosphaerellales","Mycosphaerellaceae"
"Cercosporidium","Necrotrophic_plant_pathogen Plant_Pathogen",2,"B_genus","Ascomycota","Dothideomycetes","Mycosphaerellales","Mycosphaerellaceae"
"Cercosporina","Necrotrophic_plant_pathogen Plant_Pathogen",2,"B_genus","Ascomycota","Dothideomycetes","Mycosphaerellales","Mycosphaerellaceae"
"Cercostigmina","Necrotrophic_plant_pathogen",1,"B_genus","Ascomycota","Dothideomycetes","Mycosphaerellales","Mycosphaerellaceae"
"Cerioporus","Plant_Pathogen Saprotroph Wood_Saprotroph",3,"B_genus","Basidiomycota","Agaricomycetes","Polyporales","Polyporaceae"
"Ceriospora","Plant_Pathogen",1,"B_genus","Ascomycota","Sordariomycetes","Amphisphaeriales","Amphisphaeriaceae"
"Ceriporia","Wood_Saprotroph",1,"B_genus","Basidiomycota","Agaricomycetes","Polyporales","Irpicaceae"
"Ceriporiopsis","Wood_Saprotroph",1,"B_genus","Basidiomycota","Agaricomycetes","Polyporales","Meruliaceae"
"Ceropsora","Biotrophic_plant_pathogen",1,"B_genus","Basidiomycota","Pucciniomycetes","Pucciniales","Coleosporiaceae"
"Cerotelium","Biotrophic_plant_pathogen",1,"B_genus","Basidiomycota","Pucciniomycetes","Pucciniales","Phakopsoraceae"
"Cerothallia","Lichenized",1,"B_genus","Ascomycota","Lecanoromycetes","Teloschistales","Teloschistaceae"
"Cerrena","Necrotrophic_plant_pathogen Wood_Saprotroph",2,"B_genus","Basidiomycota","Agaricomycetes","Polyporales","Cerrenaceae"
"Cetradonia","Lichenized",1,"B_genus","Ascomycota","Lecanoromycetes","Lecanorales","Cladoniaceae"
"Cetraria","Lichenized",1,"B_genus","Ascomycota","Lecanoromycetes","Lecanorales","Parmeliaceae"
"Cetrariella","Lichenized",1,"B_genus","Ascomycota","Lecanoromycetes","Lecanorales","Parmeliaceae"
"Cetraspora","Arbuscular_Mycorrhizal",1,"B_genus","Glomeromycota","Glomeromycetes","Diversisporales","Gigasporaceae"
"Cetrelia","Lichenized",1,"B_genus","Ascomycota","Lecanoromycetes","Lecanorales","Parmeliaceae"
"Cetreliopsis","Lichenized",1,"B_genus","Ascomycota","Lecanoromycetes","Lecanorales","Parmeliaceae"
"Ceuthospora","Plant_Pathogen",1,"B_genus","Ascomycota","Leotiomycetes","Phacidiales","Phacidiaceae"
"Chaconia","Biotrophic_plant_pathogen",1,"B_genus","Basidiomycota","Pucciniomycetes","Pucciniales","Chaconiaceae"
"Chaenotheca","Lichenized",1,"B_genus","Ascomycota","Coniocybomycetes","Coniocybales","Coniocybaceae"
"Chaenothecopsis","Algae_Parasite Lichen_Parasite Lichenized Saprotroph",4,"B_genus","Ascomycota","Eurotiomycetes","Mycocaliciales","Mycocaliciaceae"
"Chaetasbolisia","Plant_Pathogen",1,"B_genus","Ascomycota","Dothideomycetes","Pleosporales","Didymellaceae"
"Chaetocalathus","Saprotroph",1,"B_genus","Basidiomycota","Agaricomycetes","Agaricales","Marasmiaceae"
"Chaetocapnodium","Plant_Pathogen Saprotroph",2,"B_genus","Ascomycota","Dothideomycetes","Capnodiales","Capnodiaceae"
"Chaetochalara","Plant_Pathogen",1,"B_genus","Ascomycota","Leotiomycetes","Helotiales","Pezizellaceae"
"Chaetodiplodia","Plant_Pathogen",1,"B_genus","Ascomycota","Dothideomycetes","Pleosporales","Didymellaceae"
"Chaetomella","Necrotrophic_plant_pathogen Plant_Pathogen",2,"B_genus","Ascomycota","Leotiomycetes","Chaetomellales","Chaetomellaceae"
"Chaetomium","Dung_Saprotroph Endophyte Epiphyte Insect_Pathogen Necrotrophic_plant_pathogen Wood_Saprotroph",6,"B_genus","Ascomycota","Sordariomycetes","Sordariales","Chaetomiaceae"
"Chaetopsina","Saprotroph",1,"B_genus","Ascomycota","Sordariomycetes","Hypocreales","Nectriaceae"
"Chaetopsinectria","Saprotroph",1,"B_genus","Ascomycota","Sordariomycetes","Hypocreales","Nectriaceae"
"Chaetopyrena","Plant_Pathogen Saprotroph",2,"B_genus","Ascomycota","Dothideomycetes","Pleosporales","Didymellaceae"
"Chaetoseptoria","Necrotrophic_plant_pathogen",1,"B_genus","Ascomycota","Incertae sedis","Incertae sedis","Incertae sedis"
"Chaetospermum","Saprotroph",1,"B_genus","Basidiomycota","Agaricomycetes","Sebacinales","Sebacinaceae"
"Chaetosphaeria","Endophyte Plant_Pathogen Saprotroph Wood_Saprotroph",4,"B_genus","Ascomycota","Sordariomycetes","Chaetosphaeriales","Chaetosphaeriaceae"
"Chaetosphaeronema","Plant_Pathogen",1,"B_genus","Ascomycota","Incertae sedis","Incertae sedis","Incertae sedis"
"Chaetothyrina","Plant_Pathogen",1,"B_genus","Ascomycota","Dothideomycetes","Microthyriales","Micropeltidaceae"
"Chaetothyrium","Plant_Pathogen Saprotroph",2,"B_genus","Ascomycota","Eurotiomycetes","Chaetothyriales","Chaetothyriaceae"
"Chaetotyphula","Saprotroph",1,"B_genus","Basidiomycota","Agaricomycetes","Agaricales","Pterulaceae"
"Chalara","Lichen_Parasite Plant_Pathogen Saprotroph",3,"B_genus","Ascomycota","Leotiomycetes","Helotiales","Pezizellaceae"
"Chalastospora","Plant_Pathogen",1,"B_genus","Ascomycota","Dothideomycetes","Pleosporales","Pleosporaceae"
"Chalciporus","Ectomycorrhizal Plant_Pathogen",2,"B_genus","Basidiomycota","Agaricomycetes","Boletales","Boletaceae"
"Chamaemyces","Saprotroph",1,"B_genus","Basidiomycota","Agaricomycetes","Agaricales","Agaricaceae"
"Chamaeota","Saprotroph",1,"B_genus","Basidiomycota","Agaricomycetes","Agaricales","Pluteaceae"
"Chamonixia","Ectomycorrhizal",1,"B_genus","Basidiomycota","Agaricomycetes","Boletales","Boletaceae"
"Chapsa","Lichenized",1,"B_genus","Ascomycota","Lecanoromycetes","Ostropales","Graphidaceae"
"Charonectria","Lichen_Parasite",1,"B_genus","Ascomycota","Sordariomycetes","Hypocreales","Bionectriaceae"
"Cheilymenia","Dung_Saprotroph Saprotroph",2,"B_genus","Ascomycota","Pezizomycetes","Pezizales","Pyronemataceae"
"Chevalieropsis","Plant_Pathogen",1,"B_genus","Ascomycota","Dothideomycetes","Incertae sedis","Parodiopsidaceae"
"Chiodecton","Lichenized",1,"B_genus","Ascomycota","Arthoniomycetes","Arthoniales","Roccellaceae"
"Chionosphaera","Lichen_Parasite",1,"B_genus","Basidiomycota","Agaricostilbomycetes","Agaricostilbales","Chionosphaeraceae"
"Chiua","Ectomycorrhizal",1,"B_genus","Basidiomycota","Agaricomycetes","Boletales","Boletaceae"
"Chlorangium","Lichenized",1,"B_genus","Ascomycota","Lecanoromycetes","Lecanorales","Lecanoraceae"
"Chloridium","Endophyte Plant_Pathogen",2,"B_genus","Ascomycota","Sordariomycetes","Chaetosphaeriales","Chaetosphaeriaceae"
"Chlorociboria","Wood_Saprotroph",1,"B_genus","Ascomycota","Leotiomycetes","Helotiales","Chlorociboriaceae"
"Chloroepilichen","Lichen_Parasite",1,"B_genus","Ascomycota","Leotiomycetes","Helotiales","Incertae sedis"
"Chlorophyllum","Saprotroph",1,"B_genus","Basidiomycota","Agaricomycetes","Agaricales","Agaricaceae"
"Chloroscypha","Endophyte",1,"B_genus","Ascomycota","Leotiomycetes","Helotiales","Gelatinodiscaceae"
"Choanatiara","Plant_Pathogen",1,"B_genus","Ascomycota","Incertae sedis","Incertae sedis","Incertae sedis"
"Choanephora","Necrotrophic_plant_pathogen",1,"B_genus","Mucoromycota","Mucoromycetes","Mucorales","Choanephoraceae"
"Chondroplea","Plant_Pathogen",1,"B_genus","Ascomycota","Sordariomycetes","Diaporthales","Gnomoniaceae"
"Chondrostereum","Necrotrophic_plant_pathogen",1,"B_genus","Basidiomycota","Agaricomycetes","Agaricales","Cyphellaceae"
"Choreospora","Lichen_Parasite",1,"B_genus","Ascomycota","Incertae sedis","Incertae sedis","Incertae sedis"
"Chromosera","Saprotroph",1,"B_genus","Basidiomycota","Agaricomycetes","Agaricales","Hygrophoraceae"
"Chroodiscus","Lichenized",1,"B_genus","Ascomycota","Lecanoromycetes","Ostropales","Graphidaceae"
"Chroogomphus","Ectomycorrhizal Plant_Pathogen",2,"B_genus","Basidiomycota","Agaricomycetes","Boletales","Gomphidiaceae"
"Chrysocelis","Biotrophic_plant_pathogen",1,"B_genus","Basidiomycota","Pucciniomycetes","Pucciniales","Mikronegeriaceae"
"Chrysocrypta","Necrotrophic_plant_pathogen",1,"B_genus","Ascomycota","Sordariomycetes","Diaporthales","Cryphonectriaceae"
"Chrysofolia","Plant_Pathogen",1,"B_genus","Ascomycota","Sordariomycetes","Diaporthales","Cryphonectriaceae"
"Chrysogloeum","Plant_Pathogen",1,"B_genus","Ascomycota","Dothideomycetes","Incertae sedis","Vizellaceae"
"Chrysomorbus","Necrotrophic_plant_pathogen",1,"B_genus","Ascomycota","Sordariomycetes","Diaporthales","Cryphonectriaceae"
"Chrysomphalina","Saprotroph",1,"B_genus","Basidiomycota","Agaricomycetes","Agaricales","Hygrophoraceae"
"Chrysomyxa","Biotrophic_plant_pathogen",1,"B_genus","Basidiomycota","Pucciniomycetes","Pucciniales","Coleosporiaceae"
"Chrysoporthe","Necrotrophic_plant_pathogen Plant_Pathogen",2,"B_genus","Ascomycota","Sordariomycetes","Diaporthales","Cryphonectriaceae"
"Chrysosporium","Human_Pathogen",1,"B_genus","Ascomycota","Eurotiomycetes","Onygenales","Onygenaceae"
"Chrysothrix","Lichenized",1,"B_genus","Ascomycota","Arthoniomycetes","Arthoniales","Chrysotrichaceae"
"Chuppomyces","Plant_Pathogen",1,"B_genus","Ascomycota","Dothideomycetes","Mycosphaerellales","Mycosphaerellaceae"
"Cibaomyces","Saprotroph",1,"B_genus","Basidiomycota","Agaricomycetes","Agaricales","Physalacriaceae"
"Ciborinia","Plant_Pathogen",1,"B_genus","Ascomycota","Leotiomycetes","Helotiales","Sclerotiniaceae"
"Ciliciopodium","Saprotroph",1,"B_genus","Ascomycota","Sordariomycetes","Hypocreales","Nectriaceae"
"Cinereomyces","Wood_Saprotroph",1,"B_genus","Basidiomycota","Agaricomycetes","Polyporales","Gelatoporiaceae"
"Cintractia","Plant_Pathogen",1,"B_genus","Basidiomycota","Ustilaginomycetes","Ustilaginales","Anthracoideaceae"
"Cintractiella","Plant_Pathogen",1,"B_genus","Basidiomycota","Ustilaginomycetes","Ustilaginales","Cintractiellaceae"
"Circinaria","Lichenized",1,"B_genus","Ascomycota","Lecanoromycetes","Pertusariales","Megasporaceae"
"Cirsosia","Biotrophic_plant_pathogen",2,"B_genus","Ascomycota","Dothideomycetes","Asterinales","Asterinaceae"
"Citeromyces","Human_Pathogen",1,"B_genus","Ascomycota","Saccharomycetes","Saccharomycetales","Saccharomycetaceae"
"Cladia","Lichenized",1,"B_genus","Ascomycota","Lecanoromycetes","Lecanorales","Cladoniaceae"
"Cladidium","Lichenized",1,"B_genus","Ascomycota","Lecanoromycetes","Lecanorales","Lecanoraceae"
"Cladobotryum","Fungal_Parasite",1,"B_genus","Ascomycota","Sordariomycetes","Hypocreales","Hypocreaceae"
"Cladochytrium","Saprotroph",1,"B_genus","Chytridiomycota","Chytridiomycetes","Cladochytriales","Cladochytriaceae"
"Cladonia","Algae_Parasite Lichenized",2,"B_genus","Ascomycota","Lecanoromycetes","Lecanorales","Cladoniaceae"
"Cladoniicola","Lichen_Parasite",1,"B_genus","Ascomycota","Incertae sedis","Incertae sedis","Incertae sedis"
"Cladophialophora","Endophyte Human_Pathogen Lichen_Parasite Necrotrophic_plant_pathogen Plant_Pathogen",5,"B_genus","Ascomycota","Eurotiomycetes","Chaetothyriales","Herpotrichiellaceae"
"Cladosporium","Endophyte Epiphyte Human_Pathogen Lichen_Parasite Necrotrophic_plant_pathogen Plant_Pathogen Saprotroph Wood_Saprotroph",8,"B_genus","Ascomycota","Dothideomycetes","Capnodiales","Cladosporiaceae"
"Clandestinotrema","Lichenized",1,"B_genus","Ascomycota","Lecanoromycetes","Ostropales","Graphidaceae"
"Clarireedia","Plant_Pathogen",1,"B_genus","Ascomycota","Leotiomycetes","Helotiales","Sclerotiniaceae"
"Clarohilum","Necrotrophic_plant_pathogen",1,"B_genus","Ascomycota","Dothideomycetes","Mycosphaerellales","Mycosphaerellaceae"
"Claroideoglomus","Arbuscular_Mycorrhizal",1,"B_genus","Glomeromycota","Glomeromycetes","Glomerales","Claroideoglomeraceae"
"Clasterosporium","Necrotrophic_plant_pathogen",1,"B_genus","Ascomycota","Sordariomycetes","Magnaporthales","Magnaporthaceae"
"Clathroporina","Lichenized",1,"B_genus","Ascomycota","Lecanoromycetes","Ostropales","Porinaceae"
"Clathrospora","Plant_Pathogen Saprotroph",2,"B_genus","Ascomycota","Dothideomycetes","Pleosporales","Diademaceae"
"Clathrus","Saprotroph",1,"B_genus","Basidiomycota","Agaricomycetes","Phallales","Phallaceae"
"Claurouxia","Lichenized",1,"B_genus","Ascomycota","Lecanoromycetes","Lecanorales","Lecanoraceae"
"Clauzadea","Lichenized",1,"B_genus","Ascomycota","Lecanoromycetes","Lecideales","Lecideaceae"
"Clauzadeana","Lichenized",1,"B_genus","Ascomycota","Lecanoromycetes","Lecanorales","Lecanoraceae"
"Clauzadella","Lichen_Parasite",1,"B_genus","Ascomycota","Eurotiomycetes","Verrucariales","Verrucariaceae"
"Clauzadeomyces","Lichen_Parasite",1,"B_genus","Ascomycota","Incertae sedis","Incertae sedis","Incertae sedis"
"Clavaria","Ectomycorrhizal Saprotroph",2,"B_genus","Basidiomycota","Agaricomycetes","Agaricales","Clavariaceae"
"Clavariadelphus","Ectomycorrhizal",1,"B_genus","Basidiomycota","Agaricomycetes","Gomphales","Clavariadelphaceae"
"Clavascidium","Lichenized",1,"B_genus","Ascomycota","Eurotiomycetes","Verrucariales","Verrucariaceae"
"Clavatispora","Saprotroph",1,"B_genus","Ascomycota","Dothideomycetes","Venturiales","Sympoventuriaceae"
"Claviceps","Plant_Pathogen",1,"B_genus","Ascomycota","Sordariomycetes","Hypocreales","Clavicipitaceae"
"Clavicorona","Wood_Saprotroph",1,"B_genus","Basidiomycota","Agaricomycetes","Agaricales","Clavariaceae"
"Claviradulomyces","Plant_Pathogen",1,"B_genus","Ascomycota","Lecanoromycetes","Ostropales","Odontotremataceae"
"Clavispora","Human_Pathogen",1,"B_genus","Ascomycota","Saccharomycetes","Saccharomycetales","Metschnikowiaceae"
"Clavogaster","Saprotroph",1,"B_genus","Basidiomycota","Agaricomycetes","Agaricales","Agaricaceae"
"Clavulicium","Ectomycorrhizal Saprotroph",2,"B_genus","Basidiomycota","Agaricomycetes","Cantharellales","Incertae sedis"
"Clavulina","Ectomycorrhizal Saprotroph",2,"B_genus","Basidiomycota","Agaricomycetes","Cantharellales","Hydnaceae"
"Clavulinopsis","Saprotroph",1,"B_genus","Basidiomycota","Agaricomycetes","Agaricales","Clavariaceae"
"Cleistocybe","Saprotroph",1,"B_genus","Basidiomycota","Agaricomycetes","Agaricales","Pseudoclitocybaceae"
"Cleistosphaera","Plant_Pathogen Saprotroph",2,"B_genus","Ascomycota","Dothideomycetes","Incertae sedis","Cleistosphaeraceae"
"Climacocystis","Wood_Saprotroph",1,"B_genus","Basidiomycota","Agaricomycetes","Polyporales","Incertae sedis"
"Climacodon","Saprotroph Wood_Saprotroph",2,"B_genus","Basidiomycota","Agaricomycetes","Polyporales","Meruliaceae"
"Clinoconidium","Plant_Pathogen",1,"B_genus","Basidiomycota","Exobasidiomycetes","Exobasidiales","Cryptobasidiaceae"
"Clintamra","Plant_Pathogen",1,"B_genus","Basidiomycota","Ustilaginomycetes","Ustilaginales","Clintamraceae"
"Cliostomum","Lichen_Parasite Lichenized",2,"B_genus","Ascomycota","Lecanoromycetes","Lecanorales","Ramalinaceae"
"Clitocella","Saprotroph",1,"B_genus","Basidiomycota","Agaricomycetes","Agaricales","Entolomataceae"
"Clitocybe","Ectomycorrhizal Fungal_Parasite Plant_Pathogen Saprotroph Wood_Saprotroph",5,"B_genus","Basidiomycota","Agaricomycetes","Agaricales","Incertae sedis"
"Clitocybula","Saprotroph",1,"B_genus","Basidiomycota","Agaricomycetes","Agaricales","Incertae sedis"
"Clitolyophyllum","Saprotroph",1,"B_genus","Basidiomycota","Agaricomycetes","Agaricales","Lyophyllaceae"
"Clitopilopsis","Saprotroph",1,"B_genus","Basidiomycota","Agaricomycetes","Agaricales","Entolomataceae"
"Clitopilus","Fungal_Parasite Saprotroph",2,"B_genus","Basidiomycota","Agaricomycetes","Agaricales","Entolomataceae"
"Clonostachys","Endophyte Necrotrophic_plant_pathogen Saprotroph Wood_Saprotroph",4,"B_genus","Ascomycota","Sordariomycetes","Hypocreales","Bionectriaceae"
"Clypeococcum","Lichen_Parasite",1,"B_genus","Ascomycota","Dothideomycetes","Trypetheliales","Polycoccaceae"
"Clypeolella","Plant_Pathogen",1,"B_genus","Ascomycota","Dothideomycetes","Incertae sedis","Englerulaceae"
"Clypeophysalospora","Plant_Pathogen",1,"B_genus","Ascomycota","Sordariomycetes","Xylariales","Clypeophysalosporaceae"
"Clypeoporthe","Necrotrophic_plant_pathogen",1,"B_genus","Ascomycota","Sordariomycetes","Diaporthales","Gnomoniaceae"
"Clypeopycnis","Necrotrophic_plant_pathogen",1,"B_genus","Ascomycota","Incertae sedis","Incertae sedis","Incertae sedis"
"Clypeopyrenis","Lichenized",1,"B_genus","Ascomycota","Eurotiomycetes","Pyrenulales","Pyrenulaceae"
"Clypeosphaerella","Necrotrophic_plant_pathogen Plant_Pathogen",2,"B_genus","Ascomycota","Dothideomycetes","Mycosphaerellales","Mycosphaerellaceae"
"Clypeosphaeria","Plant_Pathogen",1,"B_genus","Ascomycota","Sordariomycetes","Amphisphaeriales","Clypeosphaeriaceae"
"Coccidioides","Human_Pathogen Saprotroph",2,"B_genus","Ascomycota","Eurotiomycetes","Onygenales","Onygenaceae"
"Coccinonectria","Plant_Pathogen",1,"B_genus","Ascomycota","Sordariomycetes","Hypocreales","Nectriaceae"
"Coccocarpia","Lichenized",1,"B_genus","Ascomycota","Lecanoromycetes","Peltigerales","Coccocarpiaceae"
"Coccodiella","Necrotrophic_plant_pathogen",1,"B_genus","Ascomycota","Sordariomycetes","Phyllachorales","Phyllachoraceae"
"Coccodothis","Plant_Pathogen Saprotroph",2,"B_genus","Ascomycota","Dothideomycetes","Asterinales","Parmulariaceae"
"Coccoidella","Plant_Pathogen",1,"B_genus","Ascomycota","Dothideomycetes","Capnodiales","Coccoideaceae"
"Coccomyces","Endophyte Necrotrophic_plant_pathogen Plant_Pathogen Saprotroph",4,"B_genus","Ascomycota","Leotiomycetes","Rhytismatales","Rhytismataceae"
"Coccospora","Insect_Pathogen",1,"B_genus","Ascomycota","Incertae sedis","Incertae sedis","Incertae sedis"
"Coccostromopsis","Plant_Pathogen",1,"B_genus","Ascomycota","Sordariomycetes","Phyllachorales","Phyllachoraceae"
"Coccotrema","Lichenized",1,"B_genus","Ascomycota","Lecanoromycetes","Pertusariales","Coccotremataceae"
"Cochliobolus","Endophyte Necrotrophic_plant_pathogen Plant_Pathogen",3,"B_genus","Ascomycota","Dothideomycetes","Pleosporales","Pleosporaceae"
"Cocoicola","Plant_Pathogen",1,"B_genus","Ascomycota","Sordariomycetes","Phyllachorales","Phaeochoraceae"
"Codinaea","Plant_Pathogen",1,"B_genus","Ascomycota","Sordariomycetes","Chaetosphaeriales","Chaetosphaeriaceae"
"Codonmyces","Lichen_Parasite",1,"B_genus","Ascomycota","Incertae sedis","Incertae sedis","Incertae sedis"
"Coelodictyosporium","Saprotroph",1,"B_genus","Ascomycota","Dothideomycetes","Pleosporales","Lophiostomataceae"
"Coelomomyces","Animal_Pathogen Insect_Pathogen",2,"B_genus","Blastocladiomycota","Blastocladiomycetes","Blastocladiales","Coelomomycetaceae"
"Coelomycidium","Insect_Pathogen",1,"B_genus","Blastocladiomycota","Blastocladiomycetes","Blastocladiales","Incertae sedis"
"Coelopogon","Lichenized",1,"B_genus","Ascomycota","Lecanoromycetes","Lecanorales","Parmeliaceae"
"Coemansia","Saprotroph",1,"B_genus","Mucoromycota","Kickxellomycetes","Kickxellales","Kickxellaceae"
"Coenogonium","Lichenized",1,"B_genus","Ascomycota","Lecanoromycetes","Ostropales","Coenogoniaceae"
"Cokeromyces","Human_Pathogen",1,"B_genus","Mucoromycota","Mucoromycetes","Mucorales","Mycotyphaceae"
"Colacogloea","Fungal_Parasite",1,"B_genus","Basidiomycota","Microbotryomycetes","Incertae sedis","Colacogloeaceae"
"Coleophoma","Necrotrophic_plant_pathogen Plant_Pathogen",2,"B_genus","Ascomycota","Leotiomycetes","Helotiales","Dermateaceae"
"Coleopuccinia","Biotrophic_plant_pathogen",1,"B_genus","Basidiomycota","Pucciniomycetes","Pucciniales","Incertae sedis"
"Coleosporium","Biotrophic_plant_pathogen",1,"B_genus","Basidiomycota","Pucciniomycetes","Pucciniales","Coleosporiaceae"
"Coleroa","Plant_Pathogen",1,"B_genus","Ascomycota","Dothideomycetes","Venturiales","Venturiaceae"
"Collariella","Endophyte",1,"B_genus","Ascomycota","Sordariomycetes","Sordariales","Chaetomiaceae"
"Collarispora","Plant_Pathogen",1,"B_genus","Ascomycota","Dothideomycetes","Mycosphaerellales","Mycosphaerellaceae"
"Collema","Lichenized",1,"B_genus","Ascomycota","Lecanoromycetes","Peltigerales","Collemataceae"
"Collemopsidium","Algae_Parasite Lichen_Parasite Lichenized",3,"B_genus","Ascomycota","Dothideomycetes","Collemopsidiales","Xanthopyreniaceae"
"Colletotrichum","Endophyte Necrotrophic_plant_pathogen Plant_Pathogen Saprotroph",4,"B_genus","Ascomycota","Sordariomycetes","Glomerellales","Glomerellaceae"
"Collophorina","Plant_Pathogen",1,"B_genus","Ascomycota","Leotiomycetes","Leotiales","Tympanidaceae"
"Collybia","Fungal_Parasite Plant_Pathogen Saprotroph Wood_Saprotroph",4,"B_genus","Basidiomycota","Agaricomycetes","Agaricales","Incertae sedis"
"Collybiopsis","Plant_Pathogen Saprotroph",2,"B_genus","Basidiomycota","Agaricomycetes","Agaricales","Marasmiaceae"
"Coltricia","Ectomycorrhizal Necrotrophic_plant_pathogen Wood_Saprotroph",3,"B_genus","Basidiomycota","Agaricomycetes","Hymenochaetales","Hymenochaetaceae"
"Coltriciella","Ectomycorrhizal",1,"B_genus","Basidiomycota","Agaricomycetes","Hymenochaetales","Hymenochaetaceae"
"Columnosphaeria","Saprotroph",1,"B_genus","Ascomycota","Dothideomycetes","Botryosphaeriales","Phyllostictaceae"
"Coma","Plant_Pathogen",1,"B_genus","Ascomycota","Leotiomycetes","Phacidiales","Incertae sedis"
"Combea","Lichenized",1,"B_genus","Ascomycota","Arthoniomycetes","Arthoniales","Opegraphaceae"
"Commelinaceomyces","Plant_Pathogen",1,"B_genus","Ascomycota","Sordariomycetes","Hypocreales","Clavicipitaceae"
"Comminutispora","Plant_Pathogen",1,"B_genus","Ascomycota","Dothideomycetes","Comminutisporales","Comminutisporaceae"
"Comoclathris","Plant_Pathogen Saprotroph",2,"B_genus","Ascomycota","Dothideomycetes","Pleosporales","Diademaceae"
"Completoria","Insect_Pathogen",1,"B_genus","Entomophthoromycota","Entomophthoromycetes","Entomophthorales","Completoriaceae"
"Conchomyces","Saprotroph",1,"B_genus","Basidiomycota","Agaricomycetes","Agaricales","Incertae sedis"
"Conferticium","Wood_Saprotroph",1,"B_genus","Basidiomycota","Agaricomycetes","Russulales","Stereaceae"
"Coniambigua","Lichen_Parasite",1,"B_genus","Ascomycota","Incertae sedis","Incertae sedis","Incertae sedis"
"Coniarthonia","Lichenized",1,"B_genus","Ascomycota","Arthoniomycetes","Arthoniales","Arthoniaceae"
"Conicomyces","Saprotroph",1,"B_genus","Ascomycota","Incertae sedis","Incertae sedis","Incertae sedis"
"Conidiobolus","Animal_Pathogen Insect_Pathogen Saprotroph",3,"B_genus","Entomophthoromycota","Entomophthoromycetes","Entomophthorales","Ancylistaceae"
"Conidiocarpus","Saprotroph",1,"B_genus","Ascomycota","Eurotiomycetes","Chaetothyriales","Trichomeriaceae"
"Conidiosporomyces","Biotrophic_plant_pathogen",2,"B_genus","Basidiomycota","Exobasidiomycetes","Tilletiales","Tilletiaceae"
"Coniella","Endophyte Necrotrophic_plant_pathogen Plant_Pathogen Saprotroph",4,"B_genus","Ascomycota","Sordariomycetes","Diaporthales","Schizoparmaceae"
"Coniferiporia","Plant_Pathogen Wood_Saprotroph",2,"B_genus","Basidiomycota","Agaricomycetes","Hymenochaetales","Hymenochaetaceae"
"Coniocarpon","Lichenized",1,"B_genus","Ascomycota","Arthoniomycetes","Arthoniales","Arthoniaceae"
"Coniochaeta","Dung_Saprotroph Endophyte Human_Pathogen Lichen_Parasite Plant_Pathogen",5,"B_genus","Ascomycota","Sordariomycetes","Coniochaetales","Coniochaetaceae"
"Coniolepiota","Saprotroph",1,"B_genus","Basidiomycota","Agaricomycetes","Agaricales","Agaricaceae"
"Coniophora","Wood_Saprotroph",1,"B_genus","Basidiomycota","Agaricomycetes","Boletales","Coniophoraceae"
"Conioscypha","Saprotroph",1,"B_genus","Ascomycota","Sordariomycetes","Conioscyphales","Conioscyphaceae"
"Coniosporium","Plant_Pathogen Saprotroph",2,"B_genus","Ascomycota","Dothideomycetes","Coniosporiales","Coniosporiaceae"
"Coniothyrium","Endophyte Necrotrophic_plant_pathogen Plant_Pathogen",3,"B_genus","Ascomycota","Dothideomycetes","Pleosporales","Coniothyriaceae"
"Coniozyma","Endophyte Necrotrophic_plant_pathogen",2,"B_genus","Ascomycota","Incertae sedis","Incertae sedis","Incertae sedis"
"Connopus","Saprotroph",1,"B_genus","Basidiomycota","Agaricomycetes","Agaricales","Omphalotaceae"
"Conocybe","Dung_Saprotroph Saprotroph",2,"B_genus","Basidiomycota","Agaricomycetes","Agaricales","Bolbitiaceae"
"Conoideocrella","Insect_Pathogen",1,"B_genus","Ascomycota","Sordariomycetes","Hypocreales","Clavicipitaceae"
"Conoplea","Plant_Pathogen Wood_Saprotroph",2,"B_genus","Ascomycota","Pezizomycetes","Pezizales","Sarcosomataceae"
"Constrictolumina","Lichenized",1,"B_genus","Ascomycota","Dothideomycetes","Trypetheliales","Trypetheliaceae"
"Cophinforma","Necrotrophic_plant_pathogen Plant_Pathogen",2,"B_genus","Ascomycota","Dothideomycetes","Botryosphaeriales","Botryosphaeriaceae"
"Coppinsia","Lichenized",1,"B_genus","Ascomycota","Lecanoromycetes","Incertae sedis","Trapeliaceae"
"Coppinsiella","Lichenized",1,"B_genus","Ascomycota","Lecanoromycetes","Teloschistales","Teloschistaceae"
"Coprinellus","Dung_Saprotroph Saprotroph Wood_Saprotroph",3,"B_genus","Basidiomycota","Agaricomycetes","Agaricales","Psathyrellaceae"
"Coprinopsis","Dung_Saprotroph Plant_Pathogen Saprotroph Wood_Saprotroph",4,"B_genus","Basidiomycota","Agaricomycetes","Agaricales","Psathyrellaceae"
"Coprinus","Dung_Saprotroph Saprotroph",2,"B_genus","Basidiomycota","Agaricomycetes","Agaricales","Agaricaceae"
"Coprotus","Dung_Saprotroph",1,"B_genus","Ascomycota","Pezizomycetes","Pezizales","Incertae sedis"
"Corallomycetella","Necrotrophic_plant_pathogen Plant_Pathogen Saprotroph",3,"B_genus","Ascomycota","Sordariomycetes","Hypocreales","Nectriaceae"
"Cordana","Endophyte",1,"B_genus","Ascomycota","Sordariomycetes","Cordanales","Cordanaceae"
"Corditubera","Ectomycorrhizal",1,"B_genus","Basidiomycota","Agaricomycetes","Boletales","Incertae sedis"
"Cordyceps","Insect_Pathogen",1,"B_genus","Ascomycota","Sordariomycetes","Hypocreales","Cordycipitaceae"
"Coremiopassalora","Necrotrophic_plant_pathogen",1,"B_genus","Ascomycota","Dothideomycetes","Mycosphaerellales","Mycosphaerellaceae"
"Corinectria","Necrotrophic_plant_pathogen Plant_Pathogen",2,"B_genus","Ascomycota","Sordariomycetes","Hypocreales","Nectriaceae"
"Coriolopsis","Wood_Saprotroph",1,"B_genus","Basidiomycota","Agaricomycetes","Polyporales","Polyporaceae"
"Corneriella","Saprotroph",1,"B_genus","Basidiomycota","Agaricomycetes","Agaricales","Tricholomataceae"
"Cornicularia","Lichenized",1,"B_genus","Ascomycota","Lecanoromycetes","Lecanorales","Parmeliaceae"
"Corniculariella","Plant_Pathogen Saprotroph",2,"B_genus","Ascomycota","Leotiomycetes","Helotiales","Dermateaceae"
"Corollospora","Endophyte Saprotroph",2,"B_genus","Ascomycota","Sordariomycetes","Microascales","Halosphaeriaceae"
"Coronicium","Wood_Saprotroph",1,"B_genus","Basidiomycota","Agaricomycetes","Agaricales","Pterulaceae"
"Coronoplectrum","Lichenized",1,"B_genus","Ascomycota","Lecanoromycetes","Lecanorales","Incertae sedis"
"Corticifraga","Lichen_Parasite",1,"B_genus","Ascomycota","Lecanoromycetes","Ostropales","Gomphillaceae"
"Corticimorbus","Necrotrophic_plant_pathogen",1,"B_genus","Ascomycota","Sordariomycetes","Diaporthales","Cryphonectriaceae"
"Corticiruptor","Lichen_Parasite",1,"B_genus","Ascomycota","Lecanoromycetes","Incertae sedis","Incertae sedis"
"Corticium","Necrotrophic_plant_pathogen Plant_Pathogen Wood_Saprotroph",3,"B_genus","Basidiomycota","Agaricomycetes","Corticiales","Corticiaceae"
"Cortinarius","Ectomycorrhizal Saprotroph",2,"B_genus","Basidiomycota","Agaricomycetes","Agaricales","Cortinariaceae"
"Corymbiglomus","Arbuscular_Mycorrhizal",1,"B_genus","Glomeromycota","Glomeromycetes","Diversisporales","Diversisporaceae"
"Corynascus","Wood_Saprotroph",1,"B_genus","Ascomycota","Sordariomycetes","Sordariales","Chaetomiaceae"
"Corynelia","Necrotrophic_plant_pathogen Plant_Pathogen",2,"B_genus","Ascomycota","Eurotiomycetes","Coryneliales","Coryneliaceae"
"Coryneopsis","Plant_Pathogen",1,"B_genus","Ascomycota","Sordariomycetes","Amphisphaeriales","Sporocadaceae"
"Corynespora","Endophyte Lichen_Parasite Necrotrophic_plant_pathogen Plant_Pathogen Saprotroph",5,"B_genus","Ascomycota","Dothideomycetes","Pleosporales","Corynesporascaceae"
"Coryneum","Plant_Pathogen Saprotroph",2,"B_genus","Ascomycota","Sordariomycetes","Diaporthales","Coryneaceae"
"Cosmospora","Fungal_Parasite Insect_Pathogen",2,"B_genus","Ascomycota","Sordariomycetes","Hypocreales","Nectriaceae"
"Costatisporus","Ectomycorrhizal",1,"B_genus","Basidiomycota","Agaricomycetes","Boletales","Boletaceae"
"Crassisporium","Saprotroph",1,"B_genus","Basidiomycota","Agaricomycetes","Agaricales","Crassisporiaceae"
"Craterellus","Ectomycorrhizal",1,"B_genus","Basidiomycota","Agaricomycetes","Cantharellales","Hydnaceae"
"Cratiria","Lichenized",1,"B_genus","Ascomycota","Lecanoromycetes","Caliciales","Caliciaceae"
"Creographa","Lichenized",1,"B_genus","Ascomycota","Lecanoromycetes","Ostropales","Graphidaceae"
"Creonectria","Endophyte",1,"B_genus","Ascomycota","Sordariomycetes","Hypocreales","Nectriaceae"
"Creosphaeria","Endophyte",1,"B_genus","Ascomycota","Sordariomycetes","Xylariales","Lopadostomataceae"
"Crepidotus","Saprotroph",1,"B_genus","Basidiomycota","Agaricomycetes","Agaricales","Crepidotaceae"
"Crespoa","Lichenized",1,"B_genus","Ascomycota","Lecanoromycetes","Lecanorales","Parmeliaceae"
"Cresponea","Lichen_Parasite Lichenized",2,"B_genus","Ascomycota","Arthoniomycetes","Arthoniales","Opegraphaceae"
"Crinipellis","Saprotroph",1,"B_genus","Basidiomycota","Agaricomycetes","Agaricales","Marasmiaceae"
"Cristinia","Saprotroph",1,"B_genus","Basidiomycota","Agaricomycetes","Agaricales","Stephanosporaceae"
"Cristulariella","Plant_Pathogen",1,"B_genus","Ascomycota","Leotiomycetes","Helotiales","Sclerotiniaceae"
"Crittendenia","Lichen_Parasite",1,"B_genus","Basidiomycota","Agaricostilbomycetes","Incertae sedis","Incertae sedis"
"Crocinoboletus","Ectomycorrhizal",1,"B_genus","Basidiomycota","Agaricomycetes","Boletales","Boletaceae"
"Crocodia","Lichenized",1,"B_genus","Ascomycota","Lecanoromycetes","Peltigerales","Lobariaceae"
"Crocynia","Lichenized",1,"B_genus","Ascomycota","Lecanoromycetes","Lecanorales","Ramalinaceae"
"Cronartium","Biotrophic_plant_pathogen",1,"B_genus","Basidiomycota","Pucciniomycetes","Pucciniales","Cronartiaceae"
"Crossopsora","Biotrophic_plant_pathogen",1,"B_genus","Basidiomycota","Pucciniomycetes","Pucciniales","Phakopsoraceae"
"Crucibulum","Dung_Saprotroph Saprotroph",2,"B_genus","Basidiomycota","Agaricomycetes","Agaricales","Incertae sedis"
"Crucispora","Dung_Saprotroph",1,"B_genus","Basidiomycota","Agaricomycetes","Agaricales","Agaricaceae"
"Cruentomycena","Saprotroph",1,"B_genus","Basidiomycota","Agaricomycetes","Agaricales","Mycenaceae"
"Cruentotrema","Lichenized",1,"B_genus","Ascomycota","Lecanoromycetes","Ostropales","Graphidaceae"
"Crumenulopsis","Plant_Pathogen",1,"B_genus","Ascomycota","Leotiomycetes","Helotiales","Cenangiaceae"
"Crustoderma","Wood_Saprotroph",1,"B_genus","Basidiomycota","Agaricomycetes","Polyporales","Sparassidaceae"
"Crustodontia","Wood_Saprotroph",1,"B_genus","Basidiomycota","Agaricomycetes","Polyporales","Meruliaceae"
"Crustospathula","Lichenized",1,"B_genus","Ascomycota","Lecanoromycetes","Lecanorales","Ramalinaceae"
"Crutarndina","Lichenized",1,"B_genus","Ascomycota","Lecanoromycetes","Ostropales","Graphidaceae"
"Cryphonectria","Necrotrophic_plant_pathogen Plant_Pathogen",2,"B_genus","Ascomycota","Sordariomycetes","Diaporthales","Cryphonectriaceae"
"Crypthonia","Lichenized",1,"B_genus","Ascomycota","Arthoniomycetes","Arthoniales","Arthoniaceae"
"Cryptocline","Plant_Pathogen",1,"B_genus","Ascomycota","Leotiomycetes","Helotiales","Incertae sedis"
"Cryptococcus","Human_Pathogen Plant_Pathogen",2,"B_genus","Basidiomycota","Tremellomycetes","Tremellales","Cryptococcaceae"
"Cryptodiaporthe","Plant_Pathogen",1,"B_genus","Ascomycota","Sordariomycetes","Diaporthales","Gnomoniaceae"
"Cryptodiscus","Lichen_Parasite Lichenized",2,"B_genus","Ascomycota","Lecanoromycetes","Ostropales","Stictidaceae"
"Cryptolechia","Lichenized",1,"B_genus","Ascomycota","Lecanoromycetes","Gyalectales","Gyalectaceae"
"Cryptomarasmius","Saprotroph",1,"B_genus","Basidiomycota","Agaricomycetes","Agaricales","Physalacriaceae"
"Cryptomeliola","Biotrophic_plant_pathogen",1,"B_genus","Ascomycota","Sordariomycetes","Meliolales","Meliolaceae"
"Cryptometrion","Plant_Pathogen",1,"B_genus","Ascomycota","Sordariomycetes","Diaporthales","Cryphonectriaceae"
"Cryptomyces","Plant_Pathogen",1,"B_genus","Ascomycota","Leotiomycetes","Rhytismatales","Rhytismataceae"
"Cryptoporus","Wood_Saprotroph",1,"B_genus","Basidiomycota","Agaricomycetes","Polyporales","Polyporaceae"
"Cryptoschizotrema","Lichenized",1,"B_genus","Ascomycota","Lecanoromycetes","Ostropales","Graphidaceae"
"Cryptosphaeria","Necrotrophic_plant_pathogen",1,"B_genus","Ascomycota","Sordariomycetes","Xylariales","Diatrypaceae"
"Cryptosporella","Necrotrophic_plant_pathogen Plant_Pathogen",2,"B_genus","Ascomycota","Sordariomycetes","Diaporthales","Gnomoniaceae"
"Cryptosporiopsis","Necrotrophic_plant_pathogen Plant_Pathogen Saprotroph",3,"B_genus","Ascomycota","Leotiomycetes","Helotiales","Dermateaceae"
"Cryptosporium","Plant_Pathogen",1,"B_genus","Ascomycota","Incertae sedis","Incertae sedis","Incertae sedis"
"Cryptostroma","Plant_Pathogen",1,"B_genus","Ascomycota","Incertae sedis","Incertae sedis","Incertae sedis"
"Cryptothecia","Lichenized",1,"B_genus","Ascomycota","Arthoniomycetes","Arthoniales","Arthoniaceae"
"Cryptothele","Lichenized",1,"B_genus","Ascomycota","Lichinomycetes","Lichinales","Lichinaceae"
"Cryptovalsa","Plant_Pathogen",1,"B_genus","Ascomycota","Sordariomycetes","Xylariales","Diatrypaceae"
"Crystallicutis","Wood_Saprotroph",1,"B_genus","Basidiomycota","Agaricomycetes","Polyporales","Irpicaceae"
"Cucurbitaria","Necrotrophic_plant_pathogen Plant_Pathogen",2,"B_genus","Ascomycota","Dothideomycetes","Pleosporales","Cucurbitariaceae"
"Cudoniella","Saprotroph",1,"B_genus","Ascomycota","Leotiomycetes","Helotiales","Tricladiaceae"
"Cupreoboletus","Ectomycorrhizal",1,"B_genus","Basidiomycota","Agaricomycetes","Boletales","Boletaceae"
"Curvularia","Endophyte Human_Pathogen Necrotrophic_plant_pathogen Plant_Pathogen Saprotroph",5,"B_genus","Ascomycota","Dothideomycetes","Pleosporales","Pleosporaceae"
"Cutaneotrichosporon","Human_Pathogen",1,"B_genus","Basidiomycota","Tremellomycetes","Trichosporonales","Trichosporonaceae"
"Cyanisticta","Lichenized",1,"B_genus","Ascomycota","Lecanoromycetes","Peltigerales","Lobariaceae"
"Cyanoboletus","Ectomycorrhizal",1,"B_genus","Basidiomycota","Agaricomycetes","Boletales","Boletaceae"
"Cyanodermella","Plant_Pathogen",1,"B_genus","Ascomycota","Lecanoromycetes","Ostropales","Stictidaceae"
"Cyanopyrenia","Lichenized",1,"B_genus","Ascomycota","Incertae sedis","Incertae sedis","Incertae sedis"
"Cyanosporus","Wood_Saprotroph",1,"B_genus","Basidiomycota","Agaricomycetes","Polyporales","Polyporaceae"
"Cyanotrama","Wood_Saprotroph",1,"B_genus","Basidiomycota","Agaricomycetes","Hymenochaetales","Incertae sedis"
"Cyathus","Saprotroph",1,"B_genus","Basidiomycota","Agaricomycetes","Agaricales","Incertae sedis"
"Cyberlindnera","Human_Pathogen",1,"B_genus","Ascomycota","Saccharomycetes","Saccharomycetales","Incertae sedis"
"Cyclaneusma","Endophyte Plant_Pathogen",2,"B_genus","Ascomycota","Leotiomycetes","Chaetomellales","Marthamycetaceae"
"Cyclocybe","Saprotroph Wood_Saprotroph",2,"B_genus","Basidiomycota","Agaricomycetes","Agaricales","Tubariaceae"
"Cycloderma","Saprotroph",1,"B_genus","Basidiomycota","Agaricomycetes","Geastrales","Geastraceae"
"Cylindrobasidium","Wood_Saprotroph",1,"B_genus","Basidiomycota","Agaricomycetes","Agaricales","Physalacriaceae"
"Cylindrocarpon","Necrotrophic_plant_pathogen Plant_Pathogen Saprotroph Wood_Saprotroph",4,"B_genus","Ascomycota","Sordariomycetes","Hypocreales","Nectriaceae"
"Cylindrocladiella","Necrotrophic_plant_pathogen Plant_Pathogen",2,"B_genus","Ascomycota","Sordariomycetes","Hypocreales","Nectriaceae"
"Cylindrocladiopsis","Necrotrophic_plant_pathogen",1,"B_genus","Ascomycota","Sordariomycetes","Hypocreales","Nectriaceae"
"Cylindrocladium","Necrotrophic_plant_pathogen Plant_Pathogen",2,"B_genus","Ascomycota","Sordariomycetes","Hypocreales","Nectriaceae"
"Cylindrodendrum","Plant_Pathogen Saprotroph",2,"B_genus","Ascomycota","Sordariomycetes","Hypocreales","Nectriaceae"
"Cylindrosporium","Necrotrophic_plant_pathogen Plant_Pathogen",2,"B_genus","Ascomycota","Leotiomycetes","Helotiales","Ploettnerulaceae"
"Cylindrosporus","Wood_Saprotroph",1,"B_genus","Basidiomycota","Agaricomycetes","Hymenochaetales","Hymenochaetaceae"
"Cylindrosympodioides","Necrotrophic_plant_pathogen",1,"B_genus","Ascomycota","Dothideomycetes","Venturiales","Venturiaceae"
"Cylindrosympodium","Endophyte",1,"B_genus","Ascomycota","Dothideomycetes","Venturiales","Cylindrosympodiaceae"
"Cylindrotrichum","Endophyte Saprotroph",2,"B_genus","Ascomycota","Sordariomycetes","Chaetosphaeriales","Chaetosphaeriaceae"
"Cymatoderma","Wood_Saprotroph",1,"B_genus","Basidiomycota","Agaricomycetes","Polyporales","Panaceae"
"Cyphella","Saprotroph",1,"B_genus","Basidiomycota","Agaricomycetes","Agaricales","Cyphellaceae"
"Cyphellophora","Human_Pathogen Necrotrophic_plant_pathogen Plant_Pathogen",3,"B_genus","Ascomycota","Eurotiomycetes","Chaetothyriales","Cyphellophoraceae"
"Cyphobasidium","Lichen_Parasite",1,"B_genus","Basidiomycota","Cystobasidiomycetes","Cyphobasidiales","Cyphobasidiaceae"
"Cyptotrama","Saprotroph",1,"B_genus","Basidiomycota","Agaricomycetes","Agaricales","Physalacriaceae"
"Cyrtidula","Lichenized Saprotroph",2,"B_genus","Ascomycota","Dothideomycetes","Incertae sedis","Incertae sedis"
"Cystidiodontia","Wood_Saprotroph",1,"B_genus","Basidiomycota","Agaricomycetes","Agaricales","Cystostereaceae"
"Cystidiopostia","Wood_Saprotroph",1,"B_genus","Basidiomycota","Agaricomycetes","Polyporales","Incertae sedis"
"Cystoagaricus","Saprotroph",1,"B_genus","Basidiomycota","Agaricomycetes","Agaricales","Psathyrellaceae"
"Cystocoleus","Lichenized",1,"B_genus","Ascomycota","Dothideomycetes","Capnodiales","Cystocoleaceae"
"Cystoderma","Ectomycorrhizal Saprotroph",2,"B_genus","Basidiomycota","Agaricomycetes","Agaricales","Incertae sedis"
"Cystodermella","Saprotroph",1,"B_genus","Basidiomycota","Agaricomycetes","Agaricales","Incertae sedis"
"Cystolepiota","Saprotroph",1,"B_genus","Basidiomycota","Agaricomycetes","Agaricales","Agaricaceae"
"Cystomyces","Biotrophic_plant_pathogen",1,"B_genus","Basidiomycota","Pucciniomycetes","Pucciniales","Raveneliaceae"
"Cystotheca","Biotrophic_plant_pathogen",1,"B_genus","Ascomycota","Leotiomycetes","Helotiales","Erysiphaceae"
"Cytidia","Wood_Saprotroph",1,"B_genus","Basidiomycota","Agaricomycetes","Corticiales","Vuilleminiaceae"
"Cytidiella","Wood_Saprotroph",1,"B_genus","Basidiomycota","Agaricomycetes","Polyporales","Meruliaceae"
"Cytosphaera","Endophyte Necrotrophic_plant_pathogen",2,"B_genus","Ascomycota","Incertae sedis","Incertae sedis","Incertae sedis"
"Cytospora","Endophyte Necrotrophic_plant_pathogen Plant_Pathogen Saprotroph",4,"B_genus","Ascomycota","Sordariomycetes","Diaporthales","Valsaceae"
"Cytosporina","Plant_Pathogen",1,"B_genus","Ascomycota","Incertae sedis","Incertae sedis","Incertae sedis"
"Dacampia","Lichen_Parasite Lichenized",2,"B_genus","Ascomycota","Dothideomycetes","Pleosporales","Dacampiaceae"
"Dacrymyces","Wood_Saprotroph",1,"B_genus","Basidiomycota","Dacrymycetes","Dacrymycetales","Dacrymycetaceae"
"Dacryobolus","Wood_Saprotroph",1,"B_genus","Basidiomycota","Agaricomycetes","Polyporales","Dacryobolaceae"
"Dacryopinax","Wood_Saprotroph",1,"B_genus","Basidiomycota","Dacrymycetes","Dacrymycetales","Dacrymycetaceae"
"Dactuliophora","Plant_Pathogen",1,"B_genus","Ascomycota","Dothideomycetes","Pleosporales","Incertae sedis"
"Dactylaria","Endophyte Necrotrophic_plant_pathogen",2,"B_genus","Ascomycota","Leotiomycetes","Helotiales","Incertae sedis"
"Dactylella","Nematode_Trapping",1,"B_genus","Ascomycota","Orbiliomycetes","Orbiliales","Orbiliaceae"
"Dactylellina","Nematode_Trapping",1,"B_genus","Ascomycota","Orbiliomycetes","Orbiliales","Orbiliaceae"
"Dactylina","Lichenized",1,"B_genus","Ascomycota","Lecanoromycetes","Lecanorales","Parmeliaceae"
"Dactylonectria","Necrotrophic_plant_pathogen Plant_Pathogen",2,"B_genus","Ascomycota","Sordariomycetes","Hypocreales","Nectriaceae"
"Dactylospora","Lichen_Parasite",1,"B_genus","Ascomycota","Lecanoromycetes","Lecanorales","Dactylosporaceae"
"Dactylosporina","Saprotroph",1,"B_genus","Basidiomycota","Agaricomycetes","Agaricales","Physalacriaceae"
"Daedalea","Plant_Pathogen Wood_Saprotroph",2,"B_genus","Basidiomycota","Agaricomycetes","Polyporales","Fomitopsidaceae"
"Daedaleopsis","Necrotrophic_plant_pathogen Wood_Saprotroph",2,"B_genus","Basidiomycota","Agaricomycetes","Polyporales","Polyporaceae"
"Daldinia","Endophyte",1,"B_genus","Ascomycota","Sordariomycetes","Xylariales","Hypoxylaceae"
"Danielozyma","Human_Pathogen",1,"B_genus","Ascomycota","Saccharomycetes","Incertae sedis","Incertae sedis"
"Darkera","Plant_Pathogen",1,"B_genus","Ascomycota","Leotiomycetes","Phacidiales","Phacidiaceae"
"Dasturella","Biotrophic_plant_pathogen",1,"B_genus","Basidiomycota","Pucciniomycetes","Pucciniales","Phakopsoraceae"
"Dasyscyphus","Saprotroph",1,"B_genus","Ascomycota","Leotiomycetes","Helotiales","Lachnaceae"
"Dasyspora","Biotrophic_plant_pathogen",1,"B_genus","Basidiomycota","Pucciniomycetes","Pucciniales","Uropyxidaceae"
"Davidiella","Plant_Pathogen",1,"B_genus","Ascomycota","Dothideomycetes","Mycosphaerellales","Mycosphaerellaceae"
"Davidsoniella","Plant_Pathogen",1,"B_genus","Ascomycota","Sordariomycetes","Microascales","Ceratocystidaceae"
"Davisomycella","Endophyte",1,"B_genus","Ascomycota","Leotiomycetes","Rhytismatales","Rhytismataceae"
"Davisoniella","Plant_Pathogen",1,"B_genus","Ascomycota","Dothideomycetes","Mycosphaerellales","Mycosphaerellaceae"
"Dearnessia","Plant_Pathogen",1,"B_genus","Ascomycota","Incertae sedis","Incertae sedis","Incertae sedis"
"Debaryomyces","Human_Pathogen Saprotroph",2,"B_genus","Ascomycota","Saccharomycetes","Saccharomycetales","Saccharomycetaceae"
"Decapitatus","Plant_Pathogen",1,"B_genus","Basidiomycota","Agaricomycetes","Agaricales","Mycenaceae"
"Deconica","Dung_Saprotroph Plant_Pathogen Saprotroph Wood_Saprotroph",4,"B_genus","Basidiomycota","Agaricomycetes","Agaricales","Strophariaceae"
"Degelia","Lichenized",1,"B_genus","Ascomycota","Lecanoromycetes","Peltigerales","Pannariaceae"
"Deightoniella","Plant_Pathogen",1,"B_genus","Ascomycota","Sordariomycetes","Magnaporthales","Magnaporthaceae"
"Deightonomyces","Plant_Pathogen",1,"B_genus","Ascomycota","Dothideomycetes","Mycosphaerellales","Mycosphaerellaceae"
"Delicatula","Saprotroph",1,"B_genus","Basidiomycota","Agaricomycetes","Agaricales","Incertae sedis"
"Delitschia","Dung_Saprotroph Endophyte",2,"B_genus","Ascomycota","Dothideomycetes","Pleosporales","Delitschiaceae"
"Delphinella","Plant_Pathogen",1,"B_genus","Ascomycota","Dothideomycetes","Dothideales","Dothioraceae"
"Dematophora","Plant_Pathogen",1,"B_genus","Ascomycota","Sordariomycetes","Xylariales","Xylariaceae"
"Dendriscosticta","Lichenized",1,"B_genus","Ascomycota","Lecanoromycetes","Peltigerales","Lobariaceae"
"Dendrocollybia","Fungal_Parasite Saprotroph",2,"B_genus","Basidiomycota","Agaricomycetes","Agaricales","Incertae sedis"
"Dendrocorticium","Wood_Saprotroph",1,"B_genus","Basidiomycota","Agaricomycetes","Corticiales","Punctulariaceae"
"Dendrographa","Lichenized",1,"B_genus","Ascomycota","Arthoniomycetes","Arthoniales","Roccellaceae"
"Dendrominia","Wood_Saprotroph",1,"B_genus","Basidiomycota","Agaricomycetes","Corticiales","Dendrominiaceae"
"Dendrophoma","Plant_Pathogen",1,"B_genus","Ascomycota","Sordariomycetes","Chaetosphaeriales","Chaetosphaeriaceae"
"Dendrophora","Necrotrophic_plant_pathogen Plant_Pathogen",2,"B_genus","Basidiomycota","Agaricomycetes","Russulales","Peniophoraceae"
"Dendrostilbella","Plant_Pathogen",1,"B_genus","Ascomycota","Leotiomycetes","Leotiales","Tympanidaceae"
"Dendrostoma","Plant_Pathogen",1,"B_genus","Ascomycota","Sordariomycetes","Diaporthales","Incertae sedis"
"Dendrothele","Wood_Saprotroph",1,"B_genus","Basidiomycota","Agaricomycetes","Agaricales","Incertae sedis"
"Dendryphion","Necrotrophic_plant_pathogen Plant_Pathogen",2,"B_genus","Ascomycota","Dothideomycetes","Pleosporales","Torulaceae"
"Deniquelata","Plant_Pathogen",1,"B_genus","Ascomycota","Dothideomycetes","Pleosporales","Didymosphaeriaceae"
"Dennisiella","Necrotrophic_plant_pathogen Plant_Pathogen",2,"B_genus","Ascomycota","Eurotiomycetes","Chaetothyriales","Coccodiniaceae"
"Dennisiomyces","Saprotroph",1,"B_genus","Basidiomycota","Agaricomycetes","Agaricales","Tricholomataceae"
"Denticularia","Plant_Pathogen",1,"B_genus","Ascomycota","Incertae sedis","Incertae sedis","Incertae sedis"
"Dentipellicula","Wood_Saprotroph",1,"B_genus","Basidiomycota","Agaricomycetes","Russulales","Hericiaceae"
"Dentipellis","Wood_Saprotroph",1,"B_genus","Basidiomycota","Agaricomycetes","Russulales","Hericiaceae"
"Dentipellopsis","Wood_Saprotroph",1,"B_genus","Basidiomycota","Agaricomycetes","Russulales","Incertae sedis"
"Dentiporus","Wood_Saprotroph",1,"B_genus","Basidiomycota","Agaricomycetes","Polyporales","Fomitopsidaceae"
"Dentipratulum","Wood_Saprotroph",1,"B_genus","Basidiomycota","Agaricomycetes","Russulales","Auriscalpiaceae"
"Dentiscutata","Arbuscular_Mycorrhizal",1,"B_genus","Glomeromycota","Glomeromycetes","Diversisporales","Gigasporaceae"
"Dentocorticium","Wood_Saprotroph",1,"B_genus","Basidiomycota","Agaricomycetes","Polyporales","Polyporaceae"
"Dermatea","Plant_Pathogen",1,"B_genus","Ascomycota","Leotiomycetes","Helotiales","Dermateaceae"
"Dermatina","Saprotroph",1,"B_genus","Ascomycota","Arthoniomycetes","Arthoniales","Arthoniaceae"
"Dermatiscum","Lichenized",1,"B_genus","Ascomycota","Lecanoromycetes","Caliciales","Caliciaceae"
"Dermatocarpon","Lichenized",1,"B_genus","Ascomycota","Eurotiomycetes","Verrucariales","Verrucariaceae"
"Dermatodothis","Plant_Pathogen",1,"B_genus","Ascomycota","Dothideomycetes","Incertae sedis","Incertae sedis"
"Dermatosorus","Plant_Pathogen",1,"B_genus","Basidiomycota","Ustilaginomycetes","Ustilaginales","Anthracoideaceae"
"Dermea","Plant_Pathogen",1,"B_genus","Ascomycota","Leotiomycetes","Helotiales","Dermateaceae"
"Dermoloma","Saprotroph",1,"B_genus","Basidiomycota","Agaricomycetes","Agaricales","Tricholomataceae"
"Desarmillaria","Plant_Pathogen",1,"B_genus","Basidiomycota","Agaricomycetes","Agaricales","Physalacriaceae"
"Descolea","Ectomycorrhizal",1,"B_genus","Basidiomycota","Agaricomycetes","Agaricales","Bolbitiaceae"
"Desertispora","Arbuscular_Mycorrhizal",1,"B_genus","Glomeromycota","Glomeromycetes","Diversisporales","Diversisporaceae"
"Deshpandiella","Plant_Pathogen",1,"B_genus","Ascomycota","Sordariomycetes","Phyllachorales","Phyllachoraceae"
"Desmella","Biotrophic_plant_pathogen",1,"B_genus","Basidiomycota","Pucciniomycetes","Pucciniales","Incertae sedis"
"Desmosorus","Biotrophic_plant_pathogen",1,"B_genus","Basidiomycota","Pucciniomycetes","Pucciniales","Incertae sedis"
"Desmotascus","Plant_Pathogen",1,"B_genus","Ascomycota","Dothideomycetes","Botryosphaeriales","Botryosphaeriaceae"
"Destuntzia","Ectomycorrhizal",1,"B_genus","Basidiomycota","Agaricomycetes","Gomphales","Gomphaceae"
"Devonomyces","Plant_Pathogen",1,"B_genus","Ascomycota","Dothideomycetes","Mycosphaerellales","Mycosphaerellaceae"
"Diabole","Biotrophic_plant_pathogen",1,"B_genus","Basidiomycota","Pucciniomycetes","Pucciniales","Raveneliaceae"
"Diacanthodes","Necrotrophic_plant_pathogen",1,"B_genus","Basidiomycota","Agaricomycetes","Polyporales","Incertae sedis"
"Dialonectria","Plant_Pathogen",1,"B_genus","Ascomycota","Sordariomycetes","Hypocreales","Nectriaceae"
"Dianesea","Plant_Pathogen",1,"B_genus","Ascomycota","Dothideomycetes","Incertae sedis","Incertae sedis"
"Diaphanopellis","Biotrophic_plant_pathogen",1,"B_genus","Basidiomycota","Pucciniomycetes","Pucciniales","Coleosporiaceae"
"Diaporthe","Endophyte Necrotrophic_plant_pathogen Plant_Pathogen Saprotroph",4,"B_genus","Ascomycota","Sordariomycetes","Diaporthales","Diaporthaceae"
"Diaporthella","Plant_Pathogen",1,"B_genus","Ascomycota","Sordariomycetes","Diaporthales","Gnomoniaceae"
"Diaporthopsis","Plant_Pathogen",1,"B_genus","Ascomycota","Sordariomycetes","Diaporthales","Diaporthaceae"
"Diaporthostoma","Plant_Pathogen",1,"B_genus","Ascomycota","Sordariomycetes","Diaporthales","Diaporthostomataceae"
"Diarthonis","Lichenized",1,"B_genus","Ascomycota","Arthoniomycetes","Arthoniales","Arthoniaceae"
"Diatrype","Plant_Pathogen Saprotroph",2,"B_genus","Ascomycota","Sordariomycetes","Xylariales","Diatrypaceae"
"Dibaeis","Lichenized",1,"B_genus","Ascomycota","Lecanoromycetes","Pertusariales","Icmadophilaceae"
"Dicaeoma","Biotrophic_plant_pathogen",1,"B_genus","Basidiomycota","Pucciniomycetes","Pucciniales","Pucciniaceae"
"Dicarpella","Plant_Pathogen",1,"B_genus","Ascomycota","Sordariomycetes","Diaporthales","Melanconidaceae"
"Dichaenopsella","Plant_Pathogen",1,"B_genus","Ascomycota","Leotiomycetes","Rhytismatales","Ascodichaenaceae"
"Dicheirinia","Biotrophic_plant_pathogen",1,"B_genus","Basidiomycota","Pucciniomycetes","Pucciniales","Raveneliaceae"
"Dichocladosporium","Plant_Pathogen",1,"B_genus","Ascomycota","Dothideomycetes","Capnodiales","Davidiellaceae"
"Dichomera","Necrotrophic_plant_pathogen Plant_Pathogen",2,"B_genus","Ascomycota","Dothideomycetes","Botryosphaeriales","Botryosphaeriaceae"
"Dichomitus","Wood_Saprotroph",1,"B_genus","Basidiomycota","Agaricomycetes","Polyporales","Polyporaceae"
"Dichoporis","Lichen_Parasite Lichenized",2,"B_genus","Ascomycota","Dothideomycetes","Strigulales","Strigulaceae"
"Dichosporidium","Lichenized",1,"B_genus","Ascomycota","Arthoniomycetes","Arthoniales","Roccellaceae"
"Dichostereum","Wood_Saprotroph",1,"B_genus","Basidiomycota","Agaricomycetes","Russulales","Peniophoraceae"
"Dichotomophthora","Necrotrophic_plant_pathogen Plant_Pathogen",2,"B_genus","Ascomycota","Incertae sedis","Incertae sedis","Incertae sedis"
"Dichotomopilus","Endophyte Wood_Saprotroph",2,"B_genus","Ascomycota","Sordariomycetes","Sordariales","Chaetomiaceae"
"Dictyochaeta","Endophyte",1,"B_genus","Ascomycota","Sordariomycetes","Chaetosphaeriales","Chaetosphaeriaceae"
"Dictyographa","Lichenized",1,"B_genus","Ascomycota","Arthoniomycetes","Arthoniales","Opegraphaceae"
"Dictyomeridium","Lichenized",1,"B_genus","Ascomycota","Dothideomycetes","Trypetheliales","Trypetheliaceae"
"Dictyopeltella","Plant_Pathogen",1,"B_genus","Ascomycota","Dothideomycetes","Microthyriales","Micropeltidaceae"
"Dictyophrynella","Lichen_Parasite",1,"B_genus","Ascomycota","Incertae sedis","Incertae sedis","Incertae sedis"
"Dictyothyriella","Plant_Pathogen",1,"B_genus","Ascomycota","Dothideomycetes","Microthyriales","Micropeltidaceae"
"Dictyothyrina","Plant_Pathogen",1,"B_genus","Ascomycota","Dothideomycetes","Microthyriales","Micropeltidaceae"
"Dictyothyrium","Plant_Pathogen",1,"B_genus","Ascomycota","Dothideomycetes","Microthyriales","Micropeltidaceae"
"Didymaria","Necrotrophic_plant_pathogen Plant_Pathogen",2,"B_genus","Ascomycota","Dothideomycetes","Mycosphaerellales","Mycosphaerellaceae"
"Didymascella","Plant_Pathogen",1,"B_genus","Ascomycota","Leotiomycetes","Helotiales","Incertae sedis"
"Didymella","Human_Pathogen Lichen_Parasite Necrotrophic_plant_pathogen Plant_Pathogen Saprotroph Wood_Saprotroph",6,"B_genus","Ascomycota","Dothideomycetes","Pleosporales","Didymellaceae"
"Didymellopsis","Lichen_Parasite",1,"B_genus","Ascomycota","Dothideomycetes","Collemopsidiales","Xanthopyreniaceae"
"Didymobotryopsis","Plant_Pathogen",1,"B_genus","Ascomycota","Sordariomycetes","Hypocreales","Ophiocordycipitaceae"
"Didymochora","Plant_Pathogen",1,"B_genus","Ascomycota","Dothideomycetes","Dothideales","Dothideaceae"
"Didymocyrtis","Lichen_Parasite",1,"B_genus","Ascomycota","Dothideomycetes","Pleosporales","Phaeosphaeriaceae"
"Didymosphaeria","Endophyte Lichen_Parasite Necrotrophic_plant_pathogen Plant_Pathogen",4,"B_genus","Ascomycota","Dothideomycetes","Pleosporales","Didymosphaeriaceae"
"Diederichomyces","Lichen_Parasite",1,"B_genus","Ascomycota","Dothideomycetes","Pleosporales","Phaeosphaeriaceae"
"Dietelia","Biotrophic_plant_pathogen",1,"B_genus","Basidiomycota","Pucciniomycetes","Pucciniales","Pucciniosiraceae"
"Digitopodium","Plant_Pathogen",1,"B_genus","Ascomycota","Incertae sedis","Incertae sedis","Incertae sedis"
"Digitothyrea","Lichenized",1,"B_genus","Ascomycota","Lichinomycetes","Lichinales","Lichinaceae"
"Dilophospora","Necrotrophic_plant_pathogen",1,"B_genus","Ascomycota","Dothideomycetes","Incertae sedis","Incertae sedis"
"Dimargaris","Fungal_Parasite",1,"B_genus","Mucoromycota","Incertae sedis","Dimargaritales","Dimargaritaceae"
"Dimelaena","Lichen_Parasite Lichenized",2,"B_genus","Ascomycota","Lecanoromycetes","Caliciales","Caliciaceae"
"Dimeriella","Necrotrophic_plant_pathogen",1,"B_genus","Ascomycota","Dothideomycetes","Incertae sedis","Parodiopsidaceae"
"Dimerium","Plant_Pathogen",1,"B_genus","Ascomycota","Dothideomycetes","Incertae sedis","Parodiopsidaceae"
"Dimidiographa","Lichenized",1,"B_genus","Ascomycota","Arthoniomycetes","Arthoniales","Roccellographaceae"
"Dinemasporium","Plant_Pathogen Saprotroph",2,"B_genus","Ascomycota","Sordariomycetes","Incertae sedis","Incertae sedis"
"Diomedella","Lichenized",1,"B_genus","Ascomycota","Lecanoromycetes","Lecanorales","Lecanoraceae"
"Diorchidium","Biotrophic_plant_pathogen",1,"B_genus","Basidiomycota","Pucciniomycetes","Pucciniales","Raveneliaceae"
"Diorygma","Lichenized",1,"B_genus","Ascomycota","Lecanoromycetes","Ostropales","Graphidaceae"
"Diplacella","Plant_Pathogen",1,"B_genus","Ascomycota","Sordariomycetes","Diaporthales","Gnomoniaceae"
"Diplocarpon","Necrotrophic_plant_pathogen Plant_Pathogen",2,"B_genus","Ascomycota","Leotiomycetes","Helotiales","Drepanopezizaceae"
"Diplocladium","Fungal_Parasite",1,"B_genus","Ascomycota","Sordariomycetes","Hypocreales","Hypocreaceae"
"Diplocystis","Ectomycorrhizal",1,"B_genus","Basidiomycota","Agaricomycetes","Boletales","Diplocystidiaceae"
"Diplodia","Human_Pathogen Necrotrophic_plant_pathogen Plant_Pathogen Saprotroph",4,"B_genus","Ascomycota","Dothideomycetes","Botryosphaeriales","Botryosphaeriaceae"
"Diplodina","Plant_Pathogen",1,"B_genus","Ascomycota","Sordariomycetes","Diaporthales","Gnomoniaceae"
"Diplogramma","Lichenized",1,"B_genus","Ascomycota","Arthoniomycetes","Arthoniales","Roccellaceae"
"Diploicia","Lichenized",1,"B_genus","Ascomycota","Lecanoromycetes","Caliciales","Caliciaceae"
"Diplolaeviopsis","Lichen_Parasite",1,"B_genus","Ascomycota","Leotiomycetes","Helotiales","Cordieritidaceae"
"Diplomitoporus","Wood_Saprotroph",1,"B_genus","Basidiomycota","Agaricomycetes","Polyporales","Incertae sedis"
"Diplonaevia","Lichen_Parasite",1,"B_genus","Ascomycota","Leotiomycetes","Helotiales","Calloriaceae"
"Diploschistella","Lichenized",1,"B_genus","Ascomycota","Lecanoromycetes","Ostropales","Gomphillaceae"
"Diploschistes","Lichen_Parasite Lichenized",2,"B_genus","Ascomycota","Lecanoromycetes","Ostropales","Graphidaceae"
"Diplotomma","Lichen_Parasite Lichenized",2,"B_genus","Ascomycota","Lecanoromycetes","Caliciales","Caliciaceae"
"Dipodascus","Human_Pathogen Necrotrophic_plant_pathogen",2,"B_genus","Ascomycota","Saccharomycetes","Saccharomycetales","Dipodascaceae"
"Dirina","Lichenized",1,"B_genus","Ascomycota","Arthoniomycetes","Arthoniales","Roccellaceae"
"Dirinaria","Lichenized",1,"B_genus","Ascomycota","Lecanoromycetes","Caliciales","Caliciaceae"
"Discella","Plant_Pathogen",1,"B_genus","Ascomycota","Dothideomycetes","Mycosphaerellales","Mycosphaerellaceae"
"Dischloridium","Plant_Pathogen",1,"B_genus","Ascomycota","Sordariomycetes","Chaetosphaeriales","Australiascaceae"
"Discochora","Plant_Pathogen",1,"B_genus","Ascomycota","Dothideomycetes","Botryosphaeriales","Phyllostictaceae"
"Discohainesia","Necrotrophic_plant_pathogen",1,"B_genus","Ascomycota","Leotiomycetes","Chaetomellales","Chaetomellaceae"
"Discosia","Necrotrophic_plant_pathogen Plant_Pathogen Saprotroph",3,"B_genus","Ascomycota","Sordariomycetes","Amphisphaeriales","Discosiaceae"
"Discosporium","Plant_Pathogen",1,"B_genus","Ascomycota","Sordariomycetes","Diaporthales","Gnomoniaceae"
"Discostroma","Plant_Pathogen Saprotroph",2,"B_genus","Ascomycota","Sordariomycetes","Amphisphaeriales","Sporocadaceae"
"Discula","Plant_Pathogen Wood_Saprotroph",2,"B_genus","Ascomycota","Sordariomycetes","Diaporthales","Gnomoniaceae"
"Disculoides","Necrotrophic_plant_pathogen",1,"B_genus","Ascomycota","Sordariomycetes","Diaporthales","Incertae sedis"
"Dissophora","Endophyte Saprotroph",2,"B_genus","Mucoromycota","Mortierellomycetes","Mortierellales","Mortierellaceae"
"Distocercospora","Necrotrophic_plant_pathogen Plant_Pathogen",2,"B_genus","Ascomycota","Dothideomycetes","Mycosphaerellales","Mycosphaerellaceae"
"Distocercosporaster","Necrotrophic_plant_pathogen",1,"B_genus","Ascomycota","Dothideomycetes","Mycosphaerellales","Mycosphaerellaceae"
"Distomycovellosiella","Necrotrophic_plant_pathogen",1,"B_genus","Ascomycota","Dothideomycetes","Mycosphaerellales","Mycosphaerellaceae"
"Distononappendiculata","Plant_Pathogen",1,"B_genus","Ascomycota","Sordariomycetes","Amphisphaeriales","Sporocadaceae"
"Distopyrenis","Lichen_Parasite Lichenized Saprotroph",3,"B_genus","Ascomycota","Eurotiomycetes","Pyrenulales","Pyrenulaceae"
"Distothelia","Lichenized",1,"B_genus","Ascomycota","Dothideomycetes","Trypetheliales","Trypetheliaceae"
"Ditangium","Saprotroph",1,"B_genus","Basidiomycota","Agaricomycetes","Sebacinales","Sebacinaceae"
"Diutina","Human_Pathogen",1,"B_genus","Ascomycota","Saccharomycetes","Saccharomycetales","Incertae sedis"
"Diversimorbus","Plant_Pathogen",1,"B_genus","Ascomycota","Incertae sedis","Incertae sedis","Incertae sedis"
"Diversispora","Arbuscular_Mycorrhizal",1,"B_genus","Glomeromycota","Glomeromycetes","Diversisporales","Diversisporaceae"
"Doassansia","Plant_Pathogen",1,"B_genus","Basidiomycota","Exobasidiomycetes","Doassansiales","Doassansiaceae"
"Doassansiopsis","Biotrophic_plant_pathogen",2,"B_genus","Basidiomycota","Ustilaginomycetes","Urocystidales","Doassansiopsidaceae"
"Doassinga","Plant_Pathogen",1,"B_genus","Basidiomycota","Exobasidiomycetes","Doassansiales","Doassansiaceae"
"Dokmaia","Endophyte",1,"B_genus","Ascomycota","Incertae sedis","Incertae sedis","Incertae sedis"
"Dolabra","Plant_Pathogen",1,"B_genus","Ascomycota","Dothideomycetes","Incertae sedis","Incertae sedis"
"Dolichousnea","Lichenized",1,"B_genus","Ascomycota","Lecanoromycetes","Lecanorales","Parmeliaceae"
"Dominikia","Arbuscular_Mycorrhizal",1,"B_genus","Glomeromycota","Glomeromycetes","Glomerales","Glomeraceae"
"Donkioporia","Wood_Saprotroph",1,"B_genus","Basidiomycota","Agaricomycetes","Polyporales","Polyporaceae"
"Donkioporiella","Wood_Saprotroph",1,"B_genus","Basidiomycota","Agaricomycetes","Polyporales","Polyporaceae"
"Dothidasteromella","Plant_Pathogen",1,"B_genus","Ascomycota","Dothideomycetes","Asterinales","Asterinaceae"
"Dothidea","Endophyte Plant_Pathogen Saprotroph",3,"B_genus","Ascomycota","Dothideomycetes","Dothideales","Dothideaceae"
"Dothidella","Necrotrophic_plant_pathogen",1,"B_genus","Ascomycota","Dothideomycetes",NA,"Polystomellaceae"
"Dothiora","Necrotrophic_plant_pathogen Plant_Pathogen",2,"B_genus","Ascomycota","Dothideomycetes","Botryosphaeriales","Botryosphaeriaceae"
"Dothiorella","Endophyte Necrotrophic_plant_pathogen Plant_Pathogen Saprotroph",4,"B_genus","Ascomycota","Dothideomycetes","Botryosphaeriales","Botryosphaeriaceae"
"Dothistroma","Necrotrophic_plant_pathogen",1,"B_genus","Ascomycota","Dothideomycetes","Mycosphaerellales","Mycosphaerellaceae"
"Drechslera","Endophyte Necrotrophic_plant_pathogen Plant_Pathogen",3,"B_genus","Ascomycota","Dothideomycetes","Pleosporales","Pleosporaceae"
"Drechslerella","Nematode_Trapping",1,"B_genus","Ascomycota","Orbiliomycetes","Orbiliales","Orbiliaceae"
"Drepanoconis","Plant_Pathogen",1,"B_genus","Basidiomycota","Exobasidiomycetes","Exobasidiales","Cryptobasidiaceae"
"Drepanopeziza","Plant_Pathogen",1,"B_genus","Ascomycota","Leotiomycetes","Helotiales","Drepanopezizaceae"
"Dubujiana","Endophyte Plant_Pathogen Saprotroph",3,"B_genus","Ascomycota","Dothideomycetes","Microthyriales","Dubujianaceae"
"Ductifera","Saprotroph",1,"B_genus","Basidiomycota","Agaricomycetes","Auriculariales","Incertae sedis"
"Dufourea","Lichenized",1,"B_genus","Ascomycota","Lecanoromycetes","Teloschistales","Teloschistaceae"
"Durandiella","Plant_Pathogen Saprotroph",2,"B_genus","Ascomycota","Leotiomycetes","Leotiales","Tympanidaceae"
"Dwiroopa","Plant_Pathogen",1,"B_genus","Ascomycota","Sordariomycetes","Diaporthales","Dwiroopaceae"
"Dyplolabia","Lichenized",1,"B_genus","Ascomycota","Lecanoromycetes","Ostropales","Graphidaceae"
"Dysrhynchis","Plant_Pathogen",1,"B_genus","Ascomycota","Dothideomycetes","Incertae sedis","Dysrhynchaceae"
"Earliella","Wood_Saprotroph",1,"B_genus","Basidiomycota","Agaricomycetes","Polyporales","Polyporaceae"
"Eballistra","Plant_Pathogen",1,"B_genus","Basidiomycota","Exobasidiomycetes","Georgefischeriales","Eballistraceae"
"Echidnocymbium","Lichenized",1,"B_genus","Ascomycota","Lecanoromycetes","Lecanorales","Ramalinaceae"
"Echinochaete","Wood_Saprotroph",1,"B_genus","Basidiomycota","Agaricomycetes","Polyporales","Polyporaceae"
"Echinoderma","Saprotroph",1,"B_genus","Basidiomycota","Agaricomycetes","Agaricales","Agaricaceae"
"Echinodontium","Plant_Pathogen Saprotroph Wood_Saprotroph",3,"B_genus","Basidiomycota","Agaricomycetes","Russulales","Echinodontiaceae"
"Echinoplaca","Lichenized",1,"B_genus","Ascomycota","Lecanoromycetes","Ostropales","Gomphillaceae"
"Echinoporia","Necrotrophic_plant_pathogen",1,"B_genus","Basidiomycota","Agaricomycetes","Hymenochaetales","Schizoporaceae"
"Echinothecium","Lichen_Parasite",1,"B_genus","Ascomycota","Dothideomycetes","Mycosphaerellales","Mycosphaerellaceae"
"Ectophoma","Plant_Pathogen",1,"B_genus","Ascomycota","Dothideomycetes","Pleosporales","Incertae sedis"
"Edrudia","Lichenized",1,"B_genus","Ascomycota","Lecanoromycetes","Lecanorales","Lecanoraceae"
"Edwardiella","Lichenized",1,"B_genus","Ascomycota","Lichinomycetes","Lichinales","Lichinaceae"
"Edythea","Biotrophic_plant_pathogen",1,"B_genus","Basidiomycota","Pucciniomycetes","Pucciniales","Incertae sedis"
"Efibula","Wood_Saprotroph",1,"B_genus","Basidiomycota","Agaricomycetes","Polyporales","Irpicaceae"
"Efibulella","Wood_Saprotroph",1,"B_genus","Basidiomycota","Agaricomycetes","Polyporales","Phanerochaetaceae"
"Efibulobasidium","Saprotroph",1,"B_genus","Basidiomycota","Agaricomycetes","Sebacinales","Sebacinaceae"
"Eichleriella","Saprotroph",1,"B_genus","Basidiomycota","Agaricomycetes","Auriculariales","Auriculariaceae"
"Eiglera","Lichenized",1,"B_genus","Ascomycota","Lecanoromycetes","Acarosporales","Acarosporaceae"
"Elaphomyces","Ectomycorrhizal Saprotroph",2,"B_genus","Ascomycota","Eurotiomycetes","Eurotiales","Elaphomycetaceae"
"Elixia","Lichenized",1,"B_genus","Ascomycota","Lecanoromycetes","Umbilicariales","Elixiaceae"
"Ellisembia","Lichen_Parasite Saprotroph",2,"B_genus","Ascomycota","Sordariomycetes","Incertae sedis","Incertae sedis"
"Ellisiellina","Plant_Pathogen Saprotroph",2,"B_genus","Ascomycota","Sordariomycetes","Glomerellales","Glomerellaceae"
"Elmerina","Saprotroph",1,"B_genus","Basidiomycota","Agaricomycetes","Auriculariales","Auriculariaceae"
"Elsinoe","Necrotrophic_plant_pathogen Plant_Pathogen",2,"B_genus","Ascomycota","Dothideomycetes","Myriangiales","Elsinoaceae"
"Elytroderma","Necrotrophic_plant_pathogen Plant_Pathogen",2,"B_genus","Ascomycota","Leotiomycetes","Rhytismatales","Rhytismataceae"
"Emarcea","Plant_Pathogen Saprotroph",2,"B_genus","Ascomycota","Sordariomycetes","Xylariales","Induratiaceae"
"Emmanuelia","Lichenized",1,"B_genus","Ascomycota","Lecanoromycetes","Peltigerales","Peltigeraceae"
"Emodomelanelia","Lichenized",1,"B_genus","Ascomycota","Lecanoromycetes","Lecanorales","Parmeliaceae"
"Enchylium","Lichenized",1,"B_genus","Ascomycota","Lecanoromycetes","Peltigerales","Collemataceae"
"Endocarpon","Lichenized",1,"B_genus","Ascomycota","Eurotiomycetes","Verrucariales","Verrucariaceae"
"Endococcus","Lichen_Parasite",1,"B_genus","Ascomycota","Dothideomycetes","Incertae sedis","Incertae sedis"
"Endoconidiophora","Plant_Pathogen",1,"B_genus","Ascomycota","Sordariomycetes","Microascales","Incertae sedis"
"Endoconospora","Plant_Pathogen",1,"B_genus","Ascomycota","Incertae sedis","Incertae sedis","Incertae sedis"
"Endodothiora","Fungal_Parasite",1,"B_genus","Ascomycota","Dothideomycetes","Dothideales","Dothioraceae"
"Endogone","Arbuscular_Mycorrhizal",1,"B_genus","Mucoromycota","Endogonomycetes","Endogonales","Endogonaceae"
"Endohyalina","Lichen_Parasite Lichenized",2,"B_genus","Ascomycota","Lecanoromycetes","Caliciales","Caliciaceae"
"Endoperplexa","Wood_Saprotroph",1,"B_genus","Basidiomycota","Agaricomycetes","Auriculariales","Incertae sedis"
"Endophragmiella","Lichen_Parasite Saprotroph",2,"B_genus","Ascomycota","Sordariomycetes","Incertae sedis","Incertae sedis"
"Endophyllum","Biotrophic_plant_pathogen",1,"B_genus","Basidiomycota","Pucciniomycetes","Pucciniales","Pucciniaceae"
"Endoraecium","Biotrophic_plant_pathogen",1,"B_genus","Basidiomycota","Pucciniomycetes","Pucciniales","Endoraeciaceae"
"Endosporium","Plant_Pathogen",1,"B_genus","Ascomycota","Dothideomycetes","Myriangiales","Endosporiaceae"
"Endothia","Fungal_Parasite Insect_Pathogen Lichen_Parasite Plant_Pathogen",4,"B_genus","Ascomycota","Sordariomycetes","Xylariales","Melogrammataceae"
"Endothiella","Plant_Pathogen",1,"B_genus","Ascomycota","Sordariomycetes","Diaporthales","Cryphonectriaceae"
"Endothlaspis","Plant_Pathogen",1,"B_genus","Basidiomycota","Ustilaginomycetes","Ustilaginales","Ustilaginaceae"
"Englerodothis","Plant_Pathogen Saprotroph",2,"B_genus","Ascomycota","Dothideomycetes","Asterinales","Parmulariaceae"
"Engyodontium","Human_Pathogen",1,"B_genus","Ascomycota","Sordariomycetes","Hypocreales","Cordycipitaceae"
"Enterographa","Lichen_Parasite Lichenized",2,"B_genus","Ascomycota","Arthoniomycetes","Arthoniales","Roccellaceae"
"Entocybe","Ectomycorrhizal Saprotroph",2,"B_genus","Basidiomycota","Agaricomycetes","Agaricales","Entolomataceae"
"Entoleuca","Wood_Saprotroph",1,"B_genus","Ascomycota","Sordariomycetes","Xylariales","Xylariaceae"
"Entoloma","Ectomycorrhizal Fungal_Parasite Plant_Pathogen Saprotroph Wood_Saprotroph",5,"B_genus","Basidiomycota","Agaricomycetes","Agaricales","Entolomataceae"
"Entomophaga","Insect_Pathogen",1,"B_genus","Entomophthoromycota","Entomophthoromycetes","Entomophthorales","Entomophthoraceae"
"Entomophthora","Animal_Pathogen Insect_Pathogen",2,"B_genus","Entomophthoromycota","Entomophthoromycetes","Entomophthorales","Entomophthoraceae"
"Entomosporium","Plant_Pathogen",1,"B_genus","Ascomycota","Leotiomycetes","Helotiales","Drepanopezizaceae"
"Entorrhiza","Plant_Pathogen",1,"B_genus","Basidiomycota","Entorrhizomycetes","Entorrhizales","Entorrhizaceae"
"Entrophospora","Arbuscular_Mycorrhizal",1,"B_genus","Glomeromycota","Glomeromycetes","Diversisporales","Acaulosporaceae"
"Entyloma","Biotrophic_plant_pathogen",2,"B_genus","Basidiomycota","Exobasidiomycetes","Entylomatales","Entylomataceae"
"Entylomaster","Plant_Pathogen",1,"B_genus","Basidiomycota","Exobasidiomycetes","Doassansiales","Doassansiaceae"
"Entylomella","Necrotrophic_plant_pathogen Plant_Pathogen",2,"B_genus","Basidiomycota","Exobasidiomycetes","Entylomatales","Entylomataceae"
"Eonema","Saprotroph",1,"B_genus","Basidiomycota","Agaricomycetes","Agaricales","Hygrophoraceae"
"Eopyrenula","Lichenized",1,"B_genus","Ascomycota","Incertae sedis","Incertae sedis","Incertae sedis"
"Epaphroconidia","Lichen_Parasite",1,"B_genus","Ascomycota","Incertae sedis","Incertae sedis","Incertae sedis"
"Ephebe","Lichenized",1,"B_genus","Ascomycota","Lichinomycetes","Lichinales","Lichinaceae"
"Ephelis","Plant_Pathogen",1,"B_genus","Ascomycota","Sordariomycetes","Hypocreales","Clavicipitaceae"
"Epibryon","Lichen_Parasite",1,"B_genus","Ascomycota","Eurotiomycetes","Chaetothyriales","Epibryaceae"
"Epichloe","Endophyte Insect_Pathogen Plant_Pathogen",3,"B_genus","Ascomycota","Sordariomycetes","Hypocreales","Clavicipitaceae"
"Epicladonia","Lichen_Parasite",1,"B_genus","Ascomycota","Leotiomycetes","Incertae sedis","Incertae sedis"
"Epicoccum","Endophyte Fungal_Parasite Lichen_Parasite Necrotrophic_plant_pathogen Plant_Pathogen Saprotroph Wood_Saprotroph",7,"B_genus","Ascomycota","Dothideomycetes","Pleosporales","Didymellaceae"
"Epidermophyton","Human_Pathogen",1,"B_genus","Ascomycota","Eurotiomycetes","Onygenales","Arthrodermataceae"
"Epigloea","Lichen_Parasite Lichenized",2,"B_genus","Ascomycota","Incertae sedis","Incertae sedis","Epigloeaceae"
"Epilichen","Lichen_Parasite",1,"B_genus","Ascomycota","Lecanoromycetes","Rhizocarpales","Rhizocarpaceae"
"Epiphloea","Lichenized",1,"B_genus","Ascomycota","Lecanoromycetes","Peltigerales","Collemataceae"
"Epiphora","Lichen_Parasite",1,"B_genus","Ascomycota","Arthoniomycetes","Arthoniales","Lecanographaceae"
"Episphaerella","Plant_Pathogen",1,"B_genus","Ascomycota","Dothideomycetes","Incertae sedis","Pseudoperisporiaceae"
"Epithamnolia","Lichen_Parasite",1,"B_genus","Ascomycota","Leotiomycetes","Leotiales","Mniaeciaceae"
"Epithele","Wood_Saprotroph",1,"B_genus","Basidiomycota","Agaricomycetes","Polyporales","Polyporaceae"
"Eremastrella","Lichenized",1,"B_genus","Ascomycota","Lecanoromycetes","Lecanorales","Psoraceae"
"Eremithallus","Lichenized",1,"B_genus","Ascomycota","Dothideomycetes","Eremithallales","Melaspileaceae"
"Eremothecella","Lichenized",1,"B_genus","Ascomycota","Arthoniomycetes","Arthoniales","Arthoniaceae"
"Eremothecium","Necrotrophic_plant_pathogen Plant_Pathogen",2,"B_genus","Ascomycota","Saccharomycetes","Saccharomycetales","Eremotheciaceae"
"Erichansenia","Lichen_Parasite Lichenized",2,"B_genus","Ascomycota","Lecanoromycetes","Teloschistales","Teloschistaceae"
"Erinacellus","Lichenized",1,"B_genus","Ascomycota","Lecanoromycetes","Peltigerales","Incertae sedis"
"Eriocaulago","Plant_Pathogen",1,"B_genus","Basidiomycota","Ustilaginomycetes","Ustilaginales","Ustilaginaceae"
"Eriocercosporella","Plant_Pathogen",1,"B_genus","Ascomycota","Dothideomycetes","Mycosphaerellales","Mycosphaerellaceae"
"Eriocortex","Plant_Pathogen",1,"B_genus","Basidiomycota","Ustilaginomycetes","Incertae sedis","Incertae sedis"
"Erioderma","Lichenized",1,"B_genus","Ascomycota","Lecanoromycetes","Peltigerales","Pannariaceae"
"Eriomoeszia","Plant_Pathogen",1,"B_genus","Basidiomycota","Ustilaginomycetes","Ustilaginales","Ustilaginaceae"
"Eriosporium","Plant_Pathogen",1,"B_genus","Basidiomycota","Ustilaginomycetes","Ustilaginales","Ustilaginaceae"
"Erratomyces","Plant_Pathogen",1,"B_genus","Basidiomycota","Exobasidiomycetes","Tilletiales","Erratomycetaceae"
"Erynia","Insect_Pathogen",1,"B_genus","Entomophthoromycota","Entomophthoromycetes","Entomophthorales","Entomophthoraceae"
"Eryniopsis","Insect_Pathogen",1,"B_genus","Entomophthoromycota","Entomophthoromycetes","Entomophthorales","Entomophthoraceae"
"Erysiphe","Biotrophic_plant_pathogen",1,"B_genus","Ascomycota","Leotiomycetes","Helotiales","Erysiphaceae"
"Erythricium","Lichen_Parasite Necrotrophic_plant_pathogen Saprotroph",3,"B_genus","Basidiomycota","Agaricomycetes","Corticiales","Corticiaceae"
"Eschatogonia","Lichenized",1,"B_genus","Ascomycota","Lecanoromycetes","Lecanorales","Ramalinaceae"
"Esslingeriana","Lichenized",1,"B_genus","Ascomycota","Lecanoromycetes","Lecanorales","Parmeliaceae"
"Etayoa","Lichen_Parasite",1,"B_genus","Ascomycota","Arthoniomycetes","Lichenostigmatales","Phaeococcomycetaceae"
"Euantennaria","Plant_Pathogen",1,"B_genus","Ascomycota","Dothideomycetes","Incertae sedis","Euantennariaceae"
"Eucasphaeria","Necrotrophic_plant_pathogen",1,"B_genus","Ascomycota","Sordariomycetes","Hypocreales","Incertae sedis"
"Eudarluca","Fungal_Parasite",1,"B_genus","Ascomycota","Dothideomycetes","Pleosporales","Phaeosphaeriaceae"
"Eugeniella","Lichenized",1,"B_genus","Ascomycota","Lecanoromycetes","Lecanorales","Byssolomataceae"
"Eumela","Plant_Pathogen",1,"B_genus","Ascomycota","Dothideomycetes","Incertae sedis","Pseudoperisporiaceae"
"Eumitria","Lichenized",1,"B_genus","Ascomycota","Lecanoromycetes","Lecanorales","Parmeliaceae"
"Euoidium","Biotrophic_plant_pathogen",1,"B_genus","Ascomycota","Leotiomycetes","Helotiales","Erysiphaceae"
"Euopsis","Lichenized",1,"B_genus","Ascomycota","Lichinomycetes","Lichinales","Lichinaceae"
"Eupelte","Plant_Pathogen",1,"B_genus","Ascomycota","Dothideomycetes","Asterinales","Asterinaceae"
"Eupenicillium","Plant_Pathogen",1,"B_genus","Ascomycota","Eurotiomycetes","Eurotiales","Aspergillaceae"
"Eupropolella","Plant_Pathogen",1,"B_genus","Ascomycota","Leotiomycetes","Helotiales","Calloriaceae"
"Euryachora","Plant_Pathogen",1,"B_genus","Ascomycota","Dothideomycetes","Mycosphaerellales","Mycosphaerellaceae"
"Euteratosphaeria","Plant_Pathogen",1,"B_genus","Ascomycota","Dothideomycetes","Mycosphaerellales","Teratosphaeriaceae"
"Eutiarosporella","Plant_Pathogen",1,"B_genus","Ascomycota","Dothideomycetes","Botryosphaeriales","Botryosphaeriaceae"
"Eutypa","Plant_Pathogen",1,"B_genus","Ascomycota","Sordariomycetes","Xylariales","Diatrypaceae"
"Eutypella","Necrotrophic_plant_pathogen Plant_Pathogen Wood_Saprotroph",3,"B_genus","Ascomycota","Sordariomycetes","Xylariales","Diatrypaceae"
"Evernia","Lichenized",1,"B_genus","Ascomycota","Lecanoromycetes","Lecanorales","Parmeliaceae"
"Everniastrum","Lichenized",1,"B_genus","Ascomycota","Lecanoromycetes","Lecanorales","Parmeliaceae"
"Everniicola","Lichen_Parasite",1,"B_genus","Ascomycota","Incertae sedis","Incertae sedis","Incertae sedis"
"Exidia","Endophyte Saprotroph",2,"B_genus","Basidiomycota","Agaricomycetes","Auriculariales","Auriculariaceae"
"Exidiopsis","Saprotroph",1,"B_genus","Basidiomycota","Agaricomycetes","Auriculariales","Auriculariaceae"
"Exobasidium","Necrotrophic_plant_pathogen Plant_Pathogen",2,"B_genus","Basidiomycota","Exobasidiomycetes","Exobasidiales","Exobasidiaceae"
"Exopassalora","Plant_Pathogen",1,"B_genus","Ascomycota","Dothideomycetes","Mycosphaerellales","Mycosphaerellaceae"
"Exophiala","Endophyte Fish_Pathogen Human_Pathogen Necrotrophic_plant_pathogen Saprotroph",5,"B_genus","Ascomycota","Eurotiomycetes","Chaetothyriales","Herpotrichiellaceae"
"Exosporium","Necrotrophic_plant_pathogen Plant_Pathogen",2,"B_genus","Ascomycota","Incertae sedis","Incertae sedis","Incertae sedis"
"Exoteliospora","Plant_Pathogen",1,"B_genus","Basidiomycota","Ustilaginomycetes","Ustilaginales","Melanotaeniaceae"
"Exserohilum","Endophyte Necrotrophic_plant_pathogen Plant_Pathogen",3,"B_genus","Ascomycota","Dothideomycetes","Pleosporales","Pleosporaceae"
"Exutisphaerella","Plant_Pathogen",1,"B_genus","Ascomycota","Dothideomycetes","Mycosphaerellales","Mycosphaerellaceae"
"Fabrella","Plant_Pathogen",1,"B_genus","Ascomycota","Leotiomycetes","Helotiales","Cenangiaceae"
"Faerberia","Wood_Saprotroph",1,"B_genus","Basidiomycota","Agaricomycetes","Polyporales","Incertae sedis"
"Fairmaniella","Plant_Pathogen",1,"B_genus","Ascomycota","Incertae sedis","Incertae sedis","Incertae sedis"
"Falciformispora","Human_Pathogen",1,"B_genus","Ascomycota","Dothideomycetes","Pleosporales","Incertae sedis"
"Farnoldia","Lichenized",1,"B_genus","Ascomycota","Lecanoromycetes","Lecideales","Lecideaceae"
"Farysia","Plant_Pathogen",1,"B_genus","Basidiomycota","Ustilaginomycetes","Ustilaginales","Anthracoideaceae"
"Farysporium","Plant_Pathogen",1,"B_genus","Basidiomycota","Ustilaginomycetes","Ustilaginales","Anthracoideaceae"
"Fauriea","Lichenized",1,"B_genus","Ascomycota","Lecanoromycetes","Teloschistales","Teloschistaceae"
"Favolaschia","Saprotroph",1,"B_genus","Basidiomycota","Agaricomycetes","Agaricales","Mycenaceae"
"Favolus","Wood_Saprotroph",1,"B_genus","Basidiomycota","Agaricomycetes","Polyporales","Polyporaceae"
"Fayodia","Saprotroph",1,"B_genus","Basidiomycota","Agaricomycetes","Agaricales","Incertae sedis"
"Feigeana","Lichenized",1,"B_genus","Ascomycota","Arthoniomycetes","Arthoniales","Roccellaceae"
"Felipes","Lichenized",1,"B_genus","Ascomycota","Arthoniomycetes","Arthoniales","Incertae sedis"
"Fellhanera","Algae_Parasite Lichenized",2,"B_genus","Ascomycota","Lecanoromycetes","Lecanorales","Byssolomataceae"
"Fellhaneropsis","Lichenized",1,"B_genus","Ascomycota","Lecanoromycetes","Lecanorales","Byssolomataceae"
"Feltgeniomyces","Lichen_Parasite",1,"B_genus","Ascomycota","Incertae sedis","Incertae sedis","Incertae sedis"
"Fenestroconidia","Lichen_Parasite",1,"B_genus","Ascomycota","Incertae sedis","Incertae sedis","Incertae sedis"
"Fereydounia","Plant_Pathogen",1,"B_genus","Basidiomycota","Ustilaginomycetes","Urocystidales","Fereydouniaceae"
"Ferraroa","Lichenized",1,"B_genus","Ascomycota","Lecanoromycetes","Ostropales","Gomphillaceae"
"Fevansia","Ectomycorrhizal",1,"B_genus","Basidiomycota","Agaricomycetes","Boletales","Rhizopogonaceae"
"Fibricium","Wood_Saprotroph",1,"B_genus","Basidiomycota","Agaricomycetes","Hymenochaetales","Incertae sedis"
"Fibrillithecis","Lichenized",1,"B_genus","Ascomycota","Lecanoromycetes","Ostropales","Graphidaceae"
"Fibrodontia","Wood_Saprotroph",1,"B_genus","Basidiomycota","Agaricomycetes","Hymenochaetales","Schizoporaceae"
"Fibroidium","Biotrophic_plant_pathogen",1,"B_genus","Ascomycota","Leotiomycetes","Helotiales","Erysiphaceae"
"Fibroporia","Wood_Saprotroph",1,"B_genus","Basidiomycota","Agaricomycetes","Polyporales","Fibroporiaceae"
"Fibulomyces","Wood_Saprotroph",1,"B_genus","Basidiomycota","Agaricomycetes","Atheliales","Atheliaceae"
"Filiella","Plant_Pathogen",1,"B_genus","Ascomycota","Dothideomycetes","Mycosphaerellales","Mycosphaerellaceae"
"Filobasidium","Epiphyte Saprotroph",2,"B_genus","Basidiomycota","Tremellomycetes","Filobasidiales","Filobasidiaceae"
"Fissurina","Lichenized",1,"B_genus","Ascomycota","Lecanoromycetes","Ostropales","Graphidaceae"
"Fistulina","Necrotrophic_plant_pathogen Plant_Pathogen Wood_Saprotroph",3,"B_genus","Basidiomycota","Agaricomycetes","Agaricales","Incertae sedis"
"Fistulinella","Ectomycorrhizal",1,"B_genus","Basidiomycota","Agaricomycetes","Boletales","Boletaceae"
"Flagellostrigula","Lichenized",1,"B_genus","Ascomycota","Dothideomycetes","Strigulales","Strigulaceae"
"Flakea","Lichenized",1,"B_genus","Ascomycota","Eurotiomycetes","Verrucariales","Verrucariaceae"
"Flamingomyces","Plant_Pathogen",1,"B_genus","Basidiomycota","Ustilaginomycetes","Urocystidales","Urocystidaceae"
"Flammula","Saprotroph",1,"B_genus","Basidiomycota","Agaricomycetes","Agaricales","Hymenogastraceae"
"Flammulaster","Saprotroph",1,"B_genus","Basidiomycota","Agaricomycetes","Agaricales","Tubariaceae"
"Flammulina","Wood_Saprotroph",1,"B_genus","Basidiomycota","Agaricomycetes","Agaricales","Physalacriaceae"
"Flavidoporia","Wood_Saprotroph",1,"B_genus","Basidiomycota","Agaricomycetes","Polyporales","Fomitopsidaceae"
"Flaviporus","Wood_Saprotroph",1,"B_genus","Basidiomycota","Agaricomycetes","Polyporales","Steccherinaceae"
"Flavobathelium","Lichenized",1,"B_genus","Ascomycota","Dothideomycetes","Strigulales","Strigulaceae"
"Flavoparmelia","Lichenized",1,"B_genus","Ascomycota","Lecanoromycetes","Lecanorales","Parmeliaceae"
"Flavoplaca","Lichen_Parasite Lichenized",2,"B_genus","Ascomycota","Lecanoromycetes","Teloschistales","Teloschistaceae"
"Flavopunctelia","Lichenized",1,"B_genus","Ascomycota","Lecanoromycetes","Lecanorales","Parmeliaceae"
"Flegographa","Lichenized",1,"B_genus","Ascomycota","Lecanoromycetes","Ostropales","Graphidaceae"
"Floccularia","Saprotroph",1,"B_genus","Basidiomycota","Agaricomycetes","Agaricales","Incertae sedis"
"Floromyces","Biotrophic_plant_pathogen",1,"B_genus","Basidiomycota","Ustilaginomycetes","Urocystidales","Floromycetaceae"
"Foliocryphia","Plant_Pathogen",1,"B_genus","Ascomycota","Sordariomycetes","Diaporthales","Cryphonectriaceae"
"Fomes","Necrotrophic_plant_pathogen Plant_Pathogen Wood_Saprotroph",3,"B_genus","Basidiomycota","Agaricomycetes","Polyporales","Polyporaceae"
"Fominiella","Lichenized",1,"B_genus","Ascomycota","Lecanoromycetes","Teloschistales","Teloschistaceae"
"Fomitella","Wood_Saprotroph",1,"B_genus","Basidiomycota","Agaricomycetes","Polyporales","Polyporaceae"
"Fomitiporella","Wood_Saprotroph",1,"B_genus","Basidiomycota","Agaricomycetes","Hymenochaetales","Hymenochaetaceae"
"Fomitiporia","Necrotrophic_plant_pathogen Plant_Pathogen Saprotroph",3,"B_genus","Basidiomycota","Agaricomycetes","Hymenochaetales","Hymenochaetaceae"
"Fomitopsis","Necrotrophic_plant_pathogen Plant_Pathogen Wood_Saprotroph",3,"B_genus","Basidiomycota","Agaricomycetes","Polyporales","Fomitopsidaceae"
"Fonsecaea","Human_Pathogen",1,"B_genus","Ascomycota","Eurotiomycetes","Chaetothyriales","Herpotrichiellaceae"
"Foraminispora","Wood_Saprotroph",1,"B_genus","Basidiomycota","Agaricomycetes","Polyporales","Polyporaceae"
"Fouragea","Lichenized",1,"B_genus","Ascomycota","Arthoniomycetes","Arthoniales","Opegraphaceae"
"Fragifomes","Wood_Saprotroph",1,"B_genus","Basidiomycota","Agaricomycetes","Polyporales","Fomitopsidaceae"
"Fragiliporia","Wood_Saprotroph",1,"B_genus","Basidiomycota","Agaricomycetes","Polyporales","Fragiliporiaceae"
"Fragosphaeria","Wood_Saprotroph",1,"B_genus","Ascomycota","Sordariomycetes","Microascales","Ceratocystidaceae"
"Franzpetrakia","Plant_Pathogen",1,"B_genus","Basidiomycota","Ustilaginomycetes","Ustilaginales","Ustilaginaceae"
"Fraxinicola","Endophyte Plant_Pathogen",2,"B_genus","Ascomycota","Dothideomycetes","Venturiales","Venturiaceae"
"Frigidopyrenia","Lichenized",1,"B_genus","Ascomycota","Incertae sedis","Incertae sedis","Incertae sedis"
"Frommeella","Biotrophic_plant_pathogen",1,"B_genus","Basidiomycota","Pucciniomycetes","Pucciniales","Phragmidiaceae"
"Frutidella","Lichenized",1,"B_genus","Ascomycota","Lecanoromycetes","Lecanorales","Ramalinaceae"
"Fulgensia","Lichenized",1,"B_genus","Ascomycota","Lecanoromycetes","Teloschistales","Teloschistaceae"
"Fulgidea","Lichenized",1,"B_genus","Ascomycota","Lecanoromycetes","Umbilicariales","Umbilicariaceae"
"Fulgogasparrea","Lichenized",1,"B_genus","Ascomycota","Lecanoromycetes","Teloschistales","Teloschistaceae"
"Fulvia","Plant_Pathogen",1,"B_genus","Ascomycota","Dothideomycetes","Mycosphaerellales","Mycosphaerellaceae"
"Fulvifomes","Plant_Pathogen Wood_Saprotroph",2,"B_genus","Basidiomycota","Agaricomycetes","Hymenochaetales","Hymenochaetaceae"
"Fulvisporium","Plant_Pathogen",1,"B_genus","Basidiomycota","Microbotryomycetes","Microbotryales","Ustilentylomataceae"
"Fulvoderma","Wood_Saprotroph",1,"B_genus","Basidiomycota","Agaricomycetes","Hymenochaetales","Hymenochaetaceae"
"Fulvophyton","Lichenized",1,"B_genus","Ascomycota","Arthoniomycetes","Arthoniales","Roccellographaceae"
"Fumiglobus","Plant_Pathogen",1,"B_genus","Ascomycota","Dothideomycetes","Capnodiales","Capnodiaceae"
"Funalia","Wood_Saprotroph",1,"B_genus","Basidiomycota","Agaricomycetes","Polyporales","Polyporaceae"
"Funneliformis","Arbuscular_Mycorrhizal",1,"B_genus","Glomeromycota","Glomeromycetes","Glomerales","Glomeraceae"
"Furcasterigmium","Wood_Saprotroph",1,"B_genus","Ascomycota","Sordariomycetes","Glomerellales","Plectosphaerellaceae"
"Furia","Insect_Pathogen",1,"B_genus","Entomophthoromycota","Entomophthoromycetes","Entomophthorales","Entomophthoraceae"
"Furtadoa","Wood_Saprotroph",1,"B_genus","Basidiomycota","Agaricomycetes","Polyporales","Polyporaceae"
"Fusariella","Saprotroph",1,"B_genus","Ascomycota","Incertae sedis","Incertae sedis","Incertae sedis"
"Fusarium","Endophyte Human_Pathogen Lichen_Parasite Necrotrophic_plant_pathogen Plant_Pathogen Saprotroph Wood_Saprotroph",7,"B_genus","Ascomycota","Sordariomycetes","Hypocreales","Nectriaceae"
"Fuscidea","Lichenized",1,"B_genus","Ascomycota","Lecanoromycetes","Umbilicariales","Fuscideaceae"
"Fuscoderma","Lichenized",1,"B_genus","Ascomycota","Lecanoromycetes","Peltigerales","Pannariaceae"
"Fuscohilum","Endophyte",1,"B_genus","Ascomycota","Dothideomycetes","Venturiales","Sympoventuriaceae"
"Fuscopannaria","Lichenized",1,"B_genus","Ascomycota","Lecanoromycetes","Peltigerales","Pannariaceae"
"Fuscoporia","Necrotrophic_plant_pathogen Wood_Saprotroph",2,"B_genus","Basidiomycota","Agaricomycetes","Hymenochaetales","Hymenochaetaceae"
"Fuscopostia","Wood_Saprotroph",1,"B_genus","Basidiomycota","Agaricomycetes","Polyporales","Incertae sedis"
"Fusculina","Plant_Pathogen",1,"B_genus","Ascomycota","Dothideomycetes","Pleosporales","Fusculinaceae"
"Fuscutata","Arbuscular_Mycorrhizal",1,"B_genus","Glomeromycota","Glomeromycetes","Diversisporales","Gigasporaceae"
"Fusicladiella","Plant_Pathogen",1,"B_genus","Ascomycota","Dothideomycetes","Mycosphaerellales","Mycosphaerellaceae"
"Fusicladium","Endophyte Necrotrophic_plant_pathogen Plant_Pathogen Saprotroph",4,"B_genus","Ascomycota","Dothideomycetes","Venturiales","Venturiaceae"
"Fusicoccum","Plant_Pathogen Saprotroph",2,"B_genus","Ascomycota","Dothideomycetes","Botryosphaeriales","Botryosphaeriaceae"
"Fusicolla","Plant_Pathogen",1,"B_genus","Ascomycota","Sordariomycetes","Hypocreales","Nectriaceae"
"Fusoidiella","Plant_Pathogen",1,"B_genus","Ascomycota","Dothideomycetes","Mycosphaerellales","Mycosphaerellaceae"
"Gabura","Lichenized",1,"B_genus","Ascomycota","Lecanoromycetes","Arctomiales","Arctomiaceae"
"Gaeumannomyces","Endophyte Necrotrophic_plant_pathogen Plant_Pathogen",3,"B_genus","Ascomycota","Sordariomycetes","Magnaporthales","Magnaporthaceae"
"Galerella","Saprotroph",1,"B_genus","Basidiomycota","Agaricomycetes","Agaricales","Bolbitiaceae"
"Galerina","Plant_Pathogen Saprotroph Wood_Saprotroph",3,"B_genus","Basidiomycota","Agaricomycetes","Agaricales","Hymenogastraceae"
"Galiicola","Saprotroph",1,"B_genus","Ascomycota","Dothideomycetes","Pleosporales","Phaeosphaeriaceae"
"Gallacea","Ectomycorrhizal",1,"B_genus","Basidiomycota","Agaricomycetes","Hysterangiales","Gallaceaceae"
"Gallowaya","Biotrophic_plant_pathogen",1,"B_genus","Basidiomycota","Pucciniomycetes","Pucciniales","Coleosporiaceae"
"Gallowayella","Lichenized",1,"B_genus","Ascomycota","Lecanoromycetes","Teloschistales","Teloschistaceae"
"Galzinia","Wood_Saprotroph",1,"B_genus","Basidiomycota","Agaricomycetes","Corticiales","Corticiaceae"
"Gamundia","Lichen_Parasite Saprotroph",2,"B_genus","Basidiomycota","Agaricomycetes","Agaricales","Incertae sedis"
"Ganoderma","Necrotrophic_plant_pathogen Plant_Pathogen Wood_Saprotroph",3,"B_genus","Basidiomycota","Agaricomycetes","Polyporales","Polyporaceae"
"Gassicurtia","Lichenized",1,"B_genus","Ascomycota","Lecanoromycetes","Caliciales","Caliciaceae"
"Gastroboletus","Ectomycorrhizal",1,"B_genus","Basidiomycota","Agaricomycetes","Boletales","Boletaceae"
"Gastrosporium","Saprotroph",1,"B_genus","Basidiomycota","Agaricomycetes","Phallales","Gastrosporiaceae"
"Gautieria","Ectomycorrhizal",1,"B_genus","Basidiomycota","Agaricomycetes","Gomphales","Gomphaceae"
"Geastrum","Ectomycorrhizal Saprotroph",2,"B_genus","Basidiomycota","Agaricomycetes","Geastrales","Geastraceae"
"Geastrumia","Plant_Pathogen",1,"B_genus","Ascomycota","Incertae sedis","Incertae sedis","Incertae sedis"
"Geejayessia","Plant_Pathogen",1,"B_genus","Ascomycota","Sordariomycetes","Hypocreales","Nectriaceae"
"Geisleria","Lichenized",1,"B_genus","Ascomycota","Lecanoromycetes","Ostropales","Stictidaceae"
"Gelatinomyces","Plant_Pathogen",1,"B_genus","Ascomycota","Leotiomycetes","Leotiales","Tympanidaceae"
"Gelopellis","Saprotroph",1,"B_genus","Basidiomycota","Agaricomycetes","Phallales","Claustulaceae"
"Geltingia","Lichen_Parasite",1,"B_genus","Ascomycota","Leotiomycetes","Phacidiales","Helicogoniaceae"
"Geminago","Plant_Pathogen",1,"B_genus","Basidiomycota","Ustilaginomycetes","Ustilaginales","Geminaginaceae"
"Gemmamyces","Plant_Pathogen",1,"B_genus","Ascomycota","Dothideomycetes","Pleosporales","Cucurbitariaceae"
"Gemmaspora","Lichen_Parasite",1,"B_genus","Ascomycota","Eurotiomycetes","Verrucariales","Incertae sedis"
"Genea","Ectomycorrhizal",1,"B_genus","Ascomycota","Pezizomycetes","Pezizales","Pyronemataceae"
"Geniculifera","Nematode_Trapping",1,"B_genus","Ascomycota","Orbiliomycetes","Orbiliales","Orbiliaceae"
"Geoglossum","Saprotroph",1,"B_genus","Ascomycota","Geoglossomycetes","Geoglossales","Geoglossaceae"
"Geopyxis","Endophyte",1,"B_genus","Ascomycota","Pezizomycetes","Pezizales","Pyronemataceae"
"Georgefischeria","Plant_Pathogen",1,"B_genus","Basidiomycota","Exobasidiomycetes","Georgefischeriales","Georgefischeriaceae"
"Geosiphon","Lichenized",1,"B_genus","Glomeromycota","Glomeromycetes","Archaeosporales","Geosiphonaceae"
"Geosmithia","Necrotrophic_plant_pathogen Plant_Pathogen",2,"B_genus","Ascomycota","Sordariomycetes","Hypocreales","Incertae sedis"
"Geotrichum","Human_Pathogen",1,"B_genus","Ascomycota","Saccharomycetes","Saccharomycetales","Dipodascaceae"
"Gerhardtia","Saprotroph",1,"B_genus","Basidiomycota","Agaricomycetes","Agaricales","Lyophyllaceae"
"Gerronema","Saprotroph",1,"B_genus","Basidiomycota","Agaricomycetes","Agaricales","Incertae sedis"
"Gerwasia","Biotrophic_plant_pathogen",1,"B_genus","Basidiomycota","Pucciniomycetes","Pucciniales","Phragmidiaceae"
"Gibbago","Plant_Pathogen",1,"B_genus","Ascomycota","Dothideomycetes","Pleosporales","Pleosporaceae"
"Gibbera","Plant_Pathogen",1,"B_genus","Ascomycota","Dothideomycetes","Venturiales","Venturiaceae"
"Gibberella","Endophyte Human_Pathogen Necrotrophic_plant_pathogen Plant_Pathogen",4,"B_genus","Ascomycota","Sordariomycetes","Hypocreales","Nectriaceae"
"Gibellina","Necrotrophic_plant_pathogen",1,"B_genus","Ascomycota","Sordariomycetes","Phyllachorales","Phyllachoraceae"
"Gibellulopsis","Plant_Pathogen",1,"B_genus","Ascomycota","Sordariomycetes","Glomerellales","Plectosphaerellaceae"
"Gigaspora","Arbuscular_Mycorrhizal",1,"B_genus","Glomeromycota","Glomeromycetes","Diversisporales","Gigasporaceae"
"Gilbertella","Necrotrophic_plant_pathogen",1,"B_genus","Mucoromycota","Mucoromycetes","Mucorales","Choanephoraceae"
"Ginnsia","Wood_Saprotroph",1,"B_genus","Basidiomycota","Agaricomycetes","Hymenochaetales","Incertae sedis"
"Gintarasia","Lichenized",1,"B_genus","Ascomycota","Lecanoromycetes","Ostropales","Graphidaceae"
"Gjaerumia","Plant_Pathogen",1,"B_genus","Basidiomycota","Exobasidiomycetes","Georgefischeriales","Gjaerumiaceae"
"Glaucomaria","Lichen_Parasite Lichenized",2,"B_genus","Ascomycota","Lecanoromycetes","Lecanorales","Lecanoraceae"
"Glaucotrema","Lichenized",1,"B_genus","Ascomycota","Lecanoromycetes","Ostropales","Graphidaceae"
"Glenospora","Wood_Saprotroph",1,"B_genus","Basidiomycota","Pucciniomycetes","Septobasidiales","Septobasidiaceae"
"Gliocephalis","Lichen_Parasite",1,"B_genus","Ascomycota","Laboulbeniomycetes","Pyxidiophorales","Pyxidiophoraceae"
"Gliocephalotrichum","Necrotrophic_plant_pathogen Saprotroph",2,"B_genus","Ascomycota","Sordariomycetes","Hypocreales","Nectriaceae"
"Gliocladiopsis","Plant_Pathogen",1,"B_genus","Ascomycota","Sordariomycetes","Hypocreales","Nectriaceae"
"Globobotrys","Plant_Pathogen",1,"B_genus","Ascomycota","Sordariomycetes","Hypocreales","Stachybotryaceae"
"Globosphaeria","Lichen_Parasite",1,"B_genus","Ascomycota","Sordariomycetes","Sordariales","Incertae sedis"
"Globulicium","Wood_Saprotroph",1,"B_genus","Basidiomycota","Agaricomycetes","Hymenochaetales","Rickenellaceae"
"Gloeocantharellus","Ectomycorrhizal Saprotroph",2,"B_genus","Basidiomycota","Agaricomycetes","Gomphales","Gomphaceae"
"Gloeocercospora","Necrotrophic_plant_pathogen",1,"B_genus","Ascomycota","Sordariomycetes","Xylariales","Incertae sedis"
"Gloeocoryneum","Endophyte",1,"B_genus","Ascomycota","Incertae sedis","Incertae sedis","Incertae sedis"
"Gloeocystidiellum","Necrotrophic_plant_pathogen Wood_Saprotroph",2,"B_genus","Basidiomycota","Agaricomycetes","Russulales","Stereaceae"
"Gloeodes","Plant_Pathogen",1,"B_genus","Ascomycota","Incertae sedis","Incertae sedis","Incertae sedis"
"Gloeodontia","Wood_Saprotroph",1,"B_genus","Basidiomycota","Agaricomycetes","Russulales","Incertae sedis"
"Gloeoheppia","Lichenized",1,"B_genus","Ascomycota","Lichinomycetes","Lichinales","Gloeoheppiaceae"
"Gloeopeniophorella","Plant_Pathogen Wood_Saprotroph",2,"B_genus","Basidiomycota","Agaricomycetes","Russulales","Russulaceae"
"Gloeophyllum","Wood_Saprotroph",1,"B_genus","Basidiomycota","Agaricomycetes","Gloeophyllales","Gloeophyllaceae"
"Gloeoporus","Wood_Saprotroph",1,"B_genus","Basidiomycota","Agaricomycetes","Polyporales","Irpicaceae"
"Gloeosporidina","Plant_Pathogen",1,"B_genus","Ascomycota","Sordariomycetes","Diaporthales","Gnomoniaceae"
"Gloeosporidium","Plant_Pathogen",1,"B_genus","Ascomycota","Sordariomycetes","Diaporthales","Gnomoniaceae"
"Gloeosporium","Endophyte Plant_Pathogen",2,"B_genus","Ascomycota","Leotiomycetes","Helotiales","Drepanopezizaceae"
"Gloeostereum","Wood_Saprotroph",1,"B_genus","Basidiomycota","Agaricomycetes","Agaricales","Cyphellaceae"
"Gloeotinia","Plant_Pathogen",1,"B_genus","Ascomycota","Leotiomycetes","Helotiales","Helotiaceae"
"Gloiocephala","Saprotroph",1,"B_genus","Basidiomycota","Agaricomycetes","Agaricales","Physalacriaceae"
"Gloiodon","Wood_Saprotroph",1,"B_genus","Basidiomycota","Agaricomycetes","Russulales","Bondarzewiaceae"
"Gloiothele","Wood_Saprotroph",1,"B_genus","Basidiomycota","Agaricomycetes","Russulales","Peniophoraceae"
"Glomerella","Plant_Pathogen",1,"B_genus","Ascomycota","Sordariomycetes","Glomerellales","Glomerellaceae"
"Glomopsis","Plant_Pathogen",1,"B_genus","Basidiomycota","Pucciniomycetes","Platygloeales","Platygloeaceae"
"Glomosporium","Plant_Pathogen",1,"B_genus","Basidiomycota","Ustilaginomycetes","Urocystidales","Glomosporiaceae"
"Glomus","Arbuscular_Mycorrhizal",1,"B_genus","Glomeromycota","Glomeromycetes","Glomerales","Glomeraceae"
"Glonium","Lichenized Saprotroph",2,"B_genus","Ascomycota","Dothideomycetes","Mytilinidiales","Gloniaceae"
"Glutinomyces","Endophyte",1,"B_genus","Ascomycota","Leotiomycetes","Helotiales","Hyphodiscaceae"
"Glyphis","Lichenized",1,"B_genus","Ascomycota","Lecanoromycetes","Ostropales","Graphidaceae"
"Glypholecia","Lichenized",1,"B_genus","Ascomycota","Lecanoromycetes","Acarosporales","Acarosporaceae"
"Glyphopeltis","Lichenized",1,"B_genus","Ascomycota","Lecanoromycetes","Lecanorales","Psoraceae"
"Gnomonia","Plant_Pathogen",1,"B_genus","Ascomycota","Sordariomycetes","Diaporthales","Gnomoniaceae"
"Gnomoniella","Plant_Pathogen",1,"B_genus","Ascomycota","Sordariomycetes","Diaporthales","Gnomoniaceae"
"Gnomoniopsis","Necrotrophic_plant_pathogen Plant_Pathogen",2,"B_genus","Ascomycota","Sordariomycetes","Diaporthales","Gnomoniaceae"
"Godronia","Plant_Pathogen",1,"B_genus","Ascomycota","Leotiomycetes","Helotiales","Godroniaceae"
"Godroniopsis","Plant_Pathogen",1,"B_genus","Ascomycota","Leotiomycetes","Helotiales","Incertae sedis"
"Golovinomyces","Biotrophic_plant_pathogen",1,"B_genus","Ascomycota","Leotiomycetes","Helotiales","Erysiphaceae"
"Golubkovia","Lichenized",1,"B_genus","Ascomycota","Lecanoromycetes","Teloschistales","Teloschistaceae"
"Gomphidius","Ectomycorrhizal Plant_Pathogen",2,"B_genus","Basidiomycota","Agaricomycetes","Boletales","Gomphidiaceae"
"Gomphillus","Lichenized",1,"B_genus","Ascomycota","Lecanoromycetes","Ostropales","Gomphillaceae"
"Gomphus","Ectomycorrhizal",1,"B_genus","Basidiomycota","Agaricomycetes","Gomphales","Gomphaceae"
"Gonatobotryum","Endophyte Plant_Pathogen",2,"B_genus","Ascomycota","Incertae sedis","Incertae sedis","Incertae sedis"
"Gonatophragmium","Lichen_Parasite Necrotrophic_plant_pathogen Plant_Pathogen",3,"B_genus","Ascomycota","Dothideomycetes","Acrospermales","Acrospermaceae"
"Gondwania","Lichenized",1,"B_genus","Ascomycota","Lecanoromycetes","Teloschistales","Teloschistaceae"
"Gonohymenia","Lichenized",1,"B_genus","Ascomycota","Lichinomycetes","Lichinales","Lichinaceae"
"Gonytrichum","Wood_Saprotroph",1,"B_genus","Ascomycota","Sordariomycetes","Chaetosphaeriales","Chaetosphaeriaceae"
"Goplana","Biotrophic_plant_pathogen",1,"B_genus","Basidiomycota","Pucciniomycetes","Pucciniales","Chaconiaceae"
"Gowardia","Lichenized",1,"B_genus","Ascomycota","Lecanoromycetes","Lecanorales","Parmeliaceae"
"Graminopassalora","Plant_Pathogen",1,"B_genus","Ascomycota","Dothideomycetes","Mycosphaerellales","Mycosphaerellaceae"
"Grammothele","Wood_Saprotroph",1,"B_genus","Basidiomycota","Agaricomycetes","Polyporales","Polyporaceae"
"Grammothelopsis","Wood_Saprotroph",1,"B_genus","Basidiomycota","Agaricomycetes","Polyporales","Polyporaceae"
"Granulobasidium","Plant_Pathogen Wood_Saprotroph",2,"B_genus","Basidiomycota","Agaricomycetes","Agaricales","Cyphellaceae"
"Graphidastra","Lichenized",1,"B_genus","Ascomycota","Arthoniomycetes","Arthoniales","Roccellaceae"
"Graphilbum","Plant_Pathogen",1,"B_genus","Ascomycota","Sordariomycetes","Ophiostomatales","Ophiostomataceae"
"Graphina","Lichenized",1,"B_genus","Ascomycota","Lecanoromycetes","Ostropales","Graphidaceae"
"Graphiocladiella","Plant_Pathogen",1,"B_genus","Ascomycota","Sordariomycetes","Ophiostomatales","Ophiostomataceae"
"Graphiola","Plant_Pathogen",1,"B_genus","Basidiomycota","Exobasidiomycetes","Exobasidiales","Graphiolaceae"
"Graphis","Lichenized",1,"B_genus","Ascomycota","Lecanoromycetes","Ostropales","Graphidaceae"
"Graphium","Human_Pathogen Lichen_Parasite Necrotrophic_plant_pathogen Plant_Pathogen Wood_Saprotroph",5,"B_genus","Ascomycota","Sordariomycetes","Microascales","Microascaceae"
"Graphyllium","Plant_Pathogen",1,"B_genus","Ascomycota","Dothideomycetes","Pleosporales","Diademaceae"
"Greeneria","Necrotrophic_plant_pathogen",1,"B_genus","Ascomycota","Dothideomycetes","Botryosphaeriales","Phyllostictaceae"
"Gregorella","Lichenized",1,"B_genus","Ascomycota","Lecanoromycetes","Arctomiales","Arctomiaceae"
"Gremmenia","Plant_Pathogen Saprotroph",2,"B_genus","Ascomycota","Leotiomycetes","Helotiales","Hamatocanthoscyphaceae"
"Gremmeniella","Necrotrophic_plant_pathogen Plant_Pathogen",2,"B_genus","Ascomycota","Leotiomycetes","Helotiales","Godroniaceae"
"Grifola","Necrotrophic_plant_pathogen Plant_Pathogen Wood_Saprotroph",3,"B_genus","Basidiomycota","Agaricomycetes","Polyporales","Grifolaceae"
"Grosmannia","Necrotrophic_plant_pathogen Plant_Pathogen",2,"B_genus","Ascomycota","Sordariomycetes","Microascales","Ceratocystidaceae"
"Grovesiella","Fungal_Parasite Plant_Pathogen",2,"B_genus","Ascomycota","Leotiomycetes","Helotiales","Godroniaceae"
"Grovesinia","Plant_Pathogen",1,"B_genus","Ascomycota","Leotiomycetes","Helotiales","Sclerotiniaceae"
"Guceviczia","Plant_Pathogen",1,"B_genus","Ascomycota","Incertae sedis","Incertae sedis","Incertae sedis"
"Gudelia","Lichenized",1,"B_genus","Ascomycota","Lichinomycetes","Lichinales","Gloeoheppiaceae"
"Guepinia","Saprotroph",1,"B_genus","Basidiomycota","Agaricomycetes","Auriculariales","Incertae sedis"
"Guignardia","Endophyte Necrotrophic_plant_pathogen Plant_Pathogen",3,"B_genus","Ascomycota","Dothideomycetes","Botryosphaeriales","Phyllostictaceae"
"Gummiglobus","Ectomycorrhizal",1,"B_genus","Basidiomycota","Agaricomycetes","Hysterangiales","Mesophelliaceae"
"Guyanagarika","Ectomycorrhizal",1,"B_genus","Basidiomycota","Agaricomycetes","Agaricales","Callistosporiaceae"
"Guyanagaster","Saprotroph",1,"B_genus","Basidiomycota","Agaricomycetes","Agaricales","Physalacriaceae"
"Guyanaporus","Ectomycorrhizal",1,"B_genus","Basidiomycota","Agaricomycetes","Boletales","Boletaceae"
"Gyalecta","Lichenized",1,"B_genus","Ascomycota","Lecanoromycetes","Gyalectales","Gyalectaceae"
"Gyalectaria","Lichenized",1,"B_genus","Ascomycota","Lecanoromycetes","Pertusariales","Coccotremataceae"
"Gyalectidium","Lichenized",1,"B_genus","Ascomycota","Lecanoromycetes","Ostropales","Gomphillaceae"
"Gyalidea","Lichenized",1,"B_genus","Ascomycota","Lecanoromycetes","Ostropales","Gomphillaceae"
"Gyalideopsis","Lichen_Parasite Lichenized",2,"B_genus","Ascomycota","Lecanoromycetes","Ostropales","Gomphillaceae"
"Gyalolechia","Lichenized",1,"B_genus","Ascomycota","Lecanoromycetes","Teloschistales","Teloschistaceae"
"Gymnascella","Human_Pathogen Saprotroph",2,"B_genus","Ascomycota","Eurotiomycetes","Onygenales","Gymnoascaceae"
"Gymnoascus","Dung_Saprotroph",1,"B_genus","Ascomycota","Eurotiomycetes","Onygenales","Gymnoascaceae"
"Gymnoconia","Biotrophic_plant_pathogen",1,"B_genus","Basidiomycota","Pucciniomycetes","Pucciniales","Phragmidiaceae"
"Gymnoderma","Lichenized",1,"B_genus","Ascomycota","Lecanoromycetes","Lecanorales","Cladoniaceae"
"Gymnogaster","Ectomycorrhizal",1,"B_genus","Basidiomycota","Agaricomycetes","Boletales","Boletaceae"
"Gymnographa","Lichenized",1,"B_genus","Ascomycota","Lecanoromycetes","Ostropales","Graphidaceae"
"Gymnographopsis","Lichenized",1,"B_genus","Ascomycota","Lecanoromycetes","Ostropales","Graphidaceae"
"Gymnopaxillus","Ectomycorrhizal",1,"B_genus","Basidiomycota","Agaricomycetes","Boletales","Serpulaceae"
"Gymnopilus","Wood_Saprotroph",1,"B_genus","Basidiomycota","Agaricomycetes","Agaricales","Hymenogastraceae"
"Gymnopus","Plant_Pathogen Saprotroph",2,"B_genus","Basidiomycota","Agaricomycetes","Agaricales","Omphalotaceae"
"Gymnosporangium","Biotrophic_plant_pathogen",1,"B_genus","Basidiomycota","Pucciniomycetes","Pucciniales","Gymnosporangiaceae"
"Gymnotelium","Biotrophic_plant_pathogen",1,"B_genus","Basidiomycota","Pucciniomycetes","Pucciniales","Pucciniaceae"
"Gyoerffyella","Plant_Pathogen",1,"B_genus","Ascomycota","Leotiomycetes","Helotiales","Discinellaceae"
"Gypsoplaca","Lichenized",1,"B_genus","Ascomycota","Lecanoromycetes","Lecanorales","Gypsoplacaceae"
"Gyrodon","Ectomycorrhizal",1,"B_genus","Basidiomycota","Agaricomycetes","Boletales","Paxillaceae"
"Gyrodontium","Wood_Saprotroph",1,"B_genus","Basidiomycota","Agaricomycetes","Boletales","Coniophoraceae"
"Gyroflexus","Wood_Saprotroph",1,"B_genus","Basidiomycota","Agaricomycetes","Hymenochaetales","Incertae sedis"
"Gyrographa","Lichenized",1,"B_genus","Ascomycota","Arthoniomycetes","Arthoniales","Roccellaceae"
"Gyromitra","Saprotroph",1,"B_genus","Ascomycota","Pezizomycetes","Pezizales","Discinaceae"
"Gyrophthorus","Lichen_Parasite",1,"B_genus","Ascomycota","Incertae sedis","Incertae sedis","Incertae sedis"
"Gyroporus","Ectomycorrhizal",1,"B_genus","Basidiomycota","Agaricomycetes","Boletales","Gyroporaceae"
"Gyrostroma","Plant_Pathogen",1,"B_genus","Ascomycota","Sordariomycetes","Hypocreales","Incertae sedis"
"Gyrotrema","Lichenized",1,"B_genus","Ascomycota","Lecanoromycetes","Ostropales","Graphidaceae"
"Haasiella","Saprotroph",1,"B_genus","Basidiomycota","Agaricomycetes","Agaricales","Hygrophoraceae"
"Haematomma","Lichenized",1,"B_genus","Ascomycota","Lecanoromycetes","Lecanorales","Haematommataceae"
"Hafellia","Lichenized",1,"B_genus","Ascomycota","Lecanoromycetes","Caliciales","Caliciaceae"
"Hainesia","Lichen_Parasite Plant_Pathogen",2,"B_genus","Ascomycota","Leotiomycetes","Chaetomellales","Chaetomellaceae"
"Halecania","Algae_Parasite Lichen_Parasite Lichenized",3,"B_genus","Ascomycota","Lecanoromycetes","Incertae sedis","Leprocaulaceae"
"Halegrapha","Lichenized",1,"B_genus","Ascomycota","Lecanoromycetes","Ostropales","Graphidaceae"
"Haleomyces","Lichen_Parasite",1,"B_genus","Ascomycota","Eurotiomycetes","Verrucariales","Verrucariaceae"
"Hallingea","Ectomycorrhizal",1,"B_genus","Basidiomycota","Agaricomycetes","Hysterangiales","Gallaceaceae"
"Haloaleurodiscus","Wood_Saprotroph",1,"B_genus","Basidiomycota","Agaricomycetes","Russulales","Incertae sedis"
"Halonatospora","Arbuscular_Mycorrhizal",1,"B_genus","Glomeromycota","Glomeromycetes","Glomerales","Glomeraceae"
"Haloplaca","Lichenized",1,"B_genus","Ascomycota","Lecanoromycetes","Teloschistales","Teloschistaceae"
"Halospora","Lichen_Parasite",1,"B_genus","Ascomycota","Eurotiomycetes","Verrucariales","Verrucariaceae"
"Hamaspora","Biotrophic_plant_pathogen",1,"B_genus","Basidiomycota","Pucciniomycetes","Pucciniales","Phragmidiaceae"
"Hannaella","Human_Pathogen",1,"B_genus","Basidiomycota","Tremellomycetes","Tremellales","Bulleribasidiaceae"
"Hanseniaspora","Human_Pathogen",1,"B_genus","Ascomycota","Saccharomycetes","Saccharomycetales","Saccharomycodaceae"
"Hansfordia","Endophyte Fungal_Parasite",2,"B_genus","Ascomycota","Sordariomycetes","Xylariales","Xylariaceae"
"Hansfordiellopsis","Lichen_Parasite",1,"B_genus","Ascomycota","Dothideomycetes","Incertae sedis","Incertae sedis"
"Hanstrassia","Lichenized",1,"B_genus","Ascomycota","Lecanoromycetes","Teloschistales","Teloschistaceae"
"Hapalophragmium","Biotrophic_plant_pathogen",1,"B_genus","Basidiomycota","Pucciniomycetes","Pucciniales","Raveneliaceae"
"Hapalosphaeria","Plant_Pathogen",1,"B_genus","Ascomycota","Incertae sedis","Incertae sedis","Incertae sedis"
"Haplobasidion","Necrotrophic_plant_pathogen",1,"B_genus","Ascomycota","Incertae sedis","Incertae sedis","Incertae sedis"
"Haploporus","Wood_Saprotroph",1,"B_genus","Basidiomycota","Agaricomycetes","Polyporales","Polyporaceae"
"Haradamyces","Plant_Pathogen",1,"B_genus","Ascomycota","Leotiomycetes","Helotiales","Sclerotiniaceae"
"Harknessia","Necrotrophic_plant_pathogen Plant_Pathogen Saprotroph",3,"B_genus","Ascomycota","Sordariomycetes","Diaporthales","Harknessiaceae"
"Harpidium","Lichenized",1,"B_genus","Ascomycota","Lichinomycetes","Lichinales","Lichinaceae"
"Harpophora","Endophyte Plant_Pathogen",2,"B_genus","Ascomycota","Sordariomycetes","Magnaporthales","Magnaporthaceae"
"Harposporium","Insect_Pathogen",1,"B_genus","Ascomycota","Sordariomycetes","Hypocreales","Clavicipitaceae"
"Harrya","Ectomycorrhizal",1,"B_genus","Basidiomycota","Agaricomycetes","Boletales","Boletaceae"
"Harzia","Fungal_Parasite Wood_Saprotroph",2,"B_genus","Ascomycota","Sordariomycetes","Melanosporales","Ceratostomataceae"
"Hassea","Lichen_Parasite",1,"B_genus","Ascomycota","Dothideomycetes","Incertae sedis","Incertae sedis"
"Hastodontia","Wood_Saprotroph",1,"B_genus","Basidiomycota","Agaricomycetes","Hymenochaetales","Hymenochaetaceae"
"Hawksworthiana","Lichen_Parasite Plant_Pathogen",2,"B_genus","Ascomycota","Incertae sedis","Incertae sedis","Incertae sedis"
"Hazslinszkya","Lichenized Saprotroph",2,"B_genus","Ascomycota","Dothideomycetes","Eremithallales","Melaspileaceae"
"Hebeloma","Ectomycorrhizal",1,"B_genus","Basidiomycota","Agaricomycetes","Agaricales","Hymenogastraceae"
"Heimiomyces","Saprotroph",1,"B_genus","Basidiomycota","Agaricomycetes","Agaricales","Mycenaceae"
"Heimioporus","Ectomycorrhizal",1,"B_genus","Basidiomycota","Agaricomycetes","Boletales","Boletaceae"
"Heinemannomyces","Saprotroph",1,"B_genus","Basidiomycota","Agaricomycetes","Agaricales","Agaricaceae"
"Heiomasia","Lichenized",1,"B_genus","Ascomycota","Lecanoromycetes","Ostropales","Graphidaceae"
"Helicobasidium","Insect_Pathogen Plant_Pathogen",2,"B_genus","Basidiomycota","Pucciniomycetes","Helicobasidiales","Helicobasidiaceae"
"Helicobolomyces","Lichen_Parasite",1,"B_genus","Ascomycota","Arthoniomycetes","Arthoniales","Arthoniaceae"
"Helicoceras","Biotrophic_plant_pathogen",1,"B_genus","Ascomycota","Incertae sedis","Incertae sedis","Incertae sedis"
"Helicomina","Plant_Pathogen",1,"B_genus","Ascomycota","Dothideomycetes","Mycosphaerellales","Mycosphaerellaceae"
"Helicosingula","Plant_Pathogen",1,"B_genus","Ascomycota","Incertae sedis","Incertae sedis","Incertae sedis"
"Heliocybe","Wood_Saprotroph",1,"B_genus","Basidiomycota","Agaricomycetes","Gloeophyllales","Gloeophyllaceae"
"Heliogaster","Ectomycorrhizal",1,"B_genus","Basidiomycota","Agaricomycetes","Boletales","Boletaceae"
"Helminthophora","Fungal_Parasite",1,"B_genus","Ascomycota","Incertae sedis","Incertae sedis","Incertae sedis"
"Helminthosphaeria","Fungal_Parasite",1,"B_genus","Ascomycota","Sordariomycetes","Sordariales","Helminthosphaeriaceae"
"Helminthosporiella","Necrotrophic_plant_pathogen",1,"B_genus","Ascomycota","Dothideomycetes","Pleosporales","Massarinaceae"
"Helminthosporium","Endophyte Plant_Pathogen",2,"B_genus","Ascomycota","Dothideomycetes","Pleosporales","Massarinaceae"
"Helocarpon","Lichenized",1,"B_genus","Ascomycota","Lecanoromycetes","Incertae sedis","Helocarpaceae"
"Helvella","Saprotroph",1,"B_genus","Ascomycota","Pezizomycetes","Pezizales","Helvellaceae"
"Helvellosebacina","Ectomycorrhizal",1,"B_genus","Basidiomycota","Agaricomycetes","Sebacinales","Sebacinaceae"
"Hemibeltrania","Plant_Pathogen",1,"B_genus","Ascomycota","Sordariomycetes","Sordariales","Beltraniaceae"
"Hemigrapha","Lichen_Parasite",1,"B_genus","Ascomycota","Dothideomycetes","Asterinales","Hemigraphaceae"
"Hemileccinum","Ectomycorrhizal",1,"B_genus","Basidiomycota","Agaricomycetes","Boletales","Boletaceae"
"Hemileia","Biotrophic_plant_pathogen",1,"B_genus","Basidiomycota","Pucciniomycetes","Pucciniales","Incertae sedis"
"Hemimycena","Saprotroph",1,"B_genus","Basidiomycota","Agaricomycetes","Agaricales","Mycenaceae"
"Hemistropharia","Saprotroph",1,"B_genus","Basidiomycota","Agaricomycetes","Agaricales","Tubariaceae"
"Hemithecium","Lichenized",1,"B_genus","Ascomycota","Lecanoromycetes","Ostropales","Graphidaceae"
"Hendersonia","Plant_Pathogen",1,"B_genus","Ascomycota","Dothideomycetes","Pleosporales","Phaeosphaeriaceae"
"Hendersonula","Plant_Pathogen Saprotroph",2,"B_genus","Ascomycota","Dothideomycetes","Botryosphaeriales","Incertae sedis"
"Henningsomyces","Saprotroph",1,"B_genus","Basidiomycota","Agaricomycetes","Agaricales","Incertae sedis"
"Henrica","Lichenized",1,"B_genus","Ascomycota","Eurotiomycetes","Verrucariales","Verrucariaceae"
"Henssenia","Lichenized",1,"B_genus","Ascomycota","Lecanoromycetes","Peltigerales","Koerberiaceae"
"Heppia","Lichenized",1,"B_genus","Ascomycota","Lichinomycetes","Lichinales","Lichinaceae"
"Hericium","Plant_Pathogen Wood_Saprotroph",2,"B_genus","Basidiomycota","Agaricomycetes","Russulales","Hericiaceae"
"Hermanssonia","Wood_Saprotroph",1,"B_genus","Basidiomycota","Agaricomycetes","Polyporales","Meruliaceae"
"Herpothallon","Lichenized",1,"B_genus","Ascomycota","Arthoniomycetes","Arthoniales","Arthoniaceae"
"Herpotrichia","Plant_Pathogen Saprotroph",2,"B_genus","Ascomycota","Dothideomycetes","Pleosporales","Melanommataceae"
"Herteliana","Lichenized",1,"B_genus","Ascomycota","Lecanoromycetes","Lecanorales","Ramalinaceae"
"Hertelidea","Lichenized",1,"B_genus","Ascomycota","Lecanoromycetes","Lecanorales","Stereocaulaceae"
"Hertella","Lichenized",1,"B_genus","Ascomycota","Lecanoromycetes","Peltigerales","Placynthiaceae"
"Heteroacanthella","Lichen_Parasite",1,"B_genus","Basidiomycota","Agaricomycetes","Incertae sedis","Incertae sedis"
"Heterobasidion","Necrotrophic_plant_pathogen Plant_Pathogen Wood_Saprotroph",3,"B_genus","Basidiomycota","Agaricomycetes","Russulales","Bondarzewiaceae"
"Heterocarpon","Lichen_Parasite",1,"B_genus","Ascomycota","Eurotiomycetes","Verrucariales","Verrucariaceae"
"Heterocephalacria","Lichen_Parasite",1,"B_genus","Basidiomycota","Tremellomycetes","Filobasidiales","Filobasidiaceae"
"Heterochaete","Saprotroph",1,"B_genus","Basidiomycota","Agaricomycetes","Auriculariales","Auriculariaceae"
"Heteroconium","Necrotrophic_plant_pathogen Saprotroph",2,"B_genus","Ascomycota","Dothideomycetes","Capnodiales","Antennulariellaceae"
"Heterodermia","Lichenized",1,"B_genus","Ascomycota","Lecanoromycetes","Caliciales","Physciaceae"
"Heterodoassansia","Plant_Pathogen",1,"B_genus","Basidiomycota","Exobasidiomycetes","Doassansiales","Doassansiaceae"
"Heterophoma","Necrotrophic_plant_pathogen Plant_Pathogen",2,"B_genus","Ascomycota","Dothideomycetes","Pleosporales","Didymellaceae"
"Heteroplacidium","Lichen_Parasite Lichenized",2,"B_genus","Ascomycota","Eurotiomycetes","Verrucariales","Verrucariaceae"
"Heterosphaeria","Plant_Pathogen",1,"B_genus","Ascomycota","Leotiomycetes","Helotiales","Heterosphaeriaceae"
"Heterosporicola","Plant_Pathogen",1,"B_genus","Ascomycota","Dothideomycetes","Pleosporales","Leptosphaeriaceae"
"Heterotolyposporium","Plant_Pathogen",1,"B_genus","Basidiomycota","Ustilaginomycetes","Ustilaginales","Anthracoideaceae"
"Heterotruncatella","Plant_Pathogen",1,"B_genus","Ascomycota","Sordariomycetes","Amphisphaeriales","Sporocadaceae"
"Heufleria","Lichenized",1,"B_genus","Ascomycota","Leotiomycetes","Rhytismatales","Rhytismataceae"
"Hexagonia","Wood_Saprotroph",1,"B_genus","Basidiomycota","Agaricomycetes","Polyporales","Polyporaceae"
"Himantormia","Lichenized",1,"B_genus","Ascomycota","Lecanoromycetes","Lecanorales","Parmeliaceae"
"Hinomyces","Plant_Pathogen",1,"B_genus","Ascomycota","Leotiomycetes","Helotiales","Sclerotiniaceae"
"Hiratsukaia","Biotrophic_plant_pathogen",1,"B_genus","Basidiomycota","Pucciniomycetes","Pucciniales","Coleosporiaceae"
"Hirsutella","Endophyte",1,"B_genus","Ascomycota","Sordariomycetes","Hypocreales","Ophiocordycipitaceae"
"Hirticlavula","Saprotroph",1,"B_genus","Basidiomycota","Agaricomycetes","Agaricales","Clavariaceae"
"Hispidaedalea","Wood_Saprotroph",1,"B_genus","Basidiomycota","Agaricomycetes","Gloeophyllales","Gloeophyllaceae"
"Histoplasma","Dung_Saprotroph Human_Pathogen",2,"B_genus","Ascomycota","Eurotiomycetes","Onygenales","Ajellomycetaceae"
"Hobsoniopsis","Lichen_Parasite",1,"B_genus","Ascomycota","Incertae sedis","Incertae sedis","Incertae sedis"
"Hodophilus","Saprotroph",1,"B_genus","Basidiomycota","Agaricomycetes","Agaricales","Clavariaceae"
"Hohenbuehelia","Nematode_Trapping Wood_Saprotroph",2,"B_genus","Basidiomycota","Agaricomycetes","Agaricales","Pleurotaceae"
"Holocryphia","Necrotrophic_plant_pathogen Plant_Pathogen",2,"B_genus","Ascomycota","Sordariomycetes","Diaporthales","Cryphonectriaceae"
"Holwaya","Saprotroph",1,"B_genus","Ascomycota","Leotiomycetes","Incertae sedis","Incertae sedis"
"Homophron","Saprotroph",1,"B_genus","Basidiomycota","Agaricomycetes","Agaricales","Psathyrellaceae"
"Homortomyces","Necrotrophic_plant_pathogen",1,"B_genus","Ascomycota","Dothideomycetes","Incertae sedis","Homortomycetaceae"
"Homostegia","Lichen_Parasite",1,"B_genus","Ascomycota","Dothideomycetes","Incertae sedis","Incertae sedis"
"Honeggeria","Lichenized",1,"B_genus","Ascomycota","Lecanoromycetes","Teloschistales","Teloschistaceae"
"Hongkongmyces","Human_Pathogen",1,"B_genus","Ascomycota","Dothideomycetes","Pleosporales","Lindgomycetaceae"
"Hormiactis","Fungal_Parasite Plant_Pathogen",2,"B_genus","Ascomycota","Incertae sedis","Incertae sedis","Incertae sedis"
"Hormodochis","Plant_Pathogen",1,"B_genus","Ascomycota","Incertae sedis","Incertae sedis","Incertae sedis"
"Hormographiella","Human_Pathogen",1,"B_genus","Basidiomycota","Agaricomycetes","Agaricales","Psathyrellaceae"
"Hortaea","Endophyte Saprotroph",2,"B_genus","Ascomycota","Dothideomycetes","Mycosphaerellales","Teratosphaeriaceae"
"Hortiboletus","Ectomycorrhizal Plant_Pathogen Saprotroph",3,"B_genus","Basidiomycota","Agaricomycetes","Boletales","Boletaceae"
"Hosseusiella","Lichenized",1,"B_genus","Ascomycota","Lecanoromycetes","Teloschistales","Teloschistaceae"
"Houjia","Necrotrophic_plant_pathogen",1,"B_genus","Ascomycota","Dothideomycetes","Microthyriales","Micropeltidaceae"
"Hourangia","Ectomycorrhizal",1,"B_genus","Basidiomycota","Agaricomycetes","Boletales","Boletaceae"
"Hubbsia","Lichenized",1,"B_genus","Ascomycota","Arthoniomycetes","Arthoniales","Roccellaceae"
"Huea","Lichenized",1,"B_genus","Ascomycota","Lecanoromycetes","Lecanorales","Lecanoraceae"
"Hueidea","Lichenized",1,"B_genus","Ascomycota","Lecanoromycetes","Umbilicariales","Fuscideaceae"
"Humaria","Ectomycorrhizal",1,"B_genus","Ascomycota","Pezizomycetes","Pezizales","Pyronemataceae"
"Humicola","Endophyte",1,"B_genus","Ascomycota","Sordariomycetes","Sordariales","Chaetomiaceae"
"Huneckia","Lichenized",1,"B_genus","Ascomycota","Lecanoromycetes","Teloschistales","Teloschistaceae"
"Huntiella","Necrotrophic_plant_pathogen Plant_Pathogen",2,"B_genus","Ascomycota","Sordariomycetes","Microascales","Ceratocystidaceae"
"Hyalocercosporidium","Plant_Pathogen",1,"B_genus","Ascomycota","Dothideomycetes","Mycosphaerellales","Mycosphaerellaceae"
"Hyalomeliolina","Plant_Pathogen",1,"B_genus","Ascomycota","Dothideomycetes","Incertae sedis","Hyalomeliolinaceae"
"Hyalopeziza","Lichen_Parasite",1,"B_genus","Ascomycota","Leotiomycetes","Helotiales","Hyaloscyphaceae"
"Hyalopsora","Biotrophic_plant_pathogen",1,"B_genus","Basidiomycota","Pucciniomycetes","Pucciniales","Pucciniastraceae"
"Hyaloraphidium","Saprotroph",1,"B_genus","Chytridiomycota","Chytridiomycetes","Incertae sedis","Incertae sedis"
"Hyalorhinocladiella","Plant_Pathogen",1,"B_genus","Ascomycota","Sordariomycetes","Ophiostomatales","Ophiostomataceae"
"Hyaloscypha","Ectomycorrhizal Endophyte Ericoid_Mycorrhizal Orchid_Mycorrhizal Plant_Pathogen Saprotroph",6,"B_genus","Ascomycota","Leotiomycetes","Helotiales","Hyaloscyphaceae"
"Hyalosphaera","Necrotrophic_plant_pathogen",1,"B_genus","Ascomycota","Dothideomycetes","Incertae sedis","Incertae sedis"
"Hyalotheles","Necrotrophic_plant_pathogen",1,"B_genus","Ascomycota","Dothideomycetes","Myriangiales","Elsinoaceae"
"Hyalozasmidium","Plant_Pathogen",1,"B_genus","Ascomycota","Dothideomycetes","Mycosphaerellales","Mycosphaerellaceae"
"Hydnangium","Ectomycorrhizal",1,"B_genus","Basidiomycota","Agaricomycetes","Agaricales","Hydnangiaceae"
"Hydnellum","Ectomycorrhizal",1,"B_genus","Basidiomycota","Agaricomycetes","Thelephorales","Bankeraceae"
"Hydnocristella","Wood_Saprotroph",1,"B_genus","Basidiomycota","Agaricomycetes","Gomphales","Lentariaceae"
"Hydnomerulius","Wood_Saprotroph",1,"B_genus","Basidiomycota","Agaricomycetes","Boletales","Paxillaceae"
"Hydnophlebia","Wood_Saprotroph",1,"B_genus","Basidiomycota","Agaricomycetes","Polyporales","Meruliaceae"
"Hydnopolyporus","Plant_Pathogen",1,"B_genus","Basidiomycota","Agaricomycetes","Polyporales","Irpicaceae"
"Hydnoporia","Plant_Pathogen Wood_Saprotroph",2,"B_genus","Basidiomycota","Agaricomycetes","Hymenochaetales","Hymenochaetaceae"
"Hydnum","Ectomycorrhizal",1,"B_genus","Basidiomycota","Agaricomycetes","Cantharellales","Hydnaceae"
"Hydropisphaera","Fungal_Parasite Saprotroph",2,"B_genus","Ascomycota","Sordariomycetes","Hypocreales","Nectriaceae"
"Hydropunctaria","Lichenized",1,"B_genus","Ascomycota","Eurotiomycetes","Verrucariales","Verrucariaceae"
"Hydropus","Saprotroph",1,"B_genus","Basidiomycota","Agaricomycetes","Agaricales","Mycenaceae"
"Hygrocybe","Ectomycorrhizal Saprotroph",2,"B_genus","Basidiomycota","Agaricomycetes","Agaricales","Hygrophoraceae"
"Hygrophoropsis","Wood_Saprotroph",1,"B_genus","Basidiomycota","Agaricomycetes","Boletales","Hygrophoropsidaceae"
"Hygrophorus","Ectomycorrhizal Saprotroph",2,"B_genus","Basidiomycota","Agaricomycetes","Agaricales","Hygrophoraceae"
"Hymenelia","Lichenized",1,"B_genus","Ascomycota","Lecanoromycetes","Hymeneliales","Hymeneliaceae"
"Hymenobia","Lichen_Parasite",1,"B_genus","Ascomycota","Incertae sedis","Incertae sedis","Incertae sedis"
"Hymenochaete","Saprotroph Wood_Saprotroph",2,"B_genus","Basidiomycota","Agaricomycetes","Hymenochaetales","Hymenochaetaceae"
"Hymenochaetopsis","Wood_Saprotroph",1,"B_genus","Basidiomycota","Agaricomycetes","Hymenochaetales","Hymenochaetaceae"
"Hymenogaster","Ectomycorrhizal",1,"B_genus","Basidiomycota","Agaricomycetes","Agaricales","Hymenogastraceae"
"Hymenopellis","Saprotroph",1,"B_genus","Basidiomycota","Agaricomycetes","Agaricales","Physalacriaceae"
"Hymenoporus","Saprotroph",1,"B_genus","Basidiomycota","Agaricomycetes","Agaricales","Omphalotaceae"
"Hymenoscyphus","Plant_Pathogen Saprotroph",2,"B_genus","Ascomycota","Leotiomycetes","Helotiales","Helotiaceae"
"Hymenula","Plant_Pathogen",1,"B_genus","Ascomycota","Incertae sedis","Incertae sedis","Incertae sedis"
"Hyperdermium","Insect_Pathogen",1,"B_genus","Ascomycota","Sordariomycetes","Hypocreales","Clavicipitaceae"
"Hyperphyscia","Lichenized",1,"B_genus","Ascomycota","Lecanoromycetes","Caliciales","Physciaceae"
"Hyphoderma","Wood_Saprotroph",1,"B_genus","Basidiomycota","Agaricomycetes","Polyporales","Hyphodermataceae"
"Hyphodermella","Necrotrophic_plant_pathogen Plant_Pathogen",2,"B_genus","Basidiomycota","Agaricomycetes","Polyporales","Phanerochaetaceae"
"Hyphodiscus","Fungal_Parasite Lichen_Parasite",2,"B_genus","Ascomycota","Leotiomycetes","Helotiales","Hyphodiscaceae"
"Hyphodontia","Necrotrophic_plant_pathogen Wood_Saprotroph",2,"B_genus","Basidiomycota","Agaricomycetes","Hymenochaetales","Hyphodontiaceae"
"Hyphodontiella","Saprotroph",1,"B_genus","Basidiomycota","Agaricomycetes","Agaricales","Clavariaceae"
"Hypholoma","Saprotroph Wood_Saprotroph",2,"B_genus","Basidiomycota","Agaricomycetes","Agaricales","Strophariaceae"
"Hyphopichia","Human_Pathogen",1,"B_genus","Ascomycota","Saccharomycetes","Saccharomycetales","Incertae sedis"
"Hyphopolynema","Necrotrophic_plant_pathogen",1,"B_genus","Ascomycota","Incertae sedis","Incertae sedis","Incertae sedis"
"Hyphospora","Plant_Pathogen",1,"B_genus","Ascomycota","Dothideomycetes","Capnodiales","Incertae sedis"
"Hypocenomyce","Lichenized",1,"B_genus","Ascomycota","Lecanoromycetes","Umbilicariales","Ophioparmaceae"
"Hypochnicium","Wood_Saprotroph",1,"B_genus","Basidiomycota","Agaricomycetes","Polyporales","Incertae sedis"
"Hypocrea","Fungal_Parasite Necrotrophic_plant_pathogen Plant_Pathogen",3,"B_genus","Ascomycota","Sordariomycetes","Hypocreales","Hypocreaceae"
"Hypocrella","Insect_Pathogen",1,"B_genus","Ascomycota","Sordariomycetes","Hypocreales","Clavicipitaceae"
"Hypocreopsis","Fungal_Parasite",1,"B_genus","Ascomycota","Sordariomycetes","Hypocreales","Hypocreaceae"
"Hypoderma","Plant_Pathogen",1,"B_genus","Ascomycota","Leotiomycetes","Rhytismatales","Rhytismataceae"
"Hypodermella","Necrotrophic_plant_pathogen",1,"B_genus","Ascomycota","Leotiomycetes","Rhytismatales","Rhytismataceae"
"Hypodermina","Plant_Pathogen",1,"B_genus","Ascomycota","Sordariomycetes","Diaporthales","Incertae sedis"
"Hypoflavia","Lichenized",1,"B_genus","Ascomycota","Lecanoromycetes","Caliciales","Caliciaceae"
"Hypogymnia","Lichenized",1,"B_genus","Ascomycota","Lecanoromycetes","Lecanorales","Parmeliaceae"
"Hypomyces","Fungal_Parasite Plant_Pathogen",2,"B_genus","Ascomycota","Sordariomycetes","Hypocreales","Hypocreaceae"
"Hyponectria","Plant_Pathogen",1,"B_genus","Ascomycota","Sordariomycetes","Xylariales","Hyponectriaceae"
"Hypospilina","Plant_Pathogen",1,"B_genus","Ascomycota","Sordariomycetes","Diaporthales","Valsaceae"
"Hypotrachyna","Lichenized",1,"B_genus","Ascomycota","Lecanoromycetes","Lecanorales","Parmeliaceae"
"Hypotrachynicola","Lichen_Parasite",1,"B_genus","Ascomycota","Sordariomycetes","Incertae sedis","Incertae sedis"
"Hypoxylon","Endophyte Necrotrophic_plant_pathogen Plant_Pathogen",3,"B_genus","Ascomycota","Sordariomycetes","Xylariales","Hypoxylaceae"
"Hypsizygus","Wood_Saprotroph",1,"B_genus","Basidiomycota","Agaricomycetes","Agaricales","Lyophyllaceae"
"Hypsotheca","Plant_Pathogen",1,"B_genus","Ascomycota","Eurotiomycetes","Coryneliales","Coryneliaceae"
"Hysterangium","Ectomycorrhizal",1,"B_genus","Basidiomycota","Agaricomycetes","Hysterangiales","Hysterangiaceae"
"Hysterium","Plant_Pathogen",1,"B_genus","Ascomycota","Dothideomycetes","Hysteriales","Hysteriaceae"
"Hysterostomella","Plant_Pathogen",1,"B_genus","Ascomycota","Dothideomycetes","Asterinales","Parmulariaceae"
"Icmadophila","Lichenized",1,"B_genus","Ascomycota","Lecanoromycetes","Pertusariales","Icmadophilaceae"
"Idiocercus","Plant_Pathogen",1,"B_genus","Ascomycota","Incertae sedis","Incertae sedis","Incertae sedis"
"Idriella","Endophyte Necrotrophic_plant_pathogen",2,"B_genus","Ascomycota","Sordariomycetes","Xylariales","Microdochiaceae"
"Igneoplaca","Lichenized",1,"B_genus","Ascomycota","Lecanoromycetes","Teloschistales","Teloschistaceae"
"Ileodictyon","Saprotroph",1,"B_genus","Basidiomycota","Agaricomycetes","Phallales","Phallaceae"
"Illosporiopsis","Lichen_Parasite",1,"B_genus","Ascomycota","Sordariomycetes","Hypocreales","Incertae sedis"
"Illosporium","Lichen_Parasite Plant_Pathogen",2,"B_genus","Ascomycota","Sordariomycetes","Hypocreales","Incertae sedis"
"Ilyonectria","Endophyte Necrotrophic_plant_pathogen Plant_Pathogen",3,"B_genus","Ascomycota","Sordariomycetes","Hypocreales","Incertae sedis"
"Imleria","Ectomycorrhizal",1,"B_genus","Basidiomycota","Agaricomycetes","Boletales","Boletaceae"
"Immersaria","Lichenized",1,"B_genus","Ascomycota","Lecanoromycetes","Lecideales","Lecideaceae"
"Immersiella","Dung_Saprotroph",1,"B_genus","Ascomycota","Sordariomycetes","Sordariales","Neoschizotheciaceae"
"Immersiporthe","Necrotrophic_plant_pathogen",1,"B_genus","Ascomycota","Sordariomycetes","Diaporthales","Cryphonectriaceae"
"Imperator","Ectomycorrhizal",1,"B_genus","Basidiomycota","Agaricomycetes","Boletales","Boletaceae"
"Imshaugia","Lichenized",1,"B_genus","Ascomycota","Lecanoromycetes","Lecanorales","Parmeliaceae"
"Infundibulicybe","Saprotroph",1,"B_genus","Basidiomycota","Agaricomycetes","Agaricales","Incertae sedis"
"Ingoldiomyces","Plant_Pathogen",1,"B_genus","Basidiomycota","Exobasidiomycetes","Tilletiales","Tilletiaceae"
"Ingvariella","Lichenized",1,"B_genus","Ascomycota","Lecanoromycetes","Ostropales","Stictidaceae"
"Innospora","Arbuscular_Mycorrhizal",1,"B_genus","Glomeromycota","Glomeromycetes","Paraglomerales","Paraglomeraceae"
"Inocutis","Necrotrophic_plant_pathogen Wood_Saprotroph",2,"B_genus","Basidiomycota","Agaricomycetes","Hymenochaetales","Hymenochaetaceae"
"Inocybe","Ectomycorrhizal",1,"B_genus","Basidiomycota","Agaricomycetes","Agaricales","Inocybaceae"
"Inocyclus","Necrotrophic_plant_pathogen",1,"B_genus","Ascomycota","Dothideomycetes","Asterinales","Parmulariaceae"
"Inoderma","Lichenized",1,"B_genus","Ascomycota","Arthoniomycetes","Arthoniales","Arthoniaceae"
"Inonotopsis","Wood_Saprotroph",1,"B_genus","Basidiomycota","Agaricomycetes","Hymenochaetales","Hymenochaetaceae"
"Inonotus","Necrotrophic_plant_pathogen Plant_Pathogen Wood_Saprotroph",3,"B_genus","Basidiomycota","Agaricomycetes","Hymenochaetales","Hymenochaetaceae"
"Inosperma","Ectomycorrhizal",1,"B_genus","Basidiomycota","Agaricomycetes","Agaricales","Inocybaceae"
"Insolibasidium","Plant_Pathogen",1,"B_genus","Basidiomycota","Pucciniomycetes","Platygloeales","Platygloeaceae"
"Intralichen","Lichen_Parasite",1,"B_genus","Ascomycota","Incertae sedis","Incertae sedis","Incertae sedis"
"Intraornatospora","Arbuscular_Mycorrhizal",1,"B_genus","Glomeromycota","Glomeromycetes","Diversisporales","Incertae sedis"
"Involucropyrenium","Lichenized",1,"B_genus","Ascomycota","Eurotiomycetes","Verrucariales","Verrucariaceae"
"Involutiscutellula","Endophyte",1,"B_genus","Ascomycota","Sordariomycetes","Diaporthales","Tubakiaceae"
"Iodophanus","Dung_Saprotroph",1,"B_genus","Ascomycota","Pezizomycetes","Pezizales","Pezizaceae"
"Ionaspis","Lichenized",1,"B_genus","Ascomycota","Lecanoromycetes","Hymeneliales","Hymeneliaceae"
"Irenina","Biotrophic_plant_pathogen",1,"B_genus","Ascomycota","Sordariomycetes","Meliolales","Meliolaceae"
"Irenopsis","Biotrophic_plant_pathogen",1,"B_genus","Ascomycota","Sordariomycetes","Meliolales","Meliolaceae"
"Irpex","Necrotrophic_plant_pathogen Saprotroph Wood_Saprotroph",3,"B_genus","Basidiomycota","Agaricomycetes","Polyporales","Irpicaceae"
"Irpiciporus","Necrotrophic_plant_pathogen Plant_Pathogen Wood_Saprotroph",3,"B_genus","Basidiomycota","Agaricomycetes","Polyporales","Meruliaceae"
"Isaria","Endophyte Plant_Pathogen Saprotroph",3,"B_genus","Ascomycota","Sordariomycetes","Hypocreales","Cordycipitaceae"
"Isariopsis","Plant_Pathogen",1,"B_genus","Ascomycota","Dothideomycetes","Mycosphaerellales","Mycosphaerellaceae"
"Ischnoderma","Saprotroph Wood_Saprotroph",2,"B_genus","Basidiomycota","Agaricomycetes","Polyporales","Ischnodermataceae"
"Issatchenkia","Human_Pathogen",1,"B_genus","Ascomycota","Saccharomycetes","Saccharomycetales","Saccharomycetaceae"
"Isthmiella","Plant_Pathogen",1,"B_genus","Ascomycota","Leotiomycetes","Rhytismatales","Rhytismataceae"
"Isthmoconidium","Lichen_Parasite",1,"B_genus","Ascomycota","Incertae sedis","Incertae sedis","Incertae sedis"
"Isthmospora","Plant_Pathogen",1,"B_genus","Ascomycota","Dothideomycetes","Microthyriales","Microthyriaceae"
"Itajahya","Saprotroph",1,"B_genus","Basidiomycota","Agaricomycetes","Phallales","Phallaceae"
"Itersonilia","Necrotrophic_plant_pathogen Plant_Pathogen",2,"B_genus","Basidiomycota","Tremellomycetes","Cystofilobasidiales","Mrakiaceae"
"Ivanpisutia","Lichenized",1,"B_genus","Ascomycota","Lecanoromycetes","Lecanorales","Ramalinaceae"
"Jaapia","Saprotroph",1,"B_genus","Basidiomycota","Agaricomycetes","Jaapiales","Jaapiaceae"
"Jackrogersella","Plant_Pathogen",1,"B_genus","Ascomycota","Sordariomycetes","Xylariales","Hypoxylaceae"
"Jahnoporus","Wood_Saprotroph",1,"B_genus","Basidiomycota","Agaricomycetes","Polyporales","Dacryobolaceae"
"Jamesdicksonia","Plant_Pathogen",1,"B_genus","Basidiomycota","Exobasidiomycetes","Georgefischeriales","Georgefischeriaceae"
"Jamesiella","Lichenized",1,"B_genus","Ascomycota","Lecanoromycetes","Ostropales","Gomphillaceae"
"Japewia","Lichenized",1,"B_genus","Ascomycota","Lecanoromycetes","Lecanorales","Ramalinaceae"
"Japewiella","Lichenized",1,"B_genus","Ascomycota","Lecanoromycetes","Lecanorales","Lecanoraceae"
"Jarmania","Lichenized",1,"B_genus","Ascomycota","Lecanoromycetes","Lecanorales","Ramalinaceae"
"Jarxia","Lichenized Saprotroph",2,"B_genus","Ascomycota","Dothideomycetes","Incertae sedis","Naetrocymbaceae"
"Jasonhuria","Lichenized",1,"B_genus","Ascomycota","Lecanoromycetes","Teloschistales","Teloschistaceae"
"Jattaea","Plant_Pathogen",1,"B_genus","Ascomycota","Sordariomycetes","Calosphaeriales","Calosphaeriaceae"
"Jesmurraya","Lichenized",1,"B_genus","Ascomycota","Lecanoromycetes","Teloschistales","Teloschistaceae"
"Jimtrappea","Ectomycorrhizal",1,"B_genus","Basidiomycota","Agaricomycetes","Boletales","Boletaceae"
"Joergensenia","Lichenized",1,"B_genus","Ascomycota","Lecanoromycetes","Lecanorales","Incertae sedis"
"Johnalcornia","Plant_Pathogen",1,"B_genus","Ascomycota","Dothideomycetes","Pleosporales","Pleosporaceae"
"Johncouchia","Plant_Pathogen",1,"B_genus","Basidiomycota","Pucciniomycetes","Septobasidiales","Septobasidiaceae"
"Jola","Insect_Pathogen",1,"B_genus","Basidiomycota","Pucciniomycetes","Platygloeales","Eocronartiaceae"
"Juglanconis","Necrotrophic_plant_pathogen Plant_Pathogen",2,"B_genus","Ascomycota","Sordariomycetes","Diaporthales","Juglanconidaceae"
"Julella","Lichenized Saprotroph",2,"B_genus","Ascomycota","Lecanoromycetes","Ostropales","Thelenellaceae"
"Juncorrhiza","Plant_Pathogen",1,"B_genus","Basidiomycota","Entorrhizomycetes","Entorrhizales","Entorrhizaceae"
"Junghuhnia","Fungal_Parasite Wood_Saprotroph",2,"B_genus","Basidiomycota","Agaricomycetes","Polyporales","Steccherinaceae"
"Juxtiphoma","Plant_Pathogen Wood_Saprotroph",2,"B_genus","Ascomycota","Dothideomycetes","Pleosporales","Didymellaceae"
"Kabatiella","Endophyte Necrotrophic_plant_pathogen Saprotroph",3,"B_genus","Ascomycota","Dothideomycetes","Dothideales","Saccotheciaceae"
"Kabatina","Plant_Pathogen",1,"B_genus","Ascomycota","Dothideomycetes","Dothideales","Dothioraceae"
"Kaernefia","Lichenized",1,"B_genus","Ascomycota","Lecanoromycetes","Teloschistales","Teloschistaceae"
"Kalbographa","Lichenized",1,"B_genus","Ascomycota","Lecanoromycetes","Ostropales","Graphidaceae"
"Kalchbrenneriella","Lichen_Parasite",1,"B_genus","Ascomycota","Incertae sedis","Incertae sedis","Incertae sedis"
"Kalmanago","Plant_Pathogen",1,"B_genus","Basidiomycota","Microbotryomycetes","Microbotryales","Microbotryaceae"
"Kalmusia","Plant_Pathogen Saprotroph",2,"B_genus","Ascomycota","Dothideomycetes","Pleosporales","Didymosphaeriaceae"
"Kamienskia","Arbuscular_Mycorrhizal",1,"B_genus","Glomeromycota","Glomeromycetes","Glomerales","Glomeraceae"
"Kantvilasia","Lichenized",1,"B_genus","Ascomycota","Lecanoromycetes","Lecanorales","Byssolomataceae"
"Karschia","Lichen_Parasite",1,"B_genus","Ascomycota","Dothideomycetes","Incertae sedis","Incertae sedis"
"Karstenia","Lichenized",1,"B_genus","Ascomycota","Lecanoromycetes","Ostropales","Stictidaceae"
"Karsteniomyces","Lichen_Parasite",1,"B_genus","Ascomycota","Incertae sedis","Incertae sedis","Incertae sedis"
"Kaskaskia","Plant_Pathogen",1,"B_genus","Ascomycota","Sordariomycetes","Hypocreales","Incertae sedis"
"Kauffmania","Saprotroph",1,"B_genus","Basidiomycota","Agaricomycetes","Agaricales","Psathyrellaceae"
"Kavinia","Wood_Saprotroph",1,"B_genus","Basidiomycota","Agaricomycetes","Gomphales","Lentariaceae"
"Keissleriella","Endophyte Plant_Pathogen Saprotroph",3,"B_genus","Ascomycota","Dothideomycetes","Pleosporales","Lentitheciaceae"
"Keissleriomyces","Lichen_Parasite",1,"B_genus","Ascomycota","Incertae sedis","Incertae sedis","Incertae sedis"
"Kellermania","Endophyte Plant_Pathogen",2,"B_genus","Ascomycota","Dothideomycetes","Botryosphaeriales","Planistromellaceae"
"Keratosphaera","Lichen_Parasite Lichenized",2,"B_genus","Ascomycota","Dothideomycetes","Incertae sedis","Incertae sedis"
"Kiliasia","Lichen_Parasite Lichenized",2,"B_genus","Ascomycota","Lecanoromycetes","Lecanorales","Ramalinaceae"
"Kirramyces","Plant_Pathogen",1,"B_genus","Ascomycota","Dothideomycetes","Mycosphaerellales","Teratosphaeriaceae"
"Kirschsteiniothelia","Saprotroph",1,"B_genus","Ascomycota","Dothideomycetes","Pleosporales","Kirschsteiniotheliaceae"
"Kneiffia","Wood_Saprotroph",1,"B_genus","Basidiomycota","Agaricomycetes","Polyporales","Hyphodermataceae"
"Kneiffiella","Wood_Saprotroph",1,"B_genus","Basidiomycota","Agaricomycetes","Hymenochaetales","Hyphodontiaceae"
"Knightiella","Lichenized",1,"B_genus","Ascomycota","Lecanoromycetes","Pertusariales","Icmadophilaceae"
"Knoxdaviesia","Plant_Pathogen",1,"B_genus","Ascomycota","Sordariomycetes","Ophiostomatales","Ophiostomataceae"
"Knufia","Lichen_Parasite Saprotroph",2,"B_genus","Ascomycota","Incertae sedis","Incertae sedis","Incertae sedis"
"Kockovaella","Epiphyte",1,"B_genus","Basidiomycota","Tremellomycetes","Tremellales","Cuniculitremaceae"
"Kodamaea","Human_Pathogen",1,"B_genus","Ascomycota","Saccharomycetes","Saccharomycetales","Incertae sedis"
"Koerberia","Lichenized",1,"B_genus","Ascomycota","Lecanoromycetes","Peltigerales","Koerberiaceae"
"Koerberiella","Lichenized",1,"B_genus","Ascomycota","Lecanoromycetes","Lecideales","Lecideaceae"
"Kombocles","Ectomycorrhizal",1,"B_genus","Basidiomycota","Agaricomycetes","Boletales","Boletaceae"
"Koordersiella","Lichen_Parasite",1,"B_genus","Ascomycota","Dothideomycetes","Incertae sedis","Incertae sedis"
"Kordyana","Plant_Pathogen",1,"B_genus","Basidiomycota","Exobasidiomycetes","Exobasidiales","Brachybasidiaceae"
"Korunomyces","Plant_Pathogen",1,"B_genus","Ascomycota","Incertae sedis","Incertae sedis","Incertae sedis"
"Kretzschmaria","Endophyte Necrotrophic_plant_pathogen Plant_Pathogen",3,"B_genus","Ascomycota","Sordariomycetes","Xylariales","Xylariaceae"
"Kriegeriella","Saprotroph",1,"B_genus","Ascomycota","Dothideomycetes","Pleosporales","Pleosporaceae"
"Krieglsteinera","Fungal_Parasite",1,"B_genus","Basidiomycota","Microbotryomycetes","Heterogastridiales","Heterogastridiaceae"
"Krishnamyces","Plant_Pathogen",1,"B_genus","Ascomycota","Incertae sedis","Incertae sedis","Incertae sedis"
"Krogia","Lichenized",1,"B_genus","Ascomycota","Lecanoromycetes","Lecanorales","Ramalinaceae"
"Kroswia","Lichenized",1,"B_genus","Ascomycota","Lecanoromycetes","Peltigerales","Pannariaceae"
"Kuehneola","Biotrophic_plant_pathogen",1,"B_genus","Basidiomycota","Pucciniomycetes","Pucciniales","Phragmidiaceae"
"Kuehneromyces","Saprotroph Wood_Saprotroph",2,"B_genus","Basidiomycota","Agaricomycetes","Agaricales","Strophariaceae"
"Kuntzeomyces","Biotrophic_plant_pathogen",2,"B_genus","Basidiomycota","Ustilaginomycetes","Ustilaginales","Anthracoideaceae"
"Kuraishia","Human_Pathogen",1,"B_genus","Ascomycota","Saccharomycetes","Saccharomycetales","Saccharomycetaceae"
"Kurtzmaniella","Human_Pathogen",1,"B_genus","Ascomycota","Saccharomycetes","Saccharomycetales","Saccharomycetaceae"
"Kweilingia","Biotrophic_plant_pathogen",1,"B_genus","Basidiomycota","Pucciniomycetes","Pucciniales","Phakopsoraceae"
"Labrocarpon","Lichen_Parasite",1,"B_genus","Ascomycota","Dothideomycetes","Eremithallales","Melaspileaceae"
"Labyrintha","Lichenized",1,"B_genus","Ascomycota","Lecanoromycetes","Lecideales","Lecideaceae"
"Laccaria","Ectomycorrhizal Saprotroph",2,"B_genus","Basidiomycota","Agaricomycetes","Agaricales","Hydnangiaceae"
"Lachancea","Human_Pathogen Saprotroph",2,"B_genus","Ascomycota","Saccharomycetes","Saccharomycetales","Saccharomycetaceae"
"Lachnella","Saprotroph",1,"B_genus","Basidiomycota","Agaricomycetes","Agaricales","Niaceae"
"Lachnellula","Necrotrophic_plant_pathogen Plant_Pathogen",2,"B_genus","Ascomycota","Leotiomycetes","Helotiales","Lachnaceae"
"Lachnopsis","Necrotrophic_plant_pathogen",1,"B_genus","Ascomycota","Leotiomycetes","Helotiales","Lachnaceae"
"Lachnum","Saprotroph",1,"B_genus","Ascomycota","Leotiomycetes","Helotiales","Lachnaceae"
"Lacrymaria","Saprotroph",1,"B_genus","Basidiomycota","Agaricomycetes","Agaricales","Psathyrellaceae"
"Lacrymospora","Lichen_Parasite",1,"B_genus","Ascomycota","Eurotiomycetes","Pyrenulales","Pyrenulaceae"
"Lactarius","Ectomycorrhizal",1,"B_genus","Basidiomycota","Agaricomycetes","Russulales","Russulaceae"
"Lactifluus","Ectomycorrhizal Wood_Saprotroph",2,"B_genus","Basidiomycota","Agaricomycetes","Russulales","Russulaceae"
"Lactocollybia","Saprotroph",1,"B_genus","Basidiomycota","Agaricomycetes","Agaricales","Incertae sedis"
"Lacustromyces","Saprotroph",1,"B_genus","Chytridiomycota","Chytridiomycetes","Cladochytriales","Cladochytriaceae"
"Laestadia","Lichenized Plant_Pathogen",2,"B_genus","Ascomycota","Sordariomycetes","Diaporthales","Gnomoniaceae"
"Laeticutis","Ectomycorrhizal",1,"B_genus","Basidiomycota","Agaricomycetes","Russulales","Incertae sedis"
"Laetinaevia","Lichen_Parasite",1,"B_genus","Ascomycota","Leotiomycetes","Helotiales","Calloriaceae"
"Laetiporus","Necrotrophic_plant_pathogen Plant_Pathogen Saprotroph Wood_Saprotroph",4,"B_genus","Basidiomycota","Agaricomycetes","Polyporales","Laetiporaceae"
"Laetisaria","Lichen_Parasite Plant_Pathogen",2,"B_genus","Basidiomycota","Agaricomycetes","Corticiales","Corticiaceae"
"Lambertella","Saprotroph",1,"B_genus","Ascomycota","Leotiomycetes","Helotiales","Rutstroemiaceae"
"Lambiella","Lichenized",1,"B_genus","Ascomycota","Lecanoromycetes","Incertae sedis","Trapeliaceae"
"Lambinonia","Lichen_Parasite",1,"B_genus","Ascomycota",NA,NA,NA
"Lamelloporus","Wood_Saprotroph",1,"B_genus","Basidiomycota","Agaricomycetes","Polyporales","Steccherinaceae"
"Lamproconium","Plant_Pathogen Saprotroph",2,"B_genus","Ascomycota","Sordariomycetes","Diaporthales","Lamproconiaceae"
"Lamprospora","Plant_Pathogen",1,"B_genus","Ascomycota","Pezizomycetes","Pezizales","Pyronemataceae"
"Lanatosphaera","Lichen_Parasite",1,"B_genus","Ascomycota","Dothideomycetes","Incertae sedis","Incertae sedis"
"Langdonia","Plant_Pathogen",1,"B_genus","Basidiomycota","Ustilaginomycetes","Ustilaginales","Ustilaginaceae"
"Langeottia","Lichenized",1,"B_genus","Ascomycota","Lecanoromycetes","Teloschistales","Teloschistaceae"
"Lanmaoa","Ectomycorrhizal",1,"B_genus","Basidiomycota","Agaricomycetes","Boletales","Boletaceae"
"Lanzia","Saprotroph",1,"B_genus","Ascomycota","Leotiomycetes","Helotiales","Rutstroemiaceae"
"Larssoniporia","Wood_Saprotroph",1,"B_genus","Basidiomycota","Agaricomycetes","Russulales","Echinodontiaceae"
"Lasallia","Lichenized",1,"B_genus","Ascomycota","Lecanoromycetes","Umbilicariales","Umbilicariaceae"
"Lasiobolus","Dung_Saprotroph",1,"B_genus","Ascomycota","Pezizomycetes","Pezizales","Ascodesmidaceae"
"Lasiodiplodia","Endophyte Human_Pathogen Necrotrophic_plant_pathogen Plant_Pathogen Saprotroph",5,"B_genus","Ascomycota","Dothideomycetes","Botryosphaeriales","Botryosphaeriaceae"
"Lasioloma","Lichenized",1,"B_genus","Ascomycota","Lecanoromycetes","Lecanorales","Byssolomataceae"
"Lasionectriopsis","Endophyte",1,"B_genus","Ascomycota","Sordariomycetes","Hypocreales","Bionectriaceae"
"Lasiosphaeriopsis","Lichen_Parasite",1,"B_genus","Ascomycota","Sordariomycetes","Coronophorales","Nitschkiaceae"
"Lasiosphaeris","Saprotroph",1,"B_genus","Ascomycota","Sordariomycetes","Sordariales","Lasiosphaeridaceae"
"Laternea","Saprotroph",1,"B_genus","Basidiomycota","Agaricomycetes","Phallales","Phallaceae"
"Lathagrium","Lichenized",1,"B_genus","Ascomycota","Lecanoromycetes","Peltigerales","Collemataceae"
"Latorua","Endophyte",1,"B_genus","Ascomycota","Dothideomycetes","Pleosporales","Latoruaceae"
"Lauderlindsaya","Lichen_Parasite",1,"B_genus","Ascomycota","Eurotiomycetes","Verrucariales","Verrucariaceae"
"Laurera","Lichenized",1,"B_genus","Ascomycota","Dothideomycetes","Trypetheliales","Trypetheliaceae"
"Laurilia","Plant_Pathogen",1,"B_genus","Basidiomycota","Agaricomycetes","Russulales","Bondarzewiaceae"
"Laurobasidium","Plant_Pathogen",1,"B_genus","Basidiomycota","Exobasidiomycetes","Exobasidiales","Laurobasidiaceae"
"Lawreyella","Lichen_Parasite",1,"B_genus","Ascomycota","Leotiomycetes","Helotiales","Cordieritidaceae"
"Lawrynomyces","Saprotroph",1,"B_genus","Basidiomycota","Agaricomycetes","Hymenochaetales","Incertae sedis"
"Laxitextum","Wood_Saprotroph",1,"B_genus","Basidiomycota","Agaricomycetes","Russulales","Hericiaceae"
"Lazarenkoiopsis","Lichenized",1,"B_genus","Ascomycota","Lecanoromycetes","Teloschistales","Teloschistaceae"
"Leandria","Plant_Pathogen",1,"B_genus","Ascomycota","Incertae sedis","Incertae sedis","Incertae sedis"
"Lecanactis","Lichenized",1,"B_genus","Ascomycota","Arthoniomycetes","Arthoniales","Roccellaceae"
"Lecania","Lichen_Parasite Lichenized",2,"B_genus","Ascomycota","Lecanoromycetes","Lecanorales","Ramalinaceae"
"Lecanicillium","Fungal_Parasite Human_Pathogen Insect_Pathogen Necrotrophic_plant_pathogen",4,"B_genus","Ascomycota","Sordariomycetes","Hypocreales","Cordycipitaceae"
"Lecaniella","Lichenized",1,"B_genus","Ascomycota","Lecanoromycetes","Lecanorales","Ramalinaceae"
"Lecanographa","Lichen_Parasite Lichenized",2,"B_genus","Ascomycota","Arthoniomycetes","Arthoniales","Lecanographaceae"
"Lecanora","Lichen_Parasite Lichenized",2,"B_genus","Ascomycota","Lecanoromycetes","Lecanorales","Lecanoraceae"
"Lecanoropsis","Lichenized",1,"B_genus","Ascomycota","Lecanoromycetes","Lecanorales","Lecanoraceae"
"Lecanosticta","Plant_Pathogen",1,"B_genus","Ascomycota","Dothideomycetes","Mycosphaerellales","Mycosphaerellaceae"
"Lecanostictopsis","Necrotrophic_plant_pathogen",1,"B_genus","Ascomycota","Incertae sedis","Incertae sedis","Incertae sedis"
"Leccinellum","Ectomycorrhizal",1,"B_genus","Basidiomycota","Agaricomycetes","Boletales","Boletaceae"
"Leccinum","Ectomycorrhizal",1,"B_genus","Basidiomycota","Agaricomycetes","Boletales","Boletaceae"
"Lecidea","Lichen_Parasite Lichenized",2,"B_genus","Ascomycota","Lecanoromycetes","Lecideales","Lecideaceae"
"Lecidella","Lichenized",1,"B_genus","Ascomycota","Lecanoromycetes","Lecanorales","Lecanoraceae"
"Lecidoma","Lichenized",1,"B_genus","Ascomycota","Lecanoromycetes","Lecideales","Lecideaceae"
"Leciophysma","Lichenized",1,"B_genus","Ascomycota","Lecanoromycetes","Peltigerales","Pannariaceae"
"Lectera","Plant_Pathogen",1,"B_genus","Ascomycota","Sordariomycetes","Glomerellales","Plectosphaerellaceae"
"Lecythophora","Human_Pathogen",1,"B_genus","Ascomycota","Sordariomycetes","Coniochaetales","Coniochaetaceae"
"Leifiporia","Wood_Saprotroph",1,"B_genus","Basidiomycota","Agaricomycetes","Polyporales","Polyporaceae"
"Leightoniomyces","Lichen_Parasite",1,"B_genus","Ascomycota","Incertae sedis","Incertae sedis","Incertae sedis"
"Leimonis","Lichenized",1,"B_genus","Ascomycota","Lecanoromycetes","Lecanorales","Byssolomataceae"
"Leioderma","Lichenized",1,"B_genus","Ascomycota","Lecanoromycetes","Peltigerales","Pannariaceae"
"Leiorreuma","Lichenized",1,"B_genus","Ascomycota","Lecanoromycetes","Ostropales","Graphidaceae"
"Leiosphaerella","Endophyte",1,"B_genus","Ascomycota","Sordariomycetes","Xylariales","Pseudomassariaceae"
"Leiotrametes","Wood_Saprotroph",1,"B_genus","Basidiomycota","Agaricomycetes","Polyporales","Polyporaceae"
"Lembosia","Necrotrophic_plant_pathogen Plant_Pathogen",2,"B_genus","Ascomycota","Dothideomycetes","Asterinales","Asterinaceae"
"Lembosiniella","Plant_Pathogen",1,"B_genus","Ascomycota","Dothideomycetes","Incertae sedis","Incertae sedis"
"Lembosiopsis","Plant_Pathogen",1,"B_genus","Ascomycota","Dothideomycetes","Asterinales","Asterinaceae"
"Lemmopsis","Lichenized",1,"B_genus","Ascomycota","Lichinomycetes","Lichinales","Lichinaceae"
"Lempholemma","Lichenized",1,"B_genus","Ascomycota","Lichinomycetes","Lichinales","Lichinaceae"
"Lendemeriella","Lichenized",1,"B_genus","Ascomycota","Lecanoromycetes","Teloschistales","Teloschistaceae"
"Lentaria","Saprotroph Wood_Saprotroph",2,"B_genus","Basidiomycota","Agaricomycetes","Gomphales","Lentariaceae"
"Lentinellus","Wood_Saprotroph",1,"B_genus","Basidiomycota","Agaricomycetes","Russulales","Auriscalpiaceae"
"Lentinula","Wood_Saprotroph",1,"B_genus","Basidiomycota","Agaricomycetes","Agaricales","Omphalotaceae"
"Lentinus","Plant_Pathogen Wood_Saprotroph",2,"B_genus","Basidiomycota","Agaricomycetes","Polyporales","Polyporaceae"
"Lentoporia","Wood_Saprotroph",1,"B_genus","Basidiomycota","Agaricomycetes","Polyporales","Lentoporiaceae"
"Lenzitopsis","Wood_Saprotroph",1,"B_genus","Basidiomycota","Agaricomycetes","Thelephorales","Thelephoraceae"
"Leohumicola","Endophyte",1,"B_genus","Ascomycota","Leotiomycetes","Helotiales","Incertae sedis"
"Leotia","Saprotroph",1,"B_genus","Ascomycota","Leotiomycetes","Leotiales","Leotiaceae"
"Lepidocollema","Lichenized",1,"B_genus","Ascomycota","Lecanoromycetes","Peltigerales","Pannariaceae"
"Lepiota","Saprotroph",1,"B_genus","Basidiomycota","Agaricomycetes","Agaricales","Agaricaceae"
"Lepista","Saprotroph",1,"B_genus","Basidiomycota","Agaricomycetes","Agaricales","Incertae sedis"
"Lepisticola","Fungal_Parasite",1,"B_genus","Ascomycota","Incertae sedis","Incertae sedis","Incertae sedis"
"Lepra","Lichenized",1,"B_genus","Ascomycota","Lecanoromycetes","Pertusariales","Pertusariaceae"
"Leprantha","Lichenized",1,"B_genus","Ascomycota","Arthoniomycetes","Arthoniales","Arthoniaceae"
"Lepraria","Lichenized",1,"B_genus","Ascomycota","Lecanoromycetes","Lecanorales","Stereocaulaceae"
"Leprocaulon","Lichenized",1,"B_genus","Ascomycota","Lecanoromycetes","Incertae sedis","Leprocaulaceae"
"Leprocollema","Lichenized",1,"B_genus","Ascomycota","Lichinomycetes","Lichinales","Lichinaceae"
"Leproplaca","Lichenized",1,"B_genus","Ascomycota","Lecanoromycetes","Teloschistales","Teloschistaceae"
"Leptochidium","Lichenized",1,"B_genus","Ascomycota","Lecanoromycetes","Peltigerales","Massalongiaceae"
"Leptocorticium","Wood_Saprotroph",1,"B_genus","Basidiomycota","Agaricomycetes","Corticiales","Incertae sedis"
"Leptodontidium","Endophyte",1,"B_genus","Ascomycota","Leotiomycetes","Helotiales","Leptodontidiaceae"
"Leptodothiorella","Plant_Pathogen",1,"B_genus","Ascomycota","Dothideomycetes","Botryosphaeriales","Botryosphaeriaceae"
"Leptogidium","Lichenized",1,"B_genus","Ascomycota","Lecanoromycetes","Peltigerales","Pannariaceae"
"Leptogium","Lichenized",1,"B_genus","Ascomycota","Lecanoromycetes","Peltigerales","Collemataceae"
"Leptographium","Necrotrophic_plant_pathogen Plant_Pathogen",2,"B_genus","Ascomycota","Sordariomycetes","Ophiostomatales","Ophiostomataceae"
"Leptomelanconium","Plant_Pathogen",1,"B_genus","Ascomycota","Incertae sedis","Incertae sedis","Incertae sedis"
"Leptomeliola","Plant_Pathogen",1,"B_genus","Ascomycota","Dothideomycetes","Incertae sedis","Parodiopsidaceae"
"Leptorhaphis","Lichen_Parasite Lichenized Saprotroph",3,"B_genus","Ascomycota","Dothideomycetes","Incertae sedis","Naetrocymbaceae"
"Leptosphaeria","Lichen_Parasite Necrotrophic_plant_pathogen Plant_Pathogen Saprotroph",4,"B_genus","Ascomycota","Dothideomycetes","Pleosporales","Leptosphaeriaceae"
"Leptosphaerulina","Lichen_Parasite Necrotrophic_plant_pathogen Plant_Pathogen",3,"B_genus","Ascomycota","Dothideomycetes","Pleosporales","Didymellaceae"
"Leptospora","Plant_Pathogen",1,"B_genus","Ascomycota","Dothideomycetes","Incertae sedis","Incertae sedis"
"Leptosporomyces","Wood_Saprotroph",1,"B_genus","Basidiomycota","Agaricomycetes","Atheliales","Atheliaceae"
"Leptostromella","Plant_Pathogen",1,"B_genus","Ascomycota","Incertae sedis","Incertae sedis","Incertae sedis"
"Leptothyrium","Plant_Pathogen",1,"B_genus","Ascomycota","Dothideomycetes","Pleosporales","Incertae sedis"
"Leptotrema","Lichenized",1,"B_genus","Ascomycota","Lecanoromycetes","Ostropales","Graphidaceae"
"Leptotrochila","Plant_Pathogen",1,"B_genus","Ascomycota","Leotiomycetes","Helotiales","Drepanopezizaceae"
"Leptoxyphium","Plant_Pathogen",1,"B_genus","Ascomycota","Dothideomycetes","Capnodiales","Capnodiaceae"
"Leratiomyces","Saprotroph Wood_Saprotroph",2,"B_genus","Basidiomycota","Agaricomycetes","Agaricales","Strophariaceae"
"Letendraeopsis","Endophyte",1,"B_genus","Ascomycota","Dothideomycetes","Tubeufiales","Tubeufiaceae"
"Letharia","Lichenized",1,"B_genus","Ascomycota","Lecanoromycetes","Lecanorales","Parmeliaceae"
"Lethariella","Lichenized",1,"B_genus","Ascomycota","Lecanoromycetes","Lecanorales","Parmeliaceae"
"Letrouitia","Lichenized",1,"B_genus","Ascomycota","Lecanoromycetes","Teloschistales","Letrouitiaceae"
"Lettauia","Lichen_Parasite",1,"B_genus","Ascomycota","Lecanoromycetes","Umbilicariales","Fuscideaceae"
"Leucangium","Ectomycorrhizal",1,"B_genus","Ascomycota","Pezizomycetes","Pezizales","Morchellaceae"
"Leucoagaricus","Saprotroph",1,"B_genus","Basidiomycota","Agaricomycetes","Agaricales","Agaricaceae"
"Leucocalocybe","Saprotroph",1,"B_genus","Basidiomycota","Agaricomycetes","Agaricales","Incertae sedis"
"Leucocintractia","Plant_Pathogen",1,"B_genus","Basidiomycota","Ustilaginomycetes","Ustilaginales","Anthracoideaceae"
"Leucocoprinus","Saprotroph",1,"B_genus","Basidiomycota","Agaricomycetes","Agaricales","Agaricaceae"
"Leucocortinarius","Saprotroph",1,"B_genus","Basidiomycota","Agaricomycetes","Agaricales","Incertae sedis"
"Leucocybe","Saprotroph",1,"B_genus","Basidiomycota","Agaricomycetes","Agaricales","Incertae sedis"
"Leucodecton","Lichenized",1,"B_genus","Ascomycota","Lecanoromycetes","Ostropales","Graphidaceae"
"Leucodermia","Lichenized",1,"B_genus","Ascomycota","Lecanoromycetes","Caliciales","Physciaceae"
"Leucogaster","Ectomycorrhizal",1,"B_genus","Basidiomycota","Agaricomycetes","Russulales","Albatrellaceae"
"Leucogyrophana","Wood_Saprotroph",1,"B_genus","Basidiomycota","Agaricomycetes","Boletales","Hygrophoropsidaceae"
"Leucoinocybe","Saprotroph",1,"B_genus","Basidiomycota","Agaricomycetes","Agaricales","Incertae sedis"
"Leucopaxillus","Ectomycorrhizal Saprotroph",2,"B_genus","Basidiomycota","Agaricomycetes","Agaricales","Tricholomataceae"
"Leucopholiota","Saprotroph",1,"B_genus","Basidiomycota","Agaricomycetes","Agaricales","Incertae sedis"
"Leucosporidium","Saprotroph",1,"B_genus","Basidiomycota","Microbotryomycetes","Leucosporidiales","Leucosporidiaceae"
"Leucostoma","Plant_Pathogen",1,"B_genus","Ascomycota","Sordariomycetes","Diaporthales","Valsaceae"
"Leucotelium","Biotrophic_plant_pathogen",1,"B_genus","Basidiomycota","Pucciniomycetes","Pucciniales","Uropyxidaceae"
"Leveillula","Biotrophic_plant_pathogen",1,"B_genus","Ascomycota","Leotiomycetes","Helotiales","Erysiphaceae"
"Lichenobactridium","Lichen_Parasite",1,"B_genus","Ascomycota","Incertae sedis","Incertae sedis","Incertae sedis"
"Lichenochora","Lichen_Parasite",1,"B_genus","Ascomycota","Sordariomycetes","Phyllachorales","Phyllachoraceae"
"Lichenoconium","Lichen_Parasite",1,"B_genus","Ascomycota","Dothideomycetes","Lichenoconiales","Lichenoconiaceae"
"Lichenodiplis","Lichen_Parasite",1,"B_genus","Ascomycota","Incertae sedis","Incertae sedis","Incertae sedis"
"Lichenodiplisiella","Lichen_Parasite",1,"B_genus","Ascomycota","Incertae sedis","Incertae sedis","Incertae sedis"
"Lichenohendersonia","Lichen_Parasite",1,"B_genus","Ascomycota","Incertae sedis","Incertae sedis","Incertae sedis"
"Lichenopeltella","Lichen_Parasite",1,"B_genus","Ascomycota","Dothideomycetes","Microthyriales","Microthyriaceae"
"Lichenopuccinia","Lichen_Parasite",1,"B_genus","Ascomycota","Incertae sedis","Incertae sedis","Incertae sedis"
"Lichenopyrenis","Lichen_Parasite",1,"B_genus","Ascomycota","Dothideomycetes","Pleosporales","Pleomassariaceae"
"Lichenostella","Lichen_Parasite",1,"B_genus","Ascomycota","Incertae sedis","Incertae sedis","Incertae sedis"
"Lichenosticta","Lichen_Parasite",1,"B_genus","Ascomycota","Incertae sedis","Incertae sedis","Incertae sedis"
"Lichenostigma","Lichen_Parasite",1,"B_genus","Ascomycota","Arthoniomycetes","Lichenostigmatales","Phaeococcomycetaceae"
"Lichenothelia","Lichen_Parasite Lichenized",2,"B_genus","Ascomycota","Dothideomycetes","Lichenotheliales","Lichenotheliaceae"
"Lichina","Lichenized",1,"B_genus","Ascomycota","Lichinomycetes","Lichinales","Lichinaceae"
"Lichinella","Lichenized",1,"B_genus","Ascomycota","Lichinomycetes","Lichinales","Lichinaceae"
"Lichinodium","Lichen_Parasite Lichenized",2,"B_genus","Ascomycota","Leotiomycetes","Lichinodiales","Lichinodiaceae"
"Lichtheimia","Human_Pathogen Saprotroph",2,"B_genus","Mucoromycota","Mucoromycetes","Mucorales","Lichtheimiaceae"
"Licrostroma","Saprotroph",1,"B_genus","Basidiomycota","Agaricomycetes","Russulales","Peniophoraceae"
"Lignomyces","Saprotroph",1,"B_genus","Basidiomycota","Agaricomycetes","Agaricales","Pleurotaceae"
"Lignosus","Wood_Saprotroph",1,"B_genus","Basidiomycota","Agaricomycetes","Polyporales","Polyporaceae"
"Lilaceophlebia","Wood_Saprotroph",1,"B_genus","Basidiomycota","Agaricomycetes","Polyporales","Meruliaceae"
"Limacella","Saprotroph",1,"B_genus","Basidiomycota","Agaricomycetes","Agaricales","Amanitaceae"
"Limnoperdon","Saprotroph",1,"B_genus","Basidiomycota","Agaricomycetes","Agaricales","Limnoperdaceae"
"Lindgomyces","Human_Pathogen",1,"B_genus","Ascomycota","Dothideomycetes","Pleosporales","Lindgomycetaceae"
"Lindra","Saprotroph",1,"B_genus","Ascomycota","Sordariomycetes","Lulworthiales","Lulworthiaceae"
"Lindtneria","Saprotroph",1,"B_genus","Basidiomycota","Agaricomycetes","Agaricales","Stephanosporaceae"
"Linospora","Plant_Pathogen",1,"B_genus","Ascomycota","Sordariomycetes","Diaporthales","Gnomoniaceae"
"Lipocystis","Biotrophic_plant_pathogen",1,"B_genus","Basidiomycota","Pucciniomycetes","Pucciniales","Raveneliaceae"
"Lirula","Plant_Pathogen",1,"B_genus","Ascomycota","Leotiomycetes","Rhytismatales","Rhytismataceae"
"Lithocalla","Lichenized",1,"B_genus","Ascomycota","Lecanoromycetes","Lecanorales","Ramalinaceae"
"Lithoglypha","Lichenized",1,"B_genus","Ascomycota","Lecanoromycetes","Acarosporales","Acarosporaceae"
"Lithographa","Lichenized",1,"B_genus","Ascomycota","Lecanoromycetes","Incertae sedis","Xylographaceae"
"Lithothelium","Lichenized",1,"B_genus","Ascomycota","Eurotiomycetes","Pyrenulales","Pyrenulaceae"
"Lizonia","Plant_Pathogen",1,"B_genus","Ascomycota","Dothideomycetes","Pleosporales","Lizoniaceae"
"Llimonaea","Lichenized",1,"B_genus","Ascomycota","Arthoniomycetes","Arthoniales","Opegraphaceae"
"Llimoniella","Lichen_Parasite",1,"B_genus","Ascomycota","Leotiomycetes","Helotiales","Cordieritidaceae"
"Lobaria","Lichenized",1,"B_genus","Ascomycota","Lecanoromycetes","Peltigerales","Lobariaceae"
"Lobariella","Lichenized",1,"B_genus","Ascomycota","Lecanoromycetes","Peltigerales","Lobariaceae"
"Lobarina","Lichenized",1,"B_genus","Ascomycota","Lecanoromycetes","Peltigerales","Lobariaceae"
"Lobothallia","Lichenized",1,"B_genus","Ascomycota","Lecanoromycetes","Pertusariales","Megasporaceae"
"Loflammia","Lichenized",1,"B_genus","Ascomycota","Lecanoromycetes","Lecanorales","Byssolomataceae"
"Loflammiopsis","Lichenized",1,"B_genus","Ascomycota","Lecanoromycetes","Lecanorales","Pilocarpaceae"
"Logilvia","Lichenized",1,"B_genus","Ascomycota","Lecanoromycetes","Lecanorales","Byssolomataceae"
"Longiseptatispora","Plant_Pathogen",1,"B_genus","Ascomycota","Dothideomycetes","Incertae sedis","Incertae sedis"
"Lopadium","Lichenized",1,"B_genus","Ascomycota","Lecanoromycetes","Lecideales","Lopadiaceae"
"Lopharia","Wood_Saprotroph",1,"B_genus","Basidiomycota","Agaricomycetes","Polyporales","Polyporaceae"
"Lophiotrema","Plant_Pathogen Saprotroph",2,"B_genus","Ascomycota","Dothideomycetes","Pleosporales","Lophiostomataceae"
"Lophium","Plant_Pathogen",1,"B_genus","Ascomycota","Dothideomycetes","Mytilinidiales","Mytilinidiaceae"
"Lophodermella","Plant_Pathogen",1,"B_genus","Ascomycota","Leotiomycetes","Rhytismatales","Rhytismataceae"
"Lophodermium","Endophyte Necrotrophic_plant_pathogen Plant_Pathogen Saprotroph",4,"B_genus","Ascomycota","Leotiomycetes","Rhytismatales","Rhytismataceae"
"Lophophacidium","Plant_Pathogen",1,"B_genus","Ascomycota","Leotiomycetes","Phacidiales","Phacidiaceae"
"Loweomyces","Wood_Saprotroph",1,"B_genus","Basidiomycota","Agaricomycetes","Polyporales","Steccherinaceae"
"Loxospora","Lichenized",1,"B_genus","Ascomycota","Lecanoromycetes","Incertae sedis","Sarrameanaceae"
"Lueckingia","Lichenized",1,"B_genus","Ascomycota","Lecanoromycetes","Lecanorales","Ramalinaceae"
"Lulworthia","Wood_Saprotroph",1,"B_genus","Ascomycota","Sordariomycetes","Lulworthiales","Lulworthiaceae"
"Lunulospora","Endophyte",1,"B_genus","Ascomycota","Incertae sedis","Incertae sedis","Incertae sedis"
"Luteocirrhus","Necrotrophic_plant_pathogen",1,"B_genus","Ascomycota","Sordariomycetes","Diaporthales","Cryphonectriaceae"
"Luteoporia","Wood_Saprotroph",1,"B_genus","Basidiomycota","Agaricomycetes","Polyporales","Meruliaceae"
"Lycogalopsis","Saprotroph",1,"B_genus","Basidiomycota","Agaricomycetes","Agaricales","Incertae sedis"
"Lycoperdon","Saprotroph",1,"B_genus","Basidiomycota","Agaricomycetes","Agaricales","Lycoperdaceae"
"Lylea","Saprotroph",1,"B_genus","Ascomycota","Incertae sedis","Incertae sedis","Incertae sedis"
"Lyomyces","Wood_Saprotroph",1,"B_genus","Basidiomycota","Agaricomycetes","Hymenochaetales","Schizoporaceae"
"Lyophyllum","Ectomycorrhizal Saprotroph",2,"B_genus","Basidiomycota","Agaricomycetes","Agaricales","Lyophyllaceae"
"Lyromma","Lichenized",1,"B_genus","Ascomycota","Eurotiomycetes","Chaetothyriales","Lyrommataceae"
"Lysurus","Saprotroph",1,"B_genus","Basidiomycota","Agaricomycetes","Phallales","Phallaceae"
"Macalpinomyces","Plant_Pathogen",1,"B_genus","Basidiomycota","Ustilaginomycetes","Ustilaginales","Ustilaginaceae"
"Macgarvieomyces","Necrotrophic_plant_pathogen",1,"B_genus","Ascomycota","Sordariomycetes","Magnaporthales","Pyriculariaceae"
"Mackintoshia","Ectomycorrhizal",1,"B_genus","Basidiomycota","Agaricomycetes","Boletales","Boletaceae"
"Macrobiotophthora","Insect_Pathogen",1,"B_genus","Entomophthoromycota","Entomophthoromycetes","Entomophthorales","Ancylistaceae"
"Macrocybe","Saprotroph",1,"B_genus","Basidiomycota","Agaricomycetes","Agaricales","Callistosporiaceae"
"Macrocystidia","Saprotroph",1,"B_genus","Basidiomycota","Agaricomycetes","Agaricales","Macrocystidiaceae"
"Macrodiplodiopsis","Plant_Pathogen",1,"B_genus","Ascomycota","Dothideomycetes","Pleosporales","Macrodiplodiopsidaceae"
"Macrographa","Lichen_Parasite",1,"B_genus","Ascomycota","Dothideomycetes","Microthyriales","Microthyriaceae"
"Macrohilum","Plant_Pathogen",1,"B_genus","Ascomycota","Sordariomycetes","Diaporthales","Macrohilaceae"
"Macrohyporia","Wood_Saprotroph",1,"B_genus","Basidiomycota","Agaricomycetes","Polyporales","Incertae sedis"
"Macrolepiota","Saprotroph",1,"B_genus","Basidiomycota","Agaricomycetes","Agaricales","Agaricaceae"
"Macrophoma","Necrotrophic_plant_pathogen Plant_Pathogen",2,"B_genus","Ascomycota","Dothideomycetes","Botryosphaeriales","Botryosphaeriaceae"
"Macrophomina","Endophyte Necrotrophic_plant_pathogen",2,"B_genus","Ascomycota","Dothideomycetes","Botryosphaeriales","Botryosphaeriaceae"
"Macroskyttea","Lichen_Parasite",1,"B_genus","Ascomycota","Leotiomycetes","Helotiales","Cordieritidaceae"
"Macrosporium","Plant_Pathogen",1,"B_genus","Ascomycota","Dothideomycetes","Pleosporales","Pleosporaceae"
"Macrotyphula","Saprotroph",1,"B_genus","Basidiomycota","Agaricomycetes","Agaricales","Typhulaceae"
"Maculatipalma","Plant_Pathogen",1,"B_genus","Ascomycota","Sordariomycetes","Diaporthales","Valsaceae"
"Madurella","Human_Pathogen",1,"B_genus","Ascomycota","Sordariomycetes","Sordariales","Incertae sedis"
"Magmopsis","Lichenized",1,"B_genus","Ascomycota","Incertae sedis","Incertae sedis","Incertae sedis"
"Magnaporthiopsis","Necrotrophic_plant_pathogen Plant_Pathogen",2,"B_genus","Ascomycota","Sordariomycetes","Magnaporthales","Magnaporthaceae"
"Magnusiomyces","Human_Pathogen",1,"B_genus","Ascomycota","Saccharomycetes","Saccharomycetales","Dipodascaceae"
"Maheshwaramyces","Biotrophic_plant_pathogen",1,"B_genus","Ascomycota","Dothideomycetes","Asterinales","Asterinaceae"
"Mainsia","Biotrophic_plant_pathogen",1,"B_genus","Basidiomycota","Pucciniomycetes","Pucciniales","Phragmidiaceae"
"Malajczukia","Ectomycorrhizal",1,"B_genus","Basidiomycota","Agaricomycetes","Hysterangiales","Mesophelliaceae"
"Malassezia","Human_Pathogen",1,"B_genus","Basidiomycota","Malasseziomycetes","Malasseziales","Malasseziaceae"
"Malbranchea","Endophyte",1,"B_genus","Ascomycota","Eurotiomycetes","Onygenales","Onygenaceae"
"Mallocybe","Ectomycorrhizal",1,"B_genus","Basidiomycota","Agaricomycetes","Agaricales","Inocybaceae"
"Malmidea","Lichenized",1,"B_genus","Ascomycota","Lecanoromycetes","Lecanorales","Malmideaceae"
"Malmographina","Lichenized",1,"B_genus","Ascomycota","Lecanoromycetes","Ostropales","Graphidaceae"
"Malthomyces","Plant_Pathogen",1,"B_genus","Ascomycota","Sordariomycetes","Phyllachorales","Phyllachoraceae"
"Mamianiella","Plant_Pathogen",1,"B_genus","Ascomycota","Sordariomycetes","Diaporthales","Gnomoniaceae"
"Marasmiellus","Endophyte Plant_Pathogen Saprotroph",3,"B_genus","Basidiomycota","Agaricomycetes","Agaricales","Omphalotaceae"
"Marasmius","Plant_Pathogen Saprotroph",2,"B_genus","Basidiomycota","Agaricomycetes","Agaricales","Marasmiaceae"
"Maravalia","Biotrophic_plant_pathogen",1,"B_genus","Basidiomycota","Pucciniomycetes","Pucciniales","Chaconiaceae"
"Marcelaria","Lichenized",1,"B_genus","Ascomycota","Dothideomycetes","Trypetheliales","Trypetheliaceae"
"Marchandiomyces","Lichen_Parasite Plant_Pathogen Saprotroph",3,"B_genus","Basidiomycota","Agaricomycetes","Corticiales","Corticiaceae"
"Marchantiana","Lichenized",1,"B_genus","Ascomycota","Lecanoromycetes","Teloschistales","Teloschistaceae"
"Mariannaea","Plant_Pathogen Saprotroph",2,"B_genus","Ascomycota","Sordariomycetes","Hypocreales","Nectriaceae"
"Maronea","Lichenized",1,"B_genus","Ascomycota","Lecanoromycetes","Umbilicariales","Fuscideaceae"
"Marssonina","Plant_Pathogen",1,"B_genus","Ascomycota","Leotiomycetes","Helotiales","Drepanopezizaceae"
"Marsupiomyces","Saprotroph",1,"B_genus","Ascomycota","Sordariomycetes","Diaporthales","Gnomoniaceae"
"Marthamyces","Plant_Pathogen Saprotroph",2,"B_genus","Ascomycota","Leotiomycetes","Chaetomellales","Marthamycetaceae"
"Massalongia","Lichenized",1,"B_genus","Ascomycota","Lecanoromycetes","Peltigerales","Massalongiaceae"
"Massarina","Endophyte Plant_Pathogen",2,"B_genus","Ascomycota","Dothideomycetes","Pleosporales","Massarinaceae"
"Masseeella","Biotrophic_plant_pathogen",1,"B_genus","Basidiomycota","Pucciniomycetes","Pucciniales","Incertae sedis"
"Massjukiella","Lichenized",1,"B_genus","Ascomycota","Lecanoromycetes","Teloschistales","Teloschistaceae"
"Massospora","Insect_Pathogen",1,"B_genus","Entomophthoromycota","Entomophthoromycetes","Entomophthorales","Entomophthoraceae"
"Mastigosporella","Plant_Pathogen",1,"B_genus","Ascomycota","Sordariomycetes","Diaporthales","Mastigosporellaceae"
"Mastigosporium","Necrotrophic_plant_pathogen Plant_Pathogen",2,"B_genus","Ascomycota","Leotiomycetes","Helotiales","Ploettnerulaceae"
"Mattirolia","Plant_Pathogen",1,"B_genus","Ascomycota","Sordariomycetes","Incertae sedis","Incertae sedis"
"Mauginiella","Plant_Pathogen",1,"B_genus","Ascomycota","Incertae sedis","Incertae sedis","Incertae sedis"
"Maurodothina","Plant_Pathogen",1,"B_genus","Ascomycota","Dothideomycetes","Asterinales","Asterinaceae"
"Mayamontana","Saprotroph",1,"B_genus","Basidiomycota","Agaricomycetes","Agaricales","Stephanosporaceae"
"Mazaediothecium","Lichenized",1,"B_genus","Ascomycota","Eurotiomycetes","Pyrenulales","Pyrenulaceae"
"Mazosia","Lichen_Parasite Lichenized",2,"B_genus","Ascomycota","Arthoniomycetes","Arthoniales","Roccellaceae"
"Mazzantia","Plant_Pathogen",1,"B_genus","Ascomycota","Sordariomycetes","Diaporthales","Diaporthaceae"
"Medusulina","Lichenized",1,"B_genus","Ascomycota","Lecanoromycetes","Graphidales","Fissurinaceae"
"Megacollybia","Saprotroph",1,"B_genus","Basidiomycota","Agaricomycetes","Agaricales","Incertae sedis"
"Megalaria","Lichenized",1,"B_genus","Ascomycota","Lecanoromycetes","Lecanorales","Ramalinaceae"
"Megaloblastenia","Lichenized",1,"B_genus","Ascomycota","Lecanoromycetes","Teloschistales","Megalosporaceae"
"Megalocystidium","Wood_Saprotroph",1,"B_genus","Basidiomycota","Agaricomycetes","Russulales","Stereaceae"
"Megalodochium","Plant_Pathogen",1,"B_genus","Ascomycota","Incertae sedis","Incertae sedis","Incertae sedis"
"Megaloseptoria","Plant_Pathogen",1,"B_genus","Ascomycota","Dothideomycetes","Pleosporales","Cucurbitariaceae"
"Megalospora","Lichenized",1,"B_genus","Ascomycota","Lecanoromycetes","Teloschistales","Megalosporaceae"
"Megalotremis","Lichenized",1,"B_genus","Ascomycota","Dothideomycetes","Monoblastiales","Monoblastiaceae"
"Megaspora","Lichenized",1,"B_genus","Ascomycota","Lecanoromycetes","Pertusariales","Megasporaceae"
"Megasporia","Wood_Saprotroph",1,"B_genus","Basidiomycota","Agaricomycetes","Polyporales","Polyporaceae"
"Megasporoporia","Wood_Saprotroph",1,"B_genus","Basidiomycota","Agaricomycetes","Polyporales","Polyporaceae"
"Meiorganum","Ectomycorrhizal",1,"B_genus","Basidiomycota","Agaricomycetes","Boletales","Paxillaceae"
"Melampsora","Biotrophic_plant_pathogen",1,"B_genus","Basidiomycota","Pucciniomycetes","Pucciniales","Melampsoraceae"
"Melampsorella","Biotrophic_plant_pathogen",1,"B_genus","Basidiomycota","Pucciniomycetes","Pucciniales","Pucciniastraceae"
"Melampsoridium","Biotrophic_plant_pathogen",1,"B_genus","Basidiomycota","Pucciniomycetes","Pucciniales","Pucciniastraceae"
"Melanconiella","Necrotrophic_plant_pathogen Plant_Pathogen",2,"B_genus","Ascomycota","Sordariomycetes","Diaporthales","Melanconiellaceae"
"Melanconis","Necrotrophic_plant_pathogen Plant_Pathogen Saprotroph",3,"B_genus","Ascomycota","Sordariomycetes","Diaporthales","Melanconidaceae"
"Melanconium","Plant_Pathogen Saprotroph",2,"B_genus","Ascomycota","Sordariomycetes","Diaporthales","Melanconidaceae"
"Melanelia","Lichenized",1,"B_genus","Ascomycota","Lecanoromycetes","Lecanorales","Parmeliaceae"
"Melanelixia","Lichenized",1,"B_genus","Ascomycota","Lecanoromycetes","Lecanorales","Parmeliaceae"
"Melaniella","Plant_Pathogen",1,"B_genus","Basidiomycota","Exobasidiomycetes","Doassansiales","Melaniellaceae"
"Melanoderma","Wood_Saprotroph",1,"B_genus","Basidiomycota","Agaricomycetes","Polyporales","Polyporaceae"
"Melanogaster","Ectomycorrhizal",1,"B_genus","Basidiomycota","Agaricomycetes","Boletales","Paxillaceae"
"Melanohalea","Lichenized",1,"B_genus","Ascomycota","Lecanoromycetes","Lecanorales","Parmeliaceae"
"Melanoleuca","Saprotroph",1,"B_genus","Basidiomycota","Agaricomycetes","Agaricales","Incertae sedis"
"Melanomma","Lichen_Parasite Plant_Pathogen Saprotroph",3,"B_genus","Ascomycota","Dothideomycetes","Pleosporales","Melanommataceae"
"Melanomphalia","Saprotroph",1,"B_genus","Basidiomycota","Agaricomycetes","Agaricales","Incertae sedis"
"Melanophyllum","Saprotroph",1,"B_genus","Basidiomycota","Agaricomycetes","Agaricales","Agaricaceae"
"Melanoporia","Wood_Saprotroph",1,"B_genus","Basidiomycota","Agaricomycetes","Hymenochaetales","Nigrofomitaceae"
"Melanopsamma","Lichen_Parasite",1,"B_genus","Ascomycota","Sordariomycetes","Hypocreales","Niessliaceae"
"Melanopsichium","Plant_Pathogen",1,"B_genus","Basidiomycota","Ustilaginomycetes","Ustilaginales","Ustilaginaceae"
"Melanospora","Endophyte Fungal_Parasite Plant_Pathogen",3,"B_genus","Ascomycota","Sordariomycetes","Melanosporales","Ceratostomataceae"
"Melanotaenium","Biotrophic_plant_pathogen",2,"B_genus","Basidiomycota","Ustilaginomycetes","Ustilaginales","Melanotaeniaceae"
"Melanotopelia","Lichenized",1,"B_genus","Ascomycota","Lecanoromycetes","Ostropales","Graphidaceae"
"Melanotrema","Lichenized",1,"B_genus","Ascomycota","Lecanoromycetes","Ostropales","Graphidaceae"
"Melanoxa","Plant_Pathogen",1,"B_genus","Basidiomycota","Ustilaginomycetes","Urocystidales","Urocystidaceae"
"Melanustilospora","Plant_Pathogen",1,"B_genus","Basidiomycota","Ustilaginomycetes","Urocystidales","Urocystidaceae"
"Melaspilea","Lichen_Parasite Lichenized",2,"B_genus","Ascomycota","Dothideomycetes","Eremithallales","Melaspileaceae"
"Melaspileella","Lichenized",1,"B_genus","Ascomycota","Dothideomycetes","Asterinales","Melaspileellaceae"
"Meliola","Biotrophic_plant_pathogen",1,"B_genus","Ascomycota","Sordariomycetes","Meliolales","Meliolaceae"
"Meliolaster","Biotrophic_plant_pathogen",1,"B_genus","Ascomycota","Dothideomycetes","Asterinales","Asterinaceae"
"Melogramma","Necrotrophic_plant_pathogen",1,"B_genus","Ascomycota","Sordariomycetes","Xylariales","Melogrammataceae"
"Membranomyces","Ectomycorrhizal",1,"B_genus","Basidiomycota","Agaricomycetes","Cantharellales","Hydnaceae"
"Menegazzia","Lichenized",1,"B_genus","Ascomycota","Lecanoromycetes","Lecanorales","Parmeliaceae"
"Menispora","Endophyte",1,"B_genus","Ascomycota","Sordariomycetes","Chaetosphaeriales","Chaetosphaeriaceae"
"Mensularia","Wood_Saprotroph",1,"B_genus","Basidiomycota","Agaricomycetes","Hymenochaetales","Hymenochaetaceae"
"Meridianelia","Lichenized",1,"B_genus","Ascomycota","Lecanoromycetes","Umbilicariales","Elixiaceae"
"Meripilus","Plant_Pathogen",1,"B_genus","Basidiomycota","Agaricomycetes","Polyporales","Meripilaceae"
"Merismatium","Lichen_Parasite Lichenized",2,"B_genus","Ascomycota","Eurotiomycetes","Verrucariales","Verrucariaceae"
"Merismodes","Saprotroph",1,"B_genus","Basidiomycota","Agaricomycetes","Agaricales","Niaceae"
"Meristacrum","Insect_Pathogen",1,"B_genus","Entomophthoromycota","Entomophthoromycetes","Entomophthorales","Meristacraceae"
"Meruliopsis","Wood_Saprotroph",1,"B_genus","Basidiomycota","Agaricomycetes","Polyporales","Irpicaceae"
"Meruliporia","Wood_Saprotroph",1,"B_genus","Basidiomycota","Agaricomycetes","Polyporales","Irpicaceae"
"Mesophellia","Ectomycorrhizal",1,"B_genus","Basidiomycota","Agaricomycetes","Hysterangiales","Mesophelliaceae"
"Metacapnodium","Plant_Pathogen",1,"B_genus","Ascomycota","Dothideomycetes","Capnodiales","Metacapnodiaceae"
"Metamelanea","Lichenized",1,"B_genus","Ascomycota","Lichinomycetes","Lichinales","Lichinaceae"
"Metarhizium","Human_Pathogen Insect_Pathogen",2,"B_genus","Ascomycota","Sordariomycetes","Hypocreales","Clavicipitaceae"
"Metschnikowia","Human_Pathogen Saprotroph",2,"B_genus","Ascomycota","Saccharomycetes","Saccharomycetales","Metschnikowiaceae"
"Metulocladosporiella","Necrotrophic_plant_pathogen Plant_Pathogen",2,"B_genus","Ascomycota","Eurotiomycetes","Chaetothyriales","Herpotrichiellaceae"
"Metulodontia","Wood_Saprotroph",1,"B_genus","Basidiomycota","Agaricomycetes","Polyporales","Hyphodermataceae"
"Metus","Lichenized",1,"B_genus","Ascomycota","Lecanoromycetes","Lecanorales","Cladoniaceae"
"Meyerozyma","Epiphyte Human_Pathogen Saprotroph",3,"B_genus","Ascomycota","Saccharomycetes","Saccharomycetales","Debaryomycetaceae"
"Micarea","Lichen_Parasite Lichenized",2,"B_genus","Ascomycota","Lecanoromycetes","Lecanorales","Byssolomataceae"
"Micraspis","Plant_Pathogen",1,"B_genus","Ascomycota","Leotiomycetes","Micraspidales","Micraspidaceae"
"Microascus","Dung_Saprotroph Human_Pathogen Necrotrophic_plant_pathogen Plant_Pathogen Saprotroph",5,"B_genus","Ascomycota","Sordariomycetes","Microascales","Microascaceae"
"Microbotryum","Biotrophic_plant_pathogen",2,"B_genus","Basidiomycota","Microbotryomycetes","Microbotryales","Microbotryaceae"
"Microcalicium","Algae_Parasite Lichen_Parasite Saprotroph",3,"B_genus","Ascomycota","Lecanoromycetes","Pertusariales","Microcaliciaceae"
"Microcera","Insect_Pathogen",1,"B_genus","Ascomycota","Sordariomycetes","Hypocreales","Nectriaceae"
"Microchrysosphaera","Plant_Pathogen",1,"B_genus","Ascomycota","Sordariomycetes","Hypocreales","Incertae sedis"
"Microconidiobolus","Insect_Pathogen",1,"B_genus","Entomophthoromycota","Entomophthoromycetes","Entomophthorales","Ancylistaceae"
"Microcyclephaeria","Plant_Pathogen",1,"B_genus","Ascomycota","Sordariomycetes","Incertae sedis","Incertae sedis"
"Microcyclospora","Endophyte Plant_Pathogen",2,"B_genus","Ascomycota","Incertae sedis","Incertae sedis","Incertae sedis"
"Microcyclosporella","Plant_Pathogen",1,"B_genus","Ascomycota","Dothideomycetes","Mycosphaerellales","Mycosphaerellaceae"
"Microdiplodia","Saprotroph",1,"B_genus","Ascomycota","Dothideomycetes","Botryosphaeriales","Botryosphaeriaceae"
"Microdochium","Necrotrophic_plant_pathogen Plant_Pathogen Saprotroph",3,"B_genus","Ascomycota","Sordariomycetes","Amphisphaeriales","Amphisphaeriaceae"
"Microdominikia","Arbuscular_Mycorrhizal",1,"B_genus","Glomeromycota","Glomeromycetes","Glomerales","Glomeraceae"
"Microgloeum","Plant_Pathogen",1,"B_genus","Ascomycota","Leotiomycetes","Helotiales","Drepanopezizaceae"
"Microidium","Biotrophic_plant_pathogen",1,"B_genus","Ascomycota","Leotiomycetes","Helotiales","Erysiphaceae"
"Microkamienskia","Arbuscular_Mycorrhizal",1,"B_genus","Glomeromycota","Glomeromycetes","Glomerales","Glomeraceae"
"Micromphale","Wood_Saprotroph",1,"B_genus","Basidiomycota","Agaricomycetes","Agaricales","Omphalotaceae"
"Micronematomyces","Plant_Pathogen",1,"B_genus","Ascomycota","Dothideomycetes","Mycosphaerellales","Mycosphaerellaceae"
"Micropeltis","Plant_Pathogen",1,"B_genus","Ascomycota","Dothideomycetes","Microthyriales","Micropeltidaceae"
"Micropera","Saprotroph",1,"B_genus","Ascomycota","Incertae sedis","Incertae sedis","Incertae sedis"
"Microporus","Wood_Saprotroph",1,"B_genus","Basidiomycota","Agaricomycetes","Polyporales","Polyporaceae"
"Micropsalliota","Saprotroph",1,"B_genus","Basidiomycota","Agaricomycetes","Agaricales","Agaricaceae"
"Microsphaera","Biotrophic_plant_pathogen",1,"B_genus","Ascomycota","Leotiomycetes","Helotiales","Erysiphaceae"
"Microsphaeropsis","Epiphyte Human_Pathogen Lichen_Parasite Necrotrophic_plant_pathogen Plant_Pathogen Saprotroph",6,"B_genus","Ascomycota","Dothideomycetes","Pleosporales","Didymellaceae"
"Microsporum","Human_Pathogen",1,"B_genus","Ascomycota","Eurotiomycetes","Onygenales","Arthrodermataceae"
"Microtheliopsis","Lichenized",1,"B_genus","Ascomycota","Eurotiomycetes","Chaetothyriales","Microtheliopsidaceae"
"Microthia","Plant_Pathogen",1,"B_genus","Ascomycota","Sordariomycetes","Diaporthales","Cryphonectriaceae"
"Microthyrium","Plant_Pathogen",1,"B_genus","Ascomycota","Dothideomycetes","Microthyriales","Microthyriaceae"
"Middelhovenomyces","Saprotroph",1,"B_genus","Ascomycota","Saccharomycetes","Saccharomycetales","Incertae sedis"
"Mikronegeria","Biotrophic_plant_pathogen",1,"B_genus","Basidiomycota","Pucciniomycetes","Pucciniales","Mikronegeriaceae"
"Milesia","Biotrophic_plant_pathogen",1,"B_genus","Basidiomycota","Pucciniomycetes","Pucciniales","Milesinaceae"
"Milesina","Biotrophic_plant_pathogen",1,"B_genus","Basidiomycota","Pucciniomycetes","Pucciniales","Milesinaceae"
"Millerburtonia","Plant_Pathogen",1,"B_genus","Ascomycota","Sordariomycetes","Diaporthales","Gnomoniaceae"
"Millerozyma","Human_Pathogen",1,"B_genus","Ascomycota","Saccharomycetes","Saccharomycetales","Debaryomycetaceae"
"Milospium","Lichen_Parasite Lichenized",2,"B_genus","Ascomycota","Incertae sedis","Incertae sedis","Incertae sedis"
"Miltidea","Lichenized",1,"B_genus","Ascomycota","Lecanoromycetes","Pertusariales","Miltideaceae"
"Minimedusa","Lichen_Parasite Plant_Pathogen",2,"B_genus","Basidiomycota","Agaricomycetes","Cantharellales","Incertae sedis"
"Minimidochium","Endophyte",1,"B_genus","Ascomycota","Incertae sedis","Incertae sedis","Incertae sedis"
"Minutiella","Plant_Pathogen",1,"B_genus","Ascomycota","Eurotiomycetes","Phaeomoniellales","Celotheliaceae"
"Minutoexcipula","Lichen_Parasite",1,"B_genus","Ascomycota","Incertae sedis","Incertae sedis","Incertae sedis"
"Minutophoma","Lichen_Parasite",1,"B_genus","Ascomycota","Incertae sedis","Incertae sedis","Incertae sedis"
"Miriquidica","Lichen_Parasite Lichenized",2,"B_genus","Ascomycota","Lecanoromycetes","Lecanorales","Lecanoraceae"
"Mischoblastia","Lichenized",1,"B_genus","Ascomycota","Lecanoromycetes","Caliciales","Physciaceae"
"Mitteriella","Plant_Pathogen",1,"B_genus","Ascomycota","Dothideomycetes","Incertae sedis","Englerulaceae"
"Miuraea","Necrotrophic_plant_pathogen",1,"B_genus","Ascomycota","Dothideomycetes","Mycosphaerellales","Mycosphaerellaceae"
"Mixia","Plant_Pathogen Saprotroph",2,"B_genus","Basidiomycota","Mixiomycetes","Mixiales","Mixiaceae"
"Mixtoconidium","Lichen_Parasite",1,"B_genus","Ascomycota","Incertae sedis","Incertae sedis","Incertae sedis"
"Mixtura","Plant_Pathogen",1,"B_genus","Ascomycota","Dothideomycetes","Pleosporales","Phaeosphaeriaceae"
"Mobergia","Lichenized",1,"B_genus","Ascomycota","Lecanoromycetes","Caliciales","Physciaceae"
"Moelleriella","Insect_Pathogen Lichenized",2,"B_genus","Ascomycota","Sordariomycetes","Hypocreales","Clavicipitaceae"
"Moesziomyces","Epiphyte Plant_Pathogen",2,"B_genus","Basidiomycota","Ustilaginomycetes","Ustilaginales","Ustilaginaceae"
"Mollisia","Endophyte Plant_Pathogen Saprotroph",3,"B_genus","Ascomycota","Leotiomycetes","Helotiales","Mollisiaceae"
"Monacrosporium","Nematode_Trapping",1,"B_genus","Ascomycota","Orbiliomycetes","Orbiliales","Orbiliaceae"
"Monascus","Plant_Pathogen",1,"B_genus","Ascomycota","Eurotiomycetes","Eurotiales","Monascaceae"
"Monerolechia","Lichen_Parasite Lichenized",2,"B_genus","Ascomycota","Lecanoromycetes","Caliciales","Caliciaceae"
"Monilia","Necrotrophic_plant_pathogen Plant_Pathogen",2,"B_genus","Ascomycota","Leotiomycetes","Helotiales","Sclerotiniaceae"
"Monilinia","Necrotrophic_plant_pathogen Plant_Pathogen",2,"B_genus","Ascomycota","Leotiomycetes","Helotiales","Sclerotiniaceae"
"Moniliophthora","Necrotrophic_plant_pathogen Plant_Pathogen",2,"B_genus","Basidiomycota","Agaricomycetes","Agaricales","Marasmiaceae"
"Monilochaetes","Plant_Pathogen",1,"B_genus","Ascomycota","Sordariomycetes","Chaetosphaeriales","Australiascaceae"
"Monoblastia","Lichenized",1,"B_genus","Ascomycota","Dothideomycetes","Monoblastiales","Monoblastiaceae"
"Monoblastiopsis","Lichenized",1,"B_genus","Ascomycota","Dothideomycetes","Incertae sedis","Incertae sedis"
"Monochaetia","Plant_Pathogen Saprotroph",2,"B_genus","Ascomycota","Sordariomycetes","Amphisphaeriales","Amphisphaeriaceae"
"Monodictys","Endophyte Lichen_Parasite Saprotroph Wood_Saprotroph",4,"B_genus","Ascomycota","Incertae sedis","Incertae sedis","Incertae sedis"
"Monodidymaria","Necrotrophic_plant_pathogen Plant_Pathogen",2,"B_genus","Ascomycota","Incertae sedis","Incertae sedis","Incertae sedis"
"Monosporascus","Plant_Pathogen",1,"B_genus","Ascomycota","Sordariomycetes","Xylariales","Diatrypaceae"
"Monosporium","Wood_Saprotroph",1,"B_genus","Ascomycota","Incertae sedis","Incertae sedis","Incertae sedis"
"Monostichella","Plant_Pathogen",1,"B_genus","Ascomycota","Incertae sedis","Incertae sedis","Incertae sedis"
"Montagnea","Saprotroph",1,"B_genus","Basidiomycota","Agaricomycetes","Agaricales","Agaricaceae"
"Montagnula","Plant_Pathogen Saprotroph",2,"B_genus","Ascomycota","Dothideomycetes","Pleosporales","Didymosphaeriaceae"
"Montanelia","Lichenized",1,"B_genus","Ascomycota","Lecanoromycetes","Lecanorales","Parmeliaceae"
"Morchella","Saprotroph",1,"B_genus","Ascomycota","Pezizomycetes","Pezizales","Morchellaceae"
"Moreaua","Biotrophic_plant_pathogen",2,"B_genus","Basidiomycota","Ustilaginomycetes","Ustilaginales","Anthracoideaceae"
"Moriola","Lichenized",1,"B_genus","Ascomycota","Eurotiomycetes","Verrucariales","Verrucariaceae"
"Morispora","Biotrophic_plant_pathogen",1,"B_genus","Basidiomycota","Pucciniomycetes","Pucciniales","Phragmidiaceae"
"Mucidula","Saprotroph",1,"B_genus","Basidiomycota","Agaricomycetes","Agaricales","Physalacriaceae"
"Mucilopilus","Ectomycorrhizal",1,"B_genus","Basidiomycota","Agaricomycetes","Boletales","Boletaceae"
"Mucoharknessia","Plant_Pathogen",1,"B_genus","Ascomycota","Dothideomycetes","Botryosphaeriales","Botryosphaeriaceae"
"Mucor","Dung_Saprotroph Human_Pathogen Necrotrophic_plant_pathogen Plant_Pathogen Saprotroph",5,"B_genus","Mucoromycota","Mucoromycetes","Mucorales","Mucoraceae"
"Mucronella","Saprotroph",1,"B_genus","Basidiomycota","Agaricomycetes","Agaricales","Incertae sedis"
"Muellerella","Lichen_Parasite",1,"B_genus","Ascomycota","Eurotiomycetes","Verrucariales","Verrucariaceae"
"Muirella","Necrotrophic_plant_pathogen",1,"B_genus","Ascomycota","Incertae sedis","Incertae sedis","Incertae sedis"
"Mulderomyces","Plant_Pathogen",1,"B_genus","Ascomycota","Lecanoromycetes","Ostropales","Incertae sedis"
"Multifurca","Ectomycorrhizal",1,"B_genus","Basidiomycota","Agaricomycetes","Russulales","Russulaceae"
"Multiseptospora","Saprotroph",1,"B_genus","Ascomycota","Dothideomycetes","Pleosporales","Incertae sedis"
"Mundkurella","Plant_Pathogen",1,"B_genus","Basidiomycota","Ustilaginomycetes","Urocystidales","Urocystidaceae"
"Muribasidiospora","Plant_Pathogen",1,"B_genus","Basidiomycota","Exobasidiomycetes","Exobasidiales","Exobasidiaceae"
"Musaespora","Lichenized",1,"B_genus","Ascomycota","Dothideomycetes","Trypetheliales","Trypetheliaceae"
"Muscinupta","Plant_Pathogen",1,"B_genus","Basidiomycota","Agaricomycetes","Hymenochaetales","Incertae sedis"
"Musicillium","Necrotrophic_plant_pathogen",1,"B_genus","Ascomycota","Sordariomycetes","Glomerellales","Plectosphaerellaceae"
"Musidium","Plant_Pathogen",1,"B_genus","Ascomycota","Sordariomycetes","Glomerellales","Plectosphaerellaceae"
"Musumecia","Saprotroph",1,"B_genus","Basidiomycota","Agaricomycetes","Agaricales","Pseudoclitocybaceae"
"Mutatoderma","Wood_Saprotroph",1,"B_genus","Basidiomycota","Agaricomycetes","Polyporales","Hyphodermataceae"
"Mutinus","Saprotroph",1,"B_genus","Basidiomycota","Agaricomycetes","Phallales","Phallaceae"
"Muyocopron","Endophyte Plant_Pathogen Saprotroph",3,"B_genus","Ascomycota","Dothideomycetes","Muyocopronales","Muyocopronaceae"
"Mycena","Plant_Pathogen Saprotroph Wood_Saprotroph",3,"B_genus","Basidiomycota","Agaricomycetes","Agaricales","Mycenaceae"
"Mycenastrum","Saprotroph",1,"B_genus","Basidiomycota","Agaricomycetes","Agaricales","Agaricaceae"
"Mycenella","Saprotroph",1,"B_genus","Basidiomycota","Agaricomycetes","Agaricales","Incertae sedis"
"Mycenoporella","Saprotroph",1,"B_genus","Basidiomycota","Agaricomycetes","Agaricales","Mycenaceae"
"Mycetinis","Saprotroph",1,"B_genus","Basidiomycota","Agaricomycetes","Agaricales","Omphalotaceae"
"Mycoacia","Wood_Saprotroph",1,"B_genus","Basidiomycota","Agaricomycetes","Polyporales","Meruliaceae"
"Mycoamaranthus","Ectomycorrhizal",1,"B_genus","Basidiomycota","Agaricomycetes","Boletales","Boletaceae"
"Mycoarthris","Saprotroph",1,"B_genus","Ascomycota","Leotiomycetes","Helotiales","Hyaloscyphaceae"
"Mycobernardia","Saprotroph",1,"B_genus","Basidiomycota","Agaricomycetes","Corticiales","Corticiaceae"
"Mycobilimbia","Lichenized",1,"B_genus","Ascomycota","Lecanoromycetes","Lecanorales","Ramalinaceae"
"Mycoblastus","Lichenized",1,"B_genus","Ascomycota","Lecanoromycetes","Lecanorales","Tephromelataceae"
"Mycocalia","Saprotroph",1,"B_genus","Basidiomycota","Agaricomycetes","Agaricales","Incertae sedis"
"Mycocalicium","Lichen_Parasite Lichenized Saprotroph",3,"B_genus","Ascomycota","Eurotiomycetes","Mycocaliciales","Mycocaliciaceae"
"Mycocentrospora","Endophyte Necrotrophic_plant_pathogen Plant_Pathogen",3,"B_genus","Ascomycota","Dothideomycetes","Pleosporales","Incertae sedis"
"Mycochaetophora","Plant_Pathogen",1,"B_genus","Ascomycota","Leotiomycetes","Helotiales","Ploettnerulaceae"
"Mycodiella","Necrotrophic_plant_pathogen Plant_Pathogen",2,"B_genus","Ascomycota","Sordariomycetes","Xylariales","Incertae sedis"
"Mycoglaena","Lichen_Parasite",1,"B_genus","Ascomycota","Dothideomycetes","Incertae sedis","Incertae sedis"
"Mycohypallage","Necrotrophic_plant_pathogen",1,"B_genus","Ascomycota","Sordariomycetes","Phyllachorales","Phyllachoraceae"
"Mycoleptodiscus","Plant_Pathogen",1,"B_genus","Ascomycota","Sordariomycetes","Magnaporthales","Magnaporthaceae"
"Mycomicrothelia","Lichenized Saprotroph",2,"B_genus","Ascomycota","Dothideomycetes","Trypetheliales","Trypetheliaceae"
"Mycopan","Saprotroph",1,"B_genus","Basidiomycota","Agaricomycetes","Agaricales","Mycenaceae"
"Mycopappus","Plant_Pathogen",1,"B_genus","Ascomycota","Leotiomycetes","Helotiales","Sclerotiniaceae"
"Mycoporopsis","Lichenized Saprotroph",2,"B_genus","Ascomycota","Dothideomycetes","Incertae sedis","Incertae sedis"
"Mycoporum","Lichenized Saprotroph",2,"B_genus","Ascomycota","Dothideomycetes","Pleosporales","Mycoporaceae"
"Mycosarcoma","Plant_Pathogen",1,"B_genus","Basidiomycota","Ustilaginomycetes","Ustilaginales","Ustilaginaceae"
"Mycosphaerella","Endophyte Necrotrophic_plant_pathogen Plant_Pathogen",3,"B_genus","Ascomycota","Dothideomycetes","Mycosphaerellales","Mycosphaerellaceae"
"Mycosphaerelloides","Endophyte Plant_Pathogen",2,"B_genus","Ascomycota","Dothideomycetes","Mycosphaerellales","Mycosphaerellaceae"
"Mycostilla","Saprotroph",1,"B_genus","Basidiomycota","Agaricomycetes","Auriculariales","Incertae sedis"
"Mycosyrinx","Plant_Pathogen",1,"B_genus","Basidiomycota","Ustilaginomycetes","Urocystidales","Mycosyringaceae"
"Mycotribulus","Saprotroph",1,"B_genus","Basidiomycota","Agaricomycetes","Agaricales","Physalacriaceae"
"Mycotypha","Human_Pathogen Saprotroph",2,"B_genus","Mucoromycota","Mucoromycetes","Mucorales","Mycotyphaceae"
"Mycovellosiella","Necrotrophic_plant_pathogen Plant_Pathogen",2,"B_genus","Ascomycota","Dothideomycetes","Mycosphaerellales","Mycosphaerellaceae"
"Myelochroa","Lichenized",1,"B_genus","Ascomycota","Lecanoromycetes","Lecanorales","Parmeliaceae"
"Myeloconis","Lichenized",1,"B_genus","Ascomycota","Lecanoromycetes","Ostropales","Porinaceae"
"Myelorrhiza","Lichenized",1,"B_genus","Ascomycota","Lecanoromycetes","Lecanorales","Cladoniaceae"
"Myiophagus","Insect_Pathogen",1,"B_genus","Chytridiomycota","Chytridiomycetes","Chytridiales","Incertae sedis"
"Myochroidea","Lichenized",1,"B_genus","Ascomycota","Lecanoromycetes","Lecanorales","Incertae sedis"
"Myochromella","Saprotroph",1,"B_genus","Basidiomycota","Agaricomycetes","Agaricales","Lyophyllaceae"
"Myriogenospora","Insect_Pathogen Plant_Pathogen",2,"B_genus","Ascomycota","Sordariomycetes","Hypocreales","Clavicipitaceae"
"Myriolecis","Lichenized",1,"B_genus","Ascomycota","Lecanoromycetes","Lecanorales","Lecanoraceae"
"Myrionora","Lichenized",1,"B_genus","Ascomycota","Lecanoromycetes","Lecanorales","Lecanoraceae"
"Myriospora","Lichenized",1,"B_genus","Ascomycota","Lecanoromycetes","Acarosporales","Acarosporaceae"
"Myriostigma","Lichenized",1,"B_genus","Ascomycota","Arthoniomycetes","Arthoniales","Arthoniaceae"
"Myriostoma","Saprotroph",1,"B_genus","Basidiomycota","Agaricomycetes","Geastrales","Geastraceae"
"Myriotrema","Lichenized",1,"B_genus","Ascomycota","Lecanoromycetes","Ostropales","Graphidaceae"
"Myrmecopterula","Saprotroph",1,"B_genus","Basidiomycota","Agaricomycetes","Agaricales","Pterulaceae"
"Myrmecridium","Endophyte",1,"B_genus","Ascomycota","Sordariomycetes","Myrmecridiales","Incertae sedis"
"Myrothecium","Necrotrophic_plant_pathogen Plant_Pathogen Saprotroph",3,"B_genus","Ascomycota","Sordariomycetes","Hypocreales","Incertae sedis"
"Myrtapenidiella","Necrotrophic_plant_pathogen Saprotroph",2,"B_genus","Ascomycota","Dothideomycetes","Mycosphaerellales","Teratosphaeriaceae"
"Mythicomyces","Saprotroph",1,"B_genus","Basidiomycota","Agaricomycetes","Agaricales","Mythicomycetaceae"
"Myxarium","Saprotroph",1,"B_genus","Basidiomycota","Agaricomycetes","Auriculariales","Hyaloriaceae"
"Myxomphalia","Saprotroph",1,"B_genus","Basidiomycota","Agaricomycetes","Agaricales","Incertae sedis"
"Myxophora","Lichen_Parasite",1,"B_genus","Ascomycota","Dothideomycetes","Incertae sedis","Pseudoperisporiaceae"
"Myxotrichum","Ericoid_Mycorrhizal Lichen_Parasite Saprotroph",3,"B_genus","Ascomycota","Leotiomycetes","Helotiales","Myxotrichaceae"
"Nadvornikia","Lichenized",1,"B_genus","Ascomycota","Lecanoromycetes","Ostropales","Graphidaceae"
"Naemacyclus","Saprotroph",1,"B_genus","Ascomycota","Leotiomycetes","Chaetomellales","Marthamycetaceae"
"Naetrocymbe","Lichenized Saprotroph",2,"B_genus","Ascomycota","Dothideomycetes","Incertae sedis","Naetrocymbaceae"
"Naevala","Plant_Pathogen",1,"B_genus","Ascomycota","Leotiomycetes","Helotiales","Discinellaceae"
"Naevia","Lichen_Parasite",1,"B_genus","Ascomycota","Arthoniomycetes","Arthoniales","Arthoniaceae"
"Naganishia","Human_Pathogen",1,"B_genus","Basidiomycota","Tremellomycetes","Filobasidiales","Filobasidiaceae"
"Naiadolina","Saprotroph",1,"B_genus","Basidiomycota","Agaricomycetes","Agaricales","Physalacriaceae"
"Nais","Wood_Saprotroph",1,"B_genus","Ascomycota","Sordariomycetes","Microascales","Halosphaeriaceae"
"Nakaseomyces","Human_Pathogen",1,"B_genus","Ascomycota","Saccharomycetes","Saccharomycetales","Saccharomycetaceae"
"Nakataea","Plant_Pathogen",1,"B_genus","Ascomycota","Sordariomycetes","Magnaporthales","Magnaporthaceae"
"Nakazawaea","Human_Pathogen",1,"B_genus","Ascomycota","Saccharomycetes","Saccharomycetales","Incertae sedis"
"Nalanthamala","Necrotrophic_plant_pathogen Plant_Pathogen",2,"B_genus","Ascomycota","Sordariomycetes","Hypocreales","Nectriaceae"
"Nannfeldtiomyces","Plant_Pathogen",1,"B_genus","Basidiomycota","Exobasidiomycetes","Doassansiales","Doassansiaceae"
"Nannizzia","Human_Pathogen",1,"B_genus","Ascomycota","Eurotiomycetes","Onygenales","Arthrodermataceae"
"Nannizziopsis","Human_Pathogen",1,"B_genus","Ascomycota","Eurotiomycetes","Onygenales","Nannizziopsidaceae"
"Nanostictis","Lichen_Parasite",1,"B_genus","Ascomycota","Lecanoromycetes","Ostropales","Stictidaceae"
"Naohidemyces","Biotrophic_plant_pathogen",1,"B_genus","Basidiomycota","Pucciniomycetes","Pucciniales","Pucciniastraceae"
"Napicladium","Plant_Pathogen",1,"B_genus","Ascomycota","Dothideomycetes","Venturiales","Venturiaceae"
"Narasimhania","Plant_Pathogen",1,"B_genus","Basidiomycota","Exobasidiomycetes","Doassansiales","Doassansiaceae"
"Narcissea","Saprotroph",1,"B_genus","Basidiomycota","Agaricomycetes","Agaricales","Psathyrellaceae"
"Natantispora","Saprotroph",1,"B_genus","Ascomycota","Sordariomycetes","Microascales","Halosphaeriaceae"
"Naucoria","Ectomycorrhizal Wood_Saprotroph",2,"B_genus","Basidiomycota","Agaricomycetes","Agaricales","Hymenogastraceae"
"Naumovozyma","Saprotroph",1,"B_genus","Ascomycota","Saccharomycetes","Saccharomycetales","Saccharomycetaceae"
"Nectria","Endophyte Fungal_Parasite Lichen_Parasite Necrotrophic_plant_pathogen Plant_Pathogen Saprotroph Wood_Saprotroph",7,"B_genus","Ascomycota","Sordariomycetes","Hypocreales","Nectriaceae"
"Nectricladiella","Plant_Pathogen",1,"B_genus","Ascomycota","Sordariomycetes","Hypocreales","Nectriaceae"
"Nectriella","Plant_Pathogen",1,"B_genus","Ascomycota","Sordariomycetes","Hypocreales","Bionectriaceae"
"Nectriopsis","Fungal_Parasite",1,"B_genus","Ascomycota","Sordariomycetes","Hypocreales","Bionectriaceae"
"Nemania","Endophyte Necrotrophic_plant_pathogen",2,"B_genus","Ascomycota","Sordariomycetes","Xylariales","Xylariaceae"
"Nematoctonus","Wood_Saprotroph",1,"B_genus","Basidiomycota","Agaricomycetes","Agaricales","Pleurotaceae"
"Nematogonum","Fungal_Parasite",1,"B_genus","Ascomycota","Incertae sedis","Incertae sedis","Incertae sedis"
"Nematostigma","Plant_Pathogen",1,"B_genus","Ascomycota","Dothideomycetes","Incertae sedis","Pseudoperisporiaceae"
"Nematostoma","Plant_Pathogen",1,"B_genus","Ascomycota","Dothideomycetes","Incertae sedis","Pseudoperisporiaceae"
"Nematothecium","Plant_Pathogen",1,"B_genus","Ascomycota","Dothideomycetes","Incertae sedis","Nematotheciaceae"
"Neoalbatrellus","Ectomycorrhizal",1,"B_genus","Basidiomycota","Agaricomycetes","Russulales","Incertae sedis"
"Neoaleurodiscus","Wood_Saprotroph",1,"B_genus","Basidiomycota","Agaricomycetes","Russulales","Stereaceae"
"Neoalpova","Ectomycorrhizal",1,"B_genus","Basidiomycota","Agaricomycetes","Boletales","Paxillaceae"
"Neoantrodia","Plant_Pathogen Wood_Saprotroph",2,"B_genus","Basidiomycota","Agaricomycetes","Polyporales","Fomitopsidaceae"
"Neoantrodiella","Wood_Saprotroph",1,"B_genus","Basidiomycota","Agaricomycetes","Hymenochaetales","Neoantrodiellaceae"
"Neoascochyta","Plant_Pathogen",1,"B_genus","Ascomycota","Dothideomycetes","Pleosporales","Didymellaceae"
"Neobarya","Fungal_Parasite",1,"B_genus","Ascomycota","Sordariomycetes","Hypocreales","Clavicipitaceae"
"Neoboletus","Ectomycorrhizal",1,"B_genus","Basidiomycota","Agaricomycetes","Boletales","Boletaceae"
"Neobrownliella","Lichenized",1,"B_genus","Ascomycota","Lecanoromycetes","Teloschistales","Teloschistaceae"
"Neobuelliella","Lichen_Parasite",1,"B_genus","Ascomycota","Dothideomycetes","Asterinales","Neobuelliellaceae"
"Neocamarosporium","Plant_Pathogen Saprotroph",2,"B_genus","Ascomycota","Dothideomycetes","Pleosporales","Neocamarosporiaceae"
"Neocatapyrenium","Lichenized",1,"B_genus","Ascomycota","Eurotiomycetes","Verrucariales","Verrucariaceae"
"Neocatenulostroma","Plant_Pathogen",1,"B_genus","Ascomycota","Dothideomycetes","Mycosphaerellales","Teratosphaeriaceae"
"Neoceratosperma","Necrotrophic_plant_pathogen Plant_Pathogen",2,"B_genus","Ascomycota","Dothideomycetes","Mycosphaerellales","Mycosphaerellaceae"
"Neocercospora","Necrotrophic_plant_pathogen",1,"B_genus","Ascomycota","Dothideomycetes","Mycosphaerellales","Mycosphaerellaceae"
"Neocercosporidium","Necrotrophic_plant_pathogen",1,"B_genus","Ascomycota","Dothideomycetes","Mycosphaerellales","Mycosphaerellaceae"
"Neocoleroa","Lichen_Parasite Necrotrophic_plant_pathogen",2,"B_genus","Ascomycota","Dothideomycetes","Incertae sedis","Pseudoperisporiaceae"
"Neoconidiobolus","Insect_Pathogen",1,"B_genus","Entomophthoromycota","Entomophthoromycetes","Entomophthorales","Ancylistaceae"
"Neoconiothyrium","Plant_Pathogen",1,"B_genus","Ascomycota","Dothideomycetes","Pleosporales","Coniothyriaceae"
"Neocordana","Endophyte Necrotrophic_plant_pathogen Plant_Pathogen",3,"B_genus","Ascomycota","Sordariomycetes","Magnaporthales","Pyriculariaceae"
"Neocosmospora","Necrotrophic_plant_pathogen Plant_Pathogen",2,"B_genus","Ascomycota","Sordariomycetes","Hypocreales","Nectriaceae"
"Neocucurbitaria","Endophyte Saprotroph",2,"B_genus","Ascomycota","Dothideomycetes","Pleosporales","Cucurbitariaceae"
"Neodeightonia","Necrotrophic_plant_pathogen Plant_Pathogen Saprotroph",3,"B_genus","Ascomycota","Dothideomycetes","Botryosphaeriales","Botryosphaeriaceae"
"Neodeightoniella","Necrotrophic_plant_pathogen",1,"B_genus","Ascomycota","Dothideomycetes","Mycosphaerellales","Mycosphaerellaceae"
"Neodermea","Saprotroph",1,"B_genus","Ascomycota","Leotiomycetes","Helotiales","Dermateaceae"
"Neodevriesia","Plant_Pathogen",1,"B_genus","Ascomycota","Dothideomycetes","Capnodiales","Neodevriesiaceae"
"Neodidymelliopsis","Necrotrophic_plant_pathogen Plant_Pathogen",2,"B_genus","Ascomycota","Dothideomycetes","Pleosporales","Didymellaceae"
"Neoechinodiscus","Lichen_Parasite",1,"B_genus","Ascomycota","Leotiomycetes","Helotiales","Incertae sedis"
"Neoerysiphe","Biotrophic_plant_pathogen",1,"B_genus","Ascomycota","Leotiomycetes","Helotiales","Erysiphaceae"
"Neofabraea","Necrotrophic_plant_pathogen Plant_Pathogen",2,"B_genus","Ascomycota","Leotiomycetes","Helotiales","Dermateaceae"
"Neofavolus","Wood_Saprotroph",1,"B_genus","Basidiomycota","Agaricomycetes","Polyporales","Polyporaceae"
"Neofomitella","Wood_Saprotroph",1,"B_genus","Basidiomycota","Agaricomycetes","Polyporales","Polyporaceae"
"Neofusicoccum","Endophyte Necrotrophic_plant_pathogen Plant_Pathogen",3,"B_genus","Ascomycota","Dothideomycetes","Botryosphaeriales","Botryosphaeriaceae"
"Neogaeumannomyces","Saprotroph",1,"B_genus","Ascomycota","Sordariomycetes","Magnaporthales","Magnaporthaceae"
"Neolamya","Lichen_Parasite",1,"B_genus","Ascomycota","Sordariomycetes","Incertae sedis","Incertae sedis"
"Neolentinus","Wood_Saprotroph",1,"B_genus","Basidiomycota","Agaricomycetes","Gloeophyllales","Gloeophyllaceae"
"Neolinocarpon","Saprotroph",1,"B_genus","Ascomycota","Sordariomycetes","Chaetosphaeriales","Linocarpaceae"
"Neomensularia","Wood_Saprotroph",1,"B_genus","Basidiomycota","Agaricomycetes","Hymenochaetales","Hymenochaetaceae"
"Neomicrosphaeropsis","Plant_Pathogen Saprotroph",2,"B_genus","Ascomycota","Dothideomycetes","Pleosporales","Didymellaceae"
"Neomycosphaerella","Necrotrophic_plant_pathogen",1,"B_genus","Ascomycota","Dothideomycetes","Mycosphaerellales","Mycosphaerellaceae"
"Neonectria","Endophyte Necrotrophic_plant_pathogen Plant_Pathogen",3,"B_genus","Ascomycota","Sordariomycetes","Hypocreales","Nectriaceae"
"Neonothopanus","Saprotroph",1,"B_genus","Basidiomycota","Agaricomycetes","Agaricales","Omphalotaceae"
"Neoovularia","Necrotrophic_plant_pathogen",1,"B_genus","Ascomycota","Incertae sedis","Incertae sedis","Incertae sedis"
"Neoparodia","Plant_Pathogen",1,"B_genus","Ascomycota","Dothideomycetes","Incertae sedis","Neoparodiaceae"
"Neopaxillus","Saprotroph",1,"B_genus","Basidiomycota","Agaricomycetes","Agaricales","Incertae sedis"
"Neopeckia","Plant_Pathogen",1,"B_genus","Ascomycota","Dothideomycetes","Incertae sedis","Incertae sedis"
"Neopestalotiopsis","Endophyte Necrotrophic_plant_pathogen Plant_Pathogen Saprotroph",4,"B_genus","Ascomycota","Sordariomycetes","Amphisphaeriales","Pestalotiopsidaceae"
"Neopetractis","Lichenized",1,"B_genus","Ascomycota","Lecanoromycetes","Gyalectales","Gyalectaceae"
"Neophaeomoniella","Plant_Pathogen",1,"B_genus","Ascomycota","Eurotiomycetes","Phaeomoniellales","Celotheliaceae"
"Neophaeosphaeria","Plant_Pathogen",1,"B_genus","Ascomycota","Dothideomycetes","Pleosporales","Neophaeosphaeriaceae"
"Neophaeothecoidea","Saprotroph",1,"B_genus","Ascomycota","Dothideomycetes","Mycosphaerellales","Teratosphaeriaceae"
"Neophyllachora","Plant_Pathogen",1,"B_genus","Ascomycota","Sordariomycetes","Phyllachorales","Phyllachoraceae"
"Neophyllis","Lichenized",1,"B_genus","Ascomycota","Lecanoromycetes","Lecanorales","Sphaerophoraceae"
"Neophysalospora","Necrotrophic_plant_pathogen",1,"B_genus","Ascomycota","Sordariomycetes","Incertae sedis","Incertae sedis"
"Neophysopella","Biotrophic_plant_pathogen",1,"B_genus","Basidiomycota","Pucciniomycetes","Pucciniales","Neophysopellaceae"
"Neoprotoparmelia","Lichenized",1,"B_genus","Ascomycota","Lecanoromycetes","Lecanorales","Parmeliaceae"
"Neopseudocercospora","Necrotrophic_plant_pathogen Plant_Pathogen",2,"B_genus","Ascomycota","Dothideomycetes","Mycosphaerellales","Mycosphaerellaceae"
"Neopseudocercosporella","Plant_Pathogen",1,"B_genus","Ascomycota","Dothideomycetes","Mycosphaerellales","Mycosphaerellaceae"
"Neoramichloridium","Plant_Pathogen",1,"B_genus","Ascomycota","Dothideomycetes","Mycosphaerellales","Mycosphaerellaceae"
"Neoramularia","Necrotrophic_plant_pathogen Plant_Pathogen",2,"B_genus","Ascomycota","Incertae sedis","Incertae sedis","Incertae sedis"
"Neoschizothecium","Dung_Saprotroph Endophyte",2,"B_genus","Ascomycota","Sordariomycetes","Sordariales","Neoschizotheciaceae"
"Neoscytalidium","Human_Pathogen Plant_Pathogen Saprotroph",3,"B_genus","Ascomycota","Dothideomycetes","Botryosphaeriales","Botryosphaeriaceae"
"Neosetophoma","Saprotroph",1,"B_genus","Ascomycota","Dothideomycetes","Pleosporales","Phaeosphaeriaceae"
"Neosulcatispora","Necrotrophic_plant_pathogen",1,"B_genus","Ascomycota","Dothideomycetes","Pleosporales","Phaeosphaeriaceae"
"Neothyriopsis","Plant_Pathogen",1,"B_genus","Ascomycota","Dothideomycetes","Incertae sedis","Incertae sedis"
"Neotrichosphaeria","Plant_Pathogen",1,"B_genus","Ascomycota","Sordariomycetes","Xylariales","Incertae sedis"
"Neotrimmatostroma","Necrotrophic_plant_pathogen Plant_Pathogen",2,"B_genus","Ascomycota","Dothideomycetes","Mycosphaerellales","Teratosphaeriaceae"
"Neottiella","Plant_Pathogen",1,"B_genus","Ascomycota","Pezizomycetes","Pezizales","Pyronemataceae"
"Neottiospora","Plant_Pathogen",1,"B_genus","Ascomycota","Incertae sedis","Incertae sedis","Incertae sedis"
"Neottiosporina","Plant_Pathogen",1,"B_genus","Ascomycota","Incertae sedis","Incertae sedis","Incertae sedis"
"Neovaginatispora","Plant_Pathogen",1,"B_genus","Ascomycota","Dothideomycetes","Pleosporales","Lophiostomataceae"
"Neovossia","Plant_Pathogen",1,"B_genus","Basidiomycota","Exobasidiomycetes","Tilletiales","Tilletiaceae"
"Neozygites","Insect_Pathogen",1,"B_genus","Entomophthoromycota","Entomophthoromycetes","Entomophthorales","Neozygitaceae"
"Nephroma","Lichenized",1,"B_genus","Ascomycota","Lecanoromycetes","Peltigerales","Nephromataceae"
"Nephromopsis","Lichenized",1,"B_genus","Ascomycota","Lecanoromycetes","Lecanorales","Parmeliaceae"
"Nesolechia","Lichen_Parasite",1,"B_genus","Ascomycota","Lecanoromycetes","Lecanorales","Parmeliaceae"
"Neurospora","Plant_Pathogen",1,"B_genus","Ascomycota","Sordariomycetes","Sordariales","Sordariaceae"
"Nevesia","Lichenized",1,"B_genus","Ascomycota","Lecanoromycetes","Peltigerales","Pannariaceae"
"Nia","Saprotroph",1,"B_genus","Basidiomycota","Agaricomycetes","Agaricales","Niaceae"
"Nidula","Saprotroph",1,"B_genus","Basidiomycota","Agaricomycetes","Agaricales","Incertae sedis"
"Nidularia","Saprotroph",1,"B_genus","Basidiomycota","Agaricomycetes","Agaricales","Incertae sedis"
"Nidulariopsis","Saprotroph",1,"B_genus","Basidiomycota","Agaricomycetes","Geastrales","Geastraceae"
"Niebla","Lichenized",1,"B_genus","Ascomycota","Lecanoromycetes","Lecanorales","Ramalinaceae"
"Niemelaea","Wood_Saprotroph",1,"B_genus","Basidiomycota","Agaricomycetes","Polyporales","Steccherinaceae"
"Niesslia","Lichen_Parasite",1,"B_genus","Ascomycota","Sordariomycetes","Hypocreales","Niessliaceae"
"Nigroboletus","Ectomycorrhizal",1,"B_genus","Basidiomycota","Agaricomycetes","Boletales","Boletaceae"
"Nigrograna","Human_Pathogen Plant_Pathogen",2,"B_genus","Ascomycota","Dothideomycetes","Pleosporales","Nigrogranaceae"
"Nigromacula","Lichen_Parasite",1,"B_genus","Ascomycota","Incertae sedis","Incertae sedis","Incertae sedis"
"Nigroporus","Wood_Saprotroph",1,"B_genus","Basidiomycota","Agaricomycetes","Polyporales","Steccherinaceae"
"Nigropuncta","Lichen_Parasite",1,"B_genus","Ascomycota","Incertae sedis","Incertae sedis","Incertae sedis"
"Nigrosabulum","Dung_Saprotroph",1,"B_genus","Ascomycota","Sordariomycetes","Hypocreales","Bionectriaceae"
"Nigrospora","Endophyte Necrotrophic_plant_pathogen Saprotroph",3,"B_genus","Ascomycota","Sordariomycetes","Incertae sedis","Incertae sedis"
"Nipponoparmelia","Lichenized",1,"B_genus","Ascomycota","Lecanoromycetes","Lecanorales","Parmeliaceae"
"Niptera","Lichen_Parasite",1,"B_genus","Ascomycota","Leotiomycetes","Helotiales","Mollisiaceae"
"Nitidochapsa","Lichenized",1,"B_genus","Ascomycota","Lecanoromycetes","Ostropales","Graphidaceae"
"Nitschkia","Fungal_Parasite",1,"B_genus","Ascomycota","Sordariomycetes","Coronophorales","Nitschkiaceae"
"Niveoporofomes","Plant_Pathogen Wood_Saprotroph",2,"B_genus","Basidiomycota","Agaricomycetes","Polyporales","Fomitopsidaceae"
"Nodobryoria","Lichenized",1,"B_genus","Ascomycota","Lecanoromycetes","Lecanorales","Parmeliaceae"
"Nodulisporium","Endophyte Plant_Pathogen",2,"B_genus","Ascomycota","Sordariomycetes","Xylariales","Hypoxylaceae"
"Normandina","Lichenized",1,"B_genus","Ascomycota","Eurotiomycetes","Verrucariales","Verrucariaceae"
"Normanogalla","Lichen_Parasite",1,"B_genus","Ascomycota","Lecanoromycetes","Ostropales","Incertae sedis"
"Norrlinia","Lichen_Parasite",1,"B_genus","Ascomycota","Dothideomycetes","Incertae sedis","Incertae sedis"
"Nothocastoreum","Ectomycorrhizal",1,"B_genus","Basidiomycota","Agaricomycetes","Hysterangiales","Mesophelliaceae"
"Nothocybe","Ectomycorrhizal",1,"B_genus","Basidiomycota","Agaricomycetes","Agaricales","Inocybaceae"
"Nothopassalora","Necrotrophic_plant_pathogen",1,"B_genus","Ascomycota","Dothideomycetes","Mycosphaerellales","Mycosphaerellaceae"
"Nothophaeocryptopus","Plant_Pathogen",1,"B_genus","Ascomycota","Dothideomycetes","Mycosphaerellales","Mycosphaerellaceae"
"Nothophellinus","Plant_Pathogen",1,"B_genus","Basidiomycota","Agaricomycetes","Hymenochaetales","Hymenochaetaceae"
"Nothophoma","Plant_Pathogen",1,"B_genus","Ascomycota","Dothideomycetes","Pleosporales","Didymellaceae"
"Nothoravenelia","Biotrophic_plant_pathogen",1,"B_genus","Basidiomycota","Pucciniomycetes","Pucciniales","Phakopsoraceae"
"Nothostrasseria","Plant_Pathogen",1,"B_genus","Ascomycota","Dothideomycetes","Mycosphaerellales","Teratosphaeriaceae"
"Nothotrimmatostroma","Plant_Pathogen",1,"B_genus","Ascomycota","Dothideomycetes","Mycosphaerellales","Mycosphaerellaceae"
"Notocladonia","Lichenized",1,"B_genus","Ascomycota","Lecanoromycetes","Lecanorales","Cladoniaceae"
"Notoparmelia","Lichenized",1,"B_genus","Ascomycota","Lecanoromycetes","Lecanorales","Parmeliaceae"
"Novomicrothelia","Lichenized",1,"B_genus","Ascomycota","Dothideomycetes","Trypetheliales","Trypetheliaceae"
"Novopuccinia","Biotrophic_plant_pathogen",1,"B_genus","Basidiomycota","Pucciniomycetes","Pucciniales","Pucciniaceae"
"Nyssopsora","Biotrophic_plant_pathogen",1,"B_genus","Basidiomycota","Pucciniomycetes","Pucciniales","Raveneliaceae"
"Nyungwea","Lichenized",1,"B_genus","Ascomycota","Arthoniomycetes","Arthoniales","Opegraphaceae"
"Obba","Necrotrophic_plant_pathogen Plant_Pathogen Wood_Saprotroph",3,"B_genus","Basidiomycota","Agaricomycetes","Polyporales","Gelatoporiaceae"
"Oberwinkleria","Plant_Pathogen",1,"B_genus","Basidiomycota","Exobasidiomycetes","Tilletiales","Tilletiaceae"
"Oblongisporothyrium","Plant_Pathogen",1,"B_genus","Ascomycota","Sordariomycetes","Diaporthales","Tubakiaceae"
"Obolarina","Plant_Pathogen",1,"B_genus","Ascomycota","Sordariomycetes","Xylariales","Graphostromataceae"
"Obryzum","Lichen_Parasite Lichenized",2,"B_genus","Ascomycota","Sordariomycetes","Incertae sedis","Obryzaceae"
"Occultifur","Fungal_Parasite Saprotroph",2,"B_genus","Basidiomycota","Cystobasidiomycetes","Cystobasidiales","Cystobasidiaceae"
"Ocellularia","Lichenized",1,"B_genus","Ascomycota","Lecanoromycetes","Ostropales","Graphidaceae"
"Ochrocladosporium","Endophyte",1,"B_genus","Ascomycota","Dothideomycetes","Pleosporales","Incertae sedis"
"Ochroconis","Human_Pathogen Plant_Pathogen",2,"B_genus","Ascomycota","Incertae sedis","Incertae sedis","Incertae sedis"
"Ochrolechia","Lichenized",1,"B_genus","Ascomycota","Lecanoromycetes","Pertusariales","Ochrolechiaceae"
"Ochropsora","Biotrophic_plant_pathogen",1,"B_genus","Basidiomycota","Pucciniomycetes","Pucciniales","Ochropsoraceae"
"Octaviania","Ectomycorrhizal",1,"B_genus","Basidiomycota","Agaricomycetes","Boletales","Boletaceae"
"Octospora","Plant_Pathogen",1,"B_genus","Ascomycota","Pezizomycetes","Pezizales","Pyronemataceae"
"Oculimacula","Plant_Pathogen",1,"B_genus","Ascomycota","Leotiomycetes","Helotiales","Ploettnerulaceae"
"Odontia","Ectomycorrhizal",1,"B_genus","Basidiomycota","Agaricomycetes","Thelephorales","Thelephoraceae"
"Odonticium","Wood_Saprotroph",1,"B_genus","Basidiomycota","Agaricomycetes","Incertae sedis","Incertae sedis"
"Odontotrema","Lichen_Parasite",1,"B_genus","Ascomycota","Lecanoromycetes","Ostropales","Odontotremataceae"
"Oedocephalum","Plant_Pathogen",1,"B_genus","Ascomycota","Pezizomycetes","Pezizales","Incertae sedis"
"Oevstedalia","Lichenized",1,"B_genus","Ascomycota","Incertae sedis","Incertae sedis","Incertae sedis"
"Oidiodendron","Ericoid_Mycorrhizal",1,"B_genus","Ascomycota","Leotiomycetes","Helotiales","Myxotrichaceae"
"Oidiopsis","Biotrophic_plant_pathogen",1,"B_genus","Ascomycota","Leotiomycetes","Helotiales","Erysiphaceae"
"Oidium","Biotrophic_plant_pathogen",1,"B_genus","Ascomycota","Leotiomycetes","Helotiales","Erysiphaceae"
"Olegblumia","Lichenized",1,"B_genus","Ascomycota","Lecanoromycetes","Teloschistales","Teloschistaceae"
"Oligoporus","Wood_Saprotroph",1,"B_genus","Basidiomycota","Agaricomycetes","Polyporales","Dacryobolaceae"
"Olivea","Biotrophic_plant_pathogen",1,"B_genus","Basidiomycota","Pucciniomycetes","Pucciniales","Chaconiaceae"
"Olpidiaster","Plant_Pathogen",1,"B_genus","Chytridiomycota","Chytridiomycetes","Olpidiales","Olpidiaceae"
"Omnidemptus","Plant_Pathogen",1,"B_genus","Ascomycota","Sordariomycetes","Magnaporthales","Magnaporthaceae"
"Omphalia","Plant_Pathogen",1,"B_genus","Basidiomycota","Agaricomycetes","Agaricales","Incertae sedis"
"Omphaliaster","Saprotroph",1,"B_genus","Basidiomycota","Agaricomycetes","Agaricales","Incertae sedis"
"Omphalina","Saprotroph",1,"B_genus","Basidiomycota","Agaricomycetes","Agaricales","Incertae sedis"
"Omphalodina","Lichenized",1,"B_genus","Ascomycota","Lecanoromycetes","Lecanorales","Lecanoraceae"
"Omphalodium","Lichenized",1,"B_genus","Ascomycota","Lecanoromycetes","Lecanorales","Parmeliaceae"
"Omphalora","Lichenized",1,"B_genus","Ascomycota","Lecanoromycetes","Lecanorales","Parmeliaceae"
"Omphalotus","Saprotroph",1,"B_genus","Basidiomycota","Agaricomycetes","Agaricales","Omphalotaceae"
"Oncospora","Saprotroph",1,"B_genus","Ascomycota","Incertae sedis","Incertae sedis","Incertae sedis"
"Onnia","Necrotrophic_plant_pathogen Plant_Pathogen Wood_Saprotroph",3,"B_genus","Basidiomycota","Agaricomycetes","Hymenochaetales","Hymenochaetaceae"
"Onychophora","Dung_Saprotroph",1,"B_genus","Ascomycota","Incertae sedis","Incertae sedis","Incertae sedis"
"Opegrapha","Lichen_Parasite Lichenized",2,"B_genus","Ascomycota","Arthoniomycetes","Arthoniales","Opegraphaceae"
"Opeltia","Lichenized",1,"B_genus","Ascomycota","Lecanoromycetes","Teloschistales","Teloschistaceae"
"Ophiobolus","Lichen_Parasite Plant_Pathogen",2,"B_genus","Ascomycota","Dothideomycetes","Pleosporales","Phaeosphaeriaceae"
"Ophiocordyceps","Endophyte Insect_Pathogen",2,"B_genus","Ascomycota","Sordariomycetes","Hypocreales","Ophiocordycipitaceae"
"Ophiodiaporthe","Plant_Pathogen",1,"B_genus","Ascomycota","Sordariomycetes","Diaporthales","Diaporthaceae"
"Ophiodothella","Necrotrophic_plant_pathogen Plant_Pathogen",2,"B_genus","Ascomycota","Sordariomycetes","Phyllachorales","Phyllachoraceae"
"Ophiognomonia","Plant_Pathogen",1,"B_genus","Ascomycota","Sordariomycetes","Diaporthales","Gnomoniaceae"
"Ophionectria","Saprotroph",1,"B_genus","Ascomycota","Sordariomycetes","Hypocreales","Nectriaceae"
"Ophioparma","Lichenized",1,"B_genus","Ascomycota","Lecanoromycetes","Umbilicariales","Ophioparmaceae"
"Ophioparodia","Plant_Pathogen",1,"B_genus","Ascomycota","Dothideomycetes","Incertae sedis","Parodiopsidaceae"
"Ophiosphaerella","Endophyte Plant_Pathogen Saprotroph",3,"B_genus","Ascomycota","Dothideomycetes","Pleosporales","Phaeosphaeriaceae"
"Ophiostoma","Necrotrophic_plant_pathogen Plant_Pathogen Wood_Saprotroph",3,"B_genus","Ascomycota","Sordariomycetes","Microascales","Ceratocystidaceae"
"Orbicula","Wood_Saprotroph",1,"B_genus","Ascomycota","Pezizomycetes","Pezizales","Pyronemataceae"
"Orbilia","Nematode_Trapping Wood_Saprotroph",2,"B_genus","Ascomycota","Orbiliomycetes","Orbiliales","Orbiliaceae"
"Orbiocrella","Insect_Pathogen",1,"B_genus","Ascomycota","Sordariomycetes","Hypocreales","Clavicipitaceae"
"Orceolina","Lichenized",1,"B_genus","Ascomycota","Lecanoromycetes","Incertae sedis","Trapeliaceae"
"Orcularia","Lichenized",1,"B_genus","Ascomycota","Lecanoromycetes","Caliciales","Caliciaceae"
"Orientoglomus","Arbuscular_Mycorrhizal",1,"B_genus","Glomeromycota","Glomeromycetes","Glomerales","Glomeraceae"
"Oropogon","Lichenized",1,"B_genus","Ascomycota","Lecanoromycetes","Lecanorales","Parmeliaceae"
"Orphanocoela","Plant_Pathogen",1,"B_genus","Ascomycota","Incertae sedis","Incertae sedis","Incertae sedis"
"Orphanomyces","Plant_Pathogen",1,"B_genus","Basidiomycota","Ustilaginomycetes","Ustilaginales","Anthracoideaceae"
"Orphniospora","Lichenized",1,"B_genus","Ascomycota","Lecanoromycetes","Umbilicariales","Fuscideaceae"
"Ossicaulis","Wood_Saprotroph",1,"B_genus","Basidiomycota","Agaricomycetes","Agaricales","Lyophyllaceae"
"Osteina","Wood_Saprotroph",1,"B_genus","Basidiomycota","Agaricomycetes","Polyporales","Dacryobolaceae"
"Oswaldina","Plant_Pathogen",1,"B_genus","Ascomycota","Sordariomycetes","Phyllachorales","Phyllachoraceae"
"Otospora","Arbuscular_Mycorrhizal",1,"B_genus","Glomeromycota","Glomeromycetes","Diversisporales","Diversisporaceae"
"Oudemansiella","Saprotroph",1,"B_genus","Basidiomycota","Agaricomycetes","Agaricales","Physalacriaceae"
"Ovatospora","Wood_Saprotroph",1,"B_genus","Ascomycota","Sordariomycetes","Sordariales","Chaetomiaceae"
"Ovipoculum","Saprotroph",1,"B_genus","Basidiomycota","Agaricomycetes","Auriculariales","Incertae sedis"
"Ovularia","Necrotrophic_plant_pathogen Plant_Pathogen",2,"B_genus","Ascomycota","Dothideomycetes","Mycosphaerellales","Mycosphaerellaceae"
"Ovulariopsis","Biotrophic_plant_pathogen",1,"B_genus","Ascomycota","Leotiomycetes","Helotiales","Erysiphaceae"
"Ovulinia","Plant_Pathogen",1,"B_genus","Ascomycota","Leotiomycetes","Helotiales","Sclerotiniaceae"
"Oxneria","Lichenized",1,"B_genus","Ascomycota","Lecanoromycetes","Teloschistales","Teloschistaceae"
"Oxodeora","Plant_Pathogen",1,"B_genus","Ascomycota","Sordariomycetes","Phyllachorales","Phyllachoraceae"
"Oxychaete","Wood_Saprotroph",1,"B_genus","Basidiomycota","Agaricomycetes","Polyporales","Phanerochaetaceae"
"Oxydothis","Endophyte Saprotroph",2,"B_genus","Ascomycota","Sordariomycetes","Xylariales","Oxydothidaceae"
"Oxyporus","Wood_Saprotroph",1,"B_genus","Basidiomycota","Agaricomycetes","Hymenochaetales","Oxyporaceae"
"Ozonium","Plant_Pathogen",1,"B_genus","Basidiomycota","Agaricomycetes","Agaricales","Psathyrellaceae"
"Pachnolepia","Lichenized",1,"B_genus","Ascomycota","Arthoniomycetes","Arthoniales","Arthoniaceae"
"Pachykytospora","Wood_Saprotroph",1,"B_genus","Basidiomycota","Agaricomycetes","Polyporales","Polyporaceae"
"Pachylepyrium","Saprotroph",1,"B_genus","Basidiomycota","Agaricomycetes","Agaricales","Tubariaceae"
"Pachypeltis","Lichenized",1,"B_genus","Ascomycota","Lecanoromycetes","Teloschistales","Teloschistaceae"
"Pachyphiale","Lichenized",1,"B_genus","Ascomycota","Lecanoromycetes","Gyalectales","Gyalectaceae"
"Pachyphysis","Lichenized",1,"B_genus","Ascomycota","Lecanoromycetes","Lecideales","Lecideaceae"
"Pachysacca","Plant_Pathogen",1,"B_genus","Ascomycota","Dothideomycetes","Dothideales","Dothideaceae"
"Pacispora","Arbuscular_Mycorrhizal",1,"B_genus","Glomeromycota","Glomeromycetes","Diversisporales","Pacisporaceae"
"Paecilomyces","Human_Pathogen Necrotrophic_plant_pathogen",2,"B_genus","Ascomycota","Eurotiomycetes","Eurotiales","Aspergillaceae"
"Palicella","Lichenized",1,"B_genus","Ascomycota","Lecanoromycetes","Lecanorales","Lecanoraceae"
"Pallidocercospora","Necrotrophic_plant_pathogen Plant_Pathogen",2,"B_genus","Ascomycota","Dothideomycetes","Mycosphaerellales","Mycosphaerellaceae"
"Pallidogramme","Lichenized",1,"B_genus","Ascomycota","Lecanoromycetes","Ostropales","Graphidaceae"
"Pallidophorina","Plant_Pathogen",1,"B_genus","Ascomycota","Leotiomycetes","Leotiales","Tympanidaceae"
"Palmiascoma","Saprotroph",1,"B_genus","Ascomycota","Dothideomycetes","Pleosporales","Bambusicolaceae"
"Panaeolina","Saprotroph",1,"B_genus","Basidiomycota","Agaricomycetes","Agaricales","Incertae sedis"
"Panaeolopsis","Saprotroph",1,"B_genus","Basidiomycota","Agaricomycetes","Agaricales","Agaricaceae"
"Panaeolus","Dung_Saprotroph Endophyte Saprotroph",3,"B_genus","Basidiomycota","Agaricomycetes","Agaricales","Incertae sedis"
"Pandora","Insect_Pathogen",1,"B_genus","Entomophthoromycota","Entomophthoromycetes","Entomophthorales","Entomophthoraceae"
"Panellus","Wood_Saprotroph",1,"B_genus","Basidiomycota","Agaricomycetes","Agaricales","Mycenaceae"
"Pannaria","Lichenized",1,"B_genus","Ascomycota","Lecanoromycetes","Peltigerales","Pannariaceae"
"Pannoparmelia","Lichenized",1,"B_genus","Ascomycota","Lecanoromycetes","Lecanorales","Parmeliaceae"
"Pantospora","Necrotrophic_plant_pathogen",1,"B_genus","Ascomycota","Dothideomycetes","Mycosphaerellales","Mycosphaerellaceae"
"Panus","Wood_Saprotroph",1,"B_genus","Basidiomycota","Agaricomycetes","Polyporales","Panaceae"
"Papiliotrema","Epiphyte Human_Pathogen",2,"B_genus","Basidiomycota","Tremellomycetes","Tremellales","Rhynchogastremaceae"
"Pappia","Plant_Pathogen Wood_Saprotroph",2,"B_genus","Basidiomycota","Agaricomycetes","Polyporales","Meruliaceae"
"Pappimyces","Saprotroph",1,"B_genus","Ascomycota","Incertae sedis","Incertae sedis","Incertae sedis"
"Papulaspora","Fungal_Parasite",1,"B_genus","Ascomycota","Sordariomycetes","Melanosporales","Ceratostomataceae"
"Parabagliettoa","Lichenized",1,"B_genus","Ascomycota","Eurotiomycetes","Verrucariales","Verrucariaceae"
"Parablastocatena","Saprotroph",1,"B_genus","Ascomycota","Incertae sedis","Incertae sedis","Incertae sedis"
"Paraboeremia","Necrotrophic_plant_pathogen Plant_Pathogen Saprotroph",3,"B_genus","Ascomycota","Dothideomycetes","Pleosporales","Didymellaceae"
"Paracamarosporium","Endophyte",1,"B_genus","Ascomycota","Dothideomycetes","Pleosporales","Didymosphaeriaceae"
"Paracercospora","Necrotrophic_plant_pathogen",1,"B_genus","Ascomycota","Dothideomycetes","Mycosphaerellales","Mycosphaerellaceae"
"Paracercosporidium","Necrotrophic_plant_pathogen Plant_Pathogen",2,"B_genus","Ascomycota","Dothideomycetes","Mycosphaerellales","Mycosphaerellaceae"
"Paracladophialophora","Necrotrophic_plant_pathogen",1,"B_genus","Ascomycota","Eurotiomycetes","Chaetothyriales","Paracladophialophoraceae"
"Paracoccidioides","Human_Pathogen",1,"B_genus","Ascomycota","Eurotiomycetes","Onygenales","Ajellomycetaceae"
"Paracollema","Lichenized",1,"B_genus","Ascomycota","Lecanoromycetes","Peltigerales","Collemataceae"
"Paraconiothyrium","Plant_Pathogen Saprotroph",2,"B_genus","Ascomycota","Dothideomycetes","Pleosporales","Didymosphaeriaceae"
"Paracylindrocarpon","Plant_Pathogen",1,"B_genus","Ascomycota","Sordariomycetes","Hypocreales","Bionectriaceae"
"Paradentiscutata","Arbuscular_Mycorrhizal",1,"B_genus","Glomeromycota","Glomeromycetes","Incertae sedis","Incertae sedis"
"Paradevriesia","Plant_Pathogen",1,"B_genus","Ascomycota","Dothideomycetes","Capnodiales","Paradevriesiaceae"
"Paradictyoarthrinium","Saprotroph",1,"B_genus","Ascomycota","Dothideomycetes","Pleosporales","Paradictyoarthriniaceae"
"Paradoxomyces","Lichen_Parasite",1,"B_genus","Ascomycota","Arthoniomycetes","Arthoniales","Arthoniaceae"
"Paraeutypella","Plant_Pathogen",1,"B_genus","Ascomycota","Sordariomycetes","Xylariales","Diatrypaceae"
"Parafenestella","Saprotroph",1,"B_genus","Ascomycota","Dothideomycetes","Pleosporales","Cucurbitariaceae"
"Paragalactinia","Ectomycorrhizal",1,"B_genus","Ascomycota","Pezizomycetes","Pezizales","Pezizaceae"
"Paraglomus","Arbuscular_Mycorrhizal",1,"B_genus","Glomeromycota","Glomeromycetes","Paraglomerales","Paraglomeraceae"
"Paragnomonia","Plant_Pathogen",1,"B_genus","Ascomycota","Sordariomycetes","Diaporthales","Sydowiellaceae"
"Paragyalideopsis","Lichen_Parasite Lichenized",2,"B_genus","Ascomycota","Lecanoromycetes","Ostropales","Gomphillaceae"
"Paragymnopus","Saprotroph",1,"B_genus","Basidiomycota","Agaricomycetes","Agaricales","Omphalotaceae"
"Paragyrodon","Ectomycorrhizal",1,"B_genus","Basidiomycota","Agaricomycetes","Boletales","Paxillaceae"
"Paraisaria","Insect_Pathogen",1,"B_genus","Ascomycota","Sordariomycetes","Hypocreales","Ophiocordycipitaceae"
"Parajaminaea","Plant_Pathogen",1,"B_genus","Basidiomycota","Exobasidiomycetes","Microstromatales","Incertae sedis"
"Paralecanographa","Lichen_Parasite Lichenized",2,"B_genus","Ascomycota","Arthoniomycetes","Arthoniales","Roccellaceae"
"Paralepista","Saprotroph",1,"B_genus","Basidiomycota","Agaricomycetes","Agaricales","Incertae sedis"
"Paralepistopsis","Saprotroph",1,"B_genus","Basidiomycota","Agaricomycetes","Agaricales","Incertae sedis"
"Paraleptosphaeria","Plant_Pathogen Saprotroph",2,"B_genus","Ascomycota","Dothideomycetes","Pleosporales","Leptosphaeriaceae"
"Paralethariicola","Lichen_Parasite",1,"B_genus","Ascomycota","Lecanoromycetes","Ostropales","Odontotremataceae"
"Parallopsora","Lichenized",1,"B_genus","Ascomycota","Lecanoromycetes","Lecanorales","Ramalinaceae"
"Paramycosphaerella","Necrotrophic_plant_pathogen Plant_Pathogen",2,"B_genus","Ascomycota","Dothideomycetes","Mycosphaerellales","Mycosphaerellaceae"
"Paramycovellosiella","Plant_Pathogen",1,"B_genus","Ascomycota","Dothideomycetes","Mycosphaerellales","Mycosphaerellaceae"
"Paramyrothecium","Necrotrophic_plant_pathogen",1,"B_genus","Ascomycota","Sordariomycetes","Hypocreales","Stachybotryaceae"
"Paraopeba","Necrotrophic_plant_pathogen",1,"B_genus","Ascomycota","Dothideomycetes","Asterinales","Asterinaceae"
"Parapallidocercospora","Plant_Pathogen",1,"B_genus","Ascomycota","Dothideomycetes","Mycosphaerellales","Mycosphaerellaceae"
"Parapenidiella","Necrotrophic_plant_pathogen Plant_Pathogen",2,"B_genus","Ascomycota","Dothideomycetes","Mycosphaerellales","Teratosphaeriaceae"
"Paraphaeosphaeria","Endophyte Fungal_Parasite Necrotrophic_plant_pathogen Plant_Pathogen Saprotroph",5,"B_genus","Ascomycota","Dothideomycetes","Pleosporales","Didymosphaeriaceae"
"Paraphoma","Necrotrophic_plant_pathogen Plant_Pathogen Saprotroph Wood_Saprotroph",4,"B_genus","Ascomycota","Dothideomycetes","Pleosporales","Incertae sedis"
"Parapyrenis","Lichen_Parasite",1,"B_genus","Ascomycota","Eurotiomycetes","Pyrenulales","Pyrenulaceae"
"Parapyrenochaeta","Endophyte Plant_Pathogen",2,"B_genus","Ascomycota","Dothideomycetes","Pleosporales","Incertae sedis"
"Parapyricularia","Plant_Pathogen",1,"B_genus","Ascomycota","Incertae sedis","Incertae sedis","Incertae sedis"
"Parascedosporium","Plant_Pathogen Saprotroph",2,"B_genus","Ascomycota","Sordariomycetes","Microascales","Microascaceae"
"Paraschismatomma","Lichenized",1,"B_genus","Ascomycota","Arthoniomycetes","Arthoniales","Opegraphaceae"
"Parasola","Dung_Saprotroph Saprotroph",2,"B_genus","Basidiomycota","Agaricomycetes","Agaricales","Psathyrellaceae"
"Parastagonospora","Plant_Pathogen",1,"B_genus","Ascomycota","Dothideomycetes","Pleosporales","Phaeosphaeriaceae"
"Parastenella","Necrotrophic_plant_pathogen Plant_Pathogen",2,"B_genus","Ascomycota","Incertae sedis","Incertae sedis","Incertae sedis"
"Parateratosphaeria","Plant_Pathogen",1,"B_genus","Ascomycota","Dothideomycetes","Mycosphaerellales","Teratosphaeriaceae"
"Paratricharia","Lichenized",1,"B_genus","Ascomycota","Lecanoromycetes","Ostropales","Gomphillaceae"
"Paratubakia","Endophyte Plant_Pathogen",2,"B_genus","Ascomycota","Sordariomycetes","Diaporthales","Tubakiaceae"
"Parauncinula","Biotrophic_plant_pathogen",1,"B_genus","Ascomycota","Leotiomycetes","Helotiales","Erysiphaceae"
"Paraxerula","Saprotroph",1,"B_genus","Basidiomycota","Agaricomycetes","Agaricales","Physalacriaceae"
"Parberya","Necrotrophic_plant_pathogen Plant_Pathogen",2,"B_genus","Ascomycota","Sordariomycetes","Phyllachorales","Phyllachoraceae"
"Parengyodontium","Human_Pathogen",1,"B_genus","Ascomycota","Sordariomycetes","Hypocreales","Cordycipitaceae"
"Parmastomyces","Wood_Saprotroph",1,"B_genus","Basidiomycota","Agaricomycetes","Polyporales","Fomitopsidaceae"
"Parmelia","Lichenized",1,"B_genus","Ascomycota","Lecanoromycetes","Lecanorales","Parmeliaceae"
"Parmeliella","Lichenized",1,"B_genus","Ascomycota","Lecanoromycetes","Peltigerales","Pannariaceae"
"Parmelina","Lichenized",1,"B_genus","Ascomycota","Lecanoromycetes","Lecanorales","Parmeliaceae"
"Parmelinella","Lichenized",1,"B_genus","Ascomycota","Lecanoromycetes","Lecanorales","Parmeliaceae"
"Parmelinopsis","Lichenized",1,"B_genus","Ascomycota","Lecanoromycetes","Lecanorales","Parmeliaceae"
"Parmeliopsis","Lichenized",1,"B_genus","Ascomycota","Lecanoromycetes","Lecanorales","Parmeliaceae"
"Parmotrema","Lichenized",1,"B_genus","Ascomycota","Lecanoromycetes","Lecanorales","Parmeliaceae"
"Parmotremopsis","Lichenized",1,"B_genus","Ascomycota","Lecanoromycetes","Lecanorales","Parmeliaceae"
"Parodiella","Plant_Pathogen",1,"B_genus","Ascomycota","Dothideomycetes","Incertae sedis","Parodiellaceae"
"Parodiellina","Plant_Pathogen",1,"B_genus","Ascomycota","Dothideomycetes","Incertae sedis","Parodiopsidaceae"
"Parvixerocomus","Ectomycorrhizal",1,"B_genus","Basidiomycota","Agaricomycetes","Boletales","Boletaceae"
"Parvoplaca","Lichenized",1,"B_genus","Ascomycota","Lecanoromycetes","Teloschistales","Teloschistaceae"
"Parvulago","Plant_Pathogen",1,"B_genus","Basidiomycota","Ustilaginomycetes","Ustilaginales","Ustilaginaceae"
"Passalora","Necrotrophic_plant_pathogen Plant_Pathogen",2,"B_genus","Ascomycota","Dothideomycetes","Mycosphaerellales","Mycosphaerellaceae"
"Patriciomyces","Lichen_Parasite",1,"B_genus","Ascomycota","Incertae sedis","Incertae sedis","Incertae sedis"
"Paulia","Lichenized",1,"B_genus","Ascomycota","Lichinomycetes","Lichinales","Lichinaceae"
"Paulisebacina","Saprotroph",1,"B_genus","Basidiomycota","Agaricomycetes","Sebacinales","Sebacinaceae"
"Paxillus","Ectomycorrhizal Wood_Saprotroph",2,"B_genus","Basidiomycota","Agaricomycetes","Boletales","Paxillaceae"
"Peccania","Lichenized",1,"B_genus","Ascomycota","Lichinomycetes","Lichinales","Lichinaceae"
"Pectenia","Lichenized",1,"B_genus","Ascomycota","Lecanoromycetes","Peltigerales","Pannariaceae"
"Peltaster","Necrotrophic_plant_pathogen",1,"B_genus","Ascomycota","Dothideomycetes","Incertae sedis","Incertae sedis"
"Peltigera","Lichenized",1,"B_genus","Ascomycota","Lecanoromycetes","Peltigerales","Peltigeraceae"
"Peltula","Lichenized",1,"B_genus","Ascomycota","Lichinomycetes","Lichinales","Peltulaceae"
"Peltularia","Lichenized",1,"B_genus","Ascomycota","Lecanoromycetes","Peltigerales","Coccocarpiaceae"
"Penicillifer","Plant_Pathogen",1,"B_genus","Ascomycota","Sordariomycetes","Hypocreales","Nectriaceae"
"Penicillium","Endophyte Human_Pathogen Necrotrophic_plant_pathogen Plant_Pathogen Saprotroph Wood_Saprotroph",6,"B_genus","Ascomycota","Eurotiomycetes","Eurotiales","Aspergillaceae"
"Peniophora","Necrotrophic_plant_pathogen Plant_Pathogen Wood_Saprotroph",3,"B_genus","Basidiomycota","Agaricomycetes","Russulales","Peniophoraceae"
"Peniophorella","Saprotroph Wood_Saprotroph",2,"B_genus","Basidiomycota","Agaricomycetes","Hymenochaetales","Rickenellaceae"
"Penttilamyces","Lichen_Parasite Plant_Pathogen Wood_Saprotroph",3,"B_genus","Basidiomycota","Agaricomycetes","Boletales","Coniophoraceae"
"Perennicordyceps","Insect_Pathogen",1,"B_genus","Ascomycota","Sordariomycetes","Hypocreales","Ophiocordycipitaceae"
"Perenniporia","Necrotrophic_plant_pathogen Saprotroph Wood_Saprotroph",3,"B_genus","Basidiomycota","Agaricomycetes","Polyporales","Polyporaceae"
"Perenniporiella","Wood_Saprotroph",1,"B_genus","Basidiomycota","Agaricomycetes","Polyporales","Polyporaceae"
"Perenniporiopsis","Wood_Saprotroph",1,"B_genus","Basidiomycota","Agaricomycetes","Polyporales","Polyporaceae"
"Pericladium","Plant_Pathogen",1,"B_genus","Basidiomycota","Ustilaginomycetes","Ustilaginales","Pericladiaceae"
"Periconia","Endophyte Plant_Pathogen Saprotroph",3,"B_genus","Ascomycota","Dothideomycetes","Pleosporales","Incertae sedis"
"Periconiella","Necrotrophic_plant_pathogen Plant_Pathogen",2,"B_genus","Ascomycota","Dothideomycetes","Mycosphaerellales","Mycosphaerellaceae"
"Peridermium","Biotrophic_plant_pathogen",1,"B_genus","Basidiomycota","Pucciniomycetes","Pucciniales","Cronartiaceae"
"Peridiopsora","Biotrophic_plant_pathogen",1,"B_genus","Basidiomycota","Pucciniomycetes","Pucciniales","Pucciniastraceae"
"Peridiothelia","Saprotroph",1,"B_genus","Ascomycota","Dothideomycetes","Pleosporales","Pleomassariaceae"
"Perigrapha","Lichen_Parasite",1,"B_genus","Ascomycota","Arthoniomycetes","Arthoniales","Incertae sedis"
"Perisporiopsis","Plant_Pathogen",1,"B_genus","Ascomycota","Dothideomycetes","Incertae sedis","Perisporiopsidaceae"
"Peristemma","Biotrophic_plant_pathogen",1,"B_genus","Basidiomycota","Pucciniomycetes","Pucciniales","Pucciniaceae"
"Peroneutypa","Plant_Pathogen",1,"B_genus","Ascomycota","Sordariomycetes","Xylariales","Diatrypaceae"
"Perrotia","Plant_Pathogen",1,"B_genus","Ascomycota","Leotiomycetes","Helotiales","Lachnaceae"
"Perthomyces","Necrotrophic_plant_pathogen",1,"B_genus","Ascomycota","Dothideomycetes","Pleosporales","Incertae sedis"
"Pertusaria","Lichenized",1,"B_genus","Ascomycota","Lecanoromycetes","Pertusariales","Pertusariaceae"
"Pesotum","Plant_Pathogen",1,"B_genus","Ascomycota","Sordariomycetes","Ophiostomatales","Ophiostomataceae"
"Pestalosphaeria","Plant_Pathogen Saprotroph",2,"B_genus","Ascomycota","Sordariomycetes","Amphisphaeriales","Pestalotiopsidaceae"
"Pestalotia","Endophyte Plant_Pathogen Wood_Saprotroph",3,"B_genus","Ascomycota","Sordariomycetes","Amphisphaeriales","Pestalotiopsidaceae"
"Pestalotiopsis","Endophyte Necrotrophic_plant_pathogen Plant_Pathogen Saprotroph Wood_Saprotroph",5,"B_genus","Ascomycota","Sordariomycetes","Amphisphaeriales","Pestalotiopsidaceae"
"Pestalozziella","Plant_Pathogen",1,"B_genus","Ascomycota","Incertae sedis","Incertae sedis","Incertae sedis"
"Petractis","Lichenized",1,"B_genus","Ascomycota","Lecanoromycetes","Incertae sedis","Incertae sedis"
"Petrakia","Plant_Pathogen",1,"B_genus","Ascomycota","Dothideomycetes","Pleosporales","Pseudodidymellaceae"
"Petriella","Endophyte",1,"B_genus","Ascomycota","Sordariomycetes","Microascales","Microascaceae"
"Peyronellaea","Plant_Pathogen",1,"B_genus","Ascomycota","Dothideomycetes","Pleosporales","Didymellaceae"
"Pezicula","Endophyte Necrotrophic_plant_pathogen Plant_Pathogen Saprotroph",4,"B_genus","Ascomycota","Leotiomycetes","Helotiales","Dermateaceae"
"Peziza","Dung_Saprotroph Saprotroph",2,"B_genus","Ascomycota","Pezizomycetes","Pezizales","Pezizaceae"
"Pezizella","Lichen_Parasite",1,"B_genus","Ascomycota","Leotiomycetes","Helotiales","Pezizellaceae"
"Phacellium","Necrotrophic_plant_pathogen",1,"B_genus","Ascomycota","Dothideomycetes","Mycosphaerellales","Mycosphaerellaceae"
"Phacidiopycnis","Necrotrophic_plant_pathogen Plant_Pathogen",2,"B_genus","Ascomycota","Leotiomycetes","Phacidiales","Phacidiaceae"
"Phacidium","Plant_Pathogen Saprotroph",2,"B_genus","Ascomycota","Leotiomycetes","Phacidiales","Phacidiaceae"
"Phacographa","Lichen_Parasite",1,"B_genus","Ascomycota","Arthoniomycetes","Arthoniales","Roccellaceae"
"Phacopsis","Lichen_Parasite",1,"B_genus","Ascomycota","Lecanoromycetes","Lecanorales","Parmeliaceae"
"Phaeoacremonium","Human_Pathogen Necrotrophic_plant_pathogen Plant_Pathogen Wood_Saprotroph",4,"B_genus","Ascomycota","Sordariomycetes","Togniniales","Togniniaceae"
"Phaeobotryon","Necrotrophic_plant_pathogen",1,"B_genus","Ascomycota","Dothideomycetes","Botryosphaeriales","Botryosphaeriaceae"
"Phaeocalicium","Fungal_Parasite Lichenized Plant_Pathogen Saprotroph",4,"B_genus","Ascomycota","Eurotiomycetes","Mycocaliciales","Mycocaliciaceae"
"Phaeocandelabrum","Saprotroph",1,"B_genus","Ascomycota","Incertae sedis","Incertae sedis","Incertae sedis"
"Phaeocercospora","Necrotrophic_plant_pathogen Plant_Pathogen",2,"B_genus","Ascomycota","Dothideomycetes","Capnodiales","Incertae sedis"
"Phaeochora","Necrotrophic_plant_pathogen Plant_Pathogen",2,"B_genus","Ascomycota","Sordariomycetes","Phyllachorales","Phaeochoraceae"
"Phaeochorella","Plant_Pathogen",1,"B_genus","Ascomycota","Sordariomycetes","Diaporthales","Phaeochorellaceae"
"Phaeochoropsis","Plant_Pathogen",1,"B_genus","Ascomycota","Sordariomycetes","Phyllachorales","Phaeochoraceae"
"Phaeoclavulina","Ectomycorrhizal Saprotroph",2,"B_genus","Basidiomycota","Agaricomycetes","Gomphales","Gomphaceae"
"Phaeococcomyces","Endophyte",1,"B_genus","Ascomycota","Arthoniomycetes","Lichenostigmatales","Phaeococcomycetaceae"
"Phaeocollybia","Ectomycorrhizal Saprotroph Wood_Saprotroph",3,"B_genus","Basidiomycota","Agaricomycetes","Agaricales","Hymenogastraceae"
"Phaeocryptopus","Plant_Pathogen",1,"B_genus","Ascomycota","Dothideomycetes","Capnodiales","Capnodiaceae"
"Phaeocytostroma","Necrotrophic_plant_pathogen Plant_Pathogen",2,"B_genus","Ascomycota","Incertae sedis","Incertae sedis","Incertae sedis"
"Phaeodiaporthe","Saprotroph",1,"B_genus","Ascomycota","Sordariomycetes","Diaporthales","Melanconidaceae"
"Phaeographina","Lichenized",1,"B_genus","Ascomycota","Lecanoromycetes","Ostropales","Graphidaceae"
"Phaeographis","Lichenized",1,"B_genus","Ascomycota","Lecanoromycetes","Ostropales","Graphidaceae"
"Phaeoisaria","Human_Pathogen Saprotroph",2,"B_genus","Ascomycota","Sordariomycetes","Xylariales","Diatrypaceae"
"Phaeoisariopsis","Necrotrophic_plant_pathogen Plant_Pathogen",2,"B_genus","Ascomycota","Dothideomycetes","Mycosphaerellales","Mycosphaerellaceae"
"Phaeolepiota","Wood_Saprotroph",1,"B_genus","Basidiomycota","Agaricomycetes","Agaricales","Incertae sedis"
"Phaeolus","Necrotrophic_plant_pathogen Plant_Pathogen Wood_Saprotroph",3,"B_genus","Basidiomycota","Agaricomycetes","Polyporales","Laetiporaceae"
"Phaeomarasmius","Saprotroph",1,"B_genus","Basidiomycota","Agaricomycetes","Agaricales","Tubariaceae"
"Phaeomoniella","Plant_Pathogen",1,"B_genus","Ascomycota","Eurotiomycetes","Phaeomoniellales","Phaeomoniellaceae"
"Phaeomycocentrospora","Necrotrophic_plant_pathogen",1,"B_genus","Ascomycota","Dothideomycetes","Pleosporales","Incertae sedis"
"Phaeophlebiopsis","Wood_Saprotroph",1,"B_genus","Basidiomycota","Agaricomycetes","Polyporales","Phanerochaetaceae"
"Phaeophleospora","Necrotrophic_plant_pathogen Plant_Pathogen",2,"B_genus","Ascomycota","Dothideomycetes","Mycosphaerellales","Mycosphaerellaceae"
"Phaeophyscia","Lichenized",1,"B_genus","Ascomycota","Lecanoromycetes","Caliciales","Physciaceae"
"Phaeoplaca","Lichenized",1,"B_genus","Ascomycota","Lecanoromycetes","Teloschistales","Teloschistaceae"
"Phaeoramularia","Necrotrophic_plant_pathogen Plant_Pathogen",2,"B_genus","Ascomycota","Dothideomycetes","Mycosphaerellales","Mycosphaerellaceae"
"Phaeorrhiza","Lichenized",1,"B_genus","Ascomycota","Lecanoromycetes","Caliciales","Physciaceae"
"Phaeosaccardinula","Plant_Pathogen",1,"B_genus","Ascomycota","Eurotiomycetes","Chaetothyriales","Chaetothyriaceae"
"Phaeoseptoria","Lichen_Parasite Necrotrophic_plant_pathogen Plant_Pathogen",3,"B_genus","Ascomycota","Dothideomycetes","Pleosporales","Phaeosphaeriaceae"
"Phaeosolenia","Saprotroph",1,"B_genus","Basidiomycota","Agaricomycetes","Agaricales","Chromocyphellaceae"
"Phaeosphaerella","Plant_Pathogen",1,"B_genus","Ascomycota","Dothideomycetes","Venturiales","Venturiaceae"
"Phaeosphaeria","Endophyte Necrotrophic_plant_pathogen Plant_Pathogen",3,"B_genus","Ascomycota","Dothideomycetes","Pleosporales","Phaeosphaeriaceae"
"Phaeosphaeriopsis","Necrotrophic_plant_pathogen Plant_Pathogen Saprotroph",3,"B_genus","Ascomycota","Dothideomycetes","Pleosporales","Phaeosphaeriaceae"
"Phaeospora","Lichen_Parasite",1,"B_genus","Ascomycota","Dothideomycetes","Incertae sedis","Incertae sedis"
"Phaeosporobolus","Lichen_Parasite",1,"B_genus","Ascomycota","Arthoniomycetes","Lichenostigmatales","Phaeococcomycetaceae"
"Phaeostilbelloides","Plant_Pathogen",1,"B_genus","Ascomycota","Incertae sedis","Incertae sedis","Incertae sedis"
"Phaeothecoidiella","Necrotrophic_plant_pathogen",1,"B_genus","Ascomycota","Dothideomycetes","Incertae sedis","Incertae sedis"
"Phaeothyriolum","Plant_Pathogen Saprotroph",2,"B_genus","Ascomycota","Dothideomycetes","Microthyriales","Microthyriaceae"
"Phaeotrema","Lichenized",1,"B_genus","Ascomycota","Lecanoromycetes","Ostropales","Graphidaceae"
"Phaeotremella","Fungal_Parasite",1,"B_genus","Basidiomycota","Tremellomycetes","Tremellales","Tremellaceae"
"Phaeotrichoconis","Endophyte Necrotrophic_plant_pathogen",2,"B_genus","Ascomycota","Incertae sedis","Incertae sedis","Incertae sedis"
"Phakopsora","Biotrophic_plant_pathogen",1,"B_genus","Basidiomycota","Pucciniomycetes","Pucciniales","Phakopsoraceae"
"Phallogaster","Ectomycorrhizal",1,"B_genus","Basidiomycota","Agaricomycetes","Hysterangiales","Phallogastraceae"
"Phallus","Saprotroph",1,"B_genus","Basidiomycota","Agaricomycetes","Phallales","Phallaceae"
"Phanerochaete","Plant_Pathogen Wood_Saprotroph",2,"B_genus","Basidiomycota","Agaricomycetes","Polyporales","Phanerochaetaceae"
"Phanerodontia","Plant_Pathogen Wood_Saprotroph",2,"B_genus","Basidiomycota","Agaricomycetes","Polyporales","Incertae sedis"
"Pharcidia","Lichen_Parasite",1,"B_genus","Ascomycota","Dothideomycetes","Capnodiales","Mycosphaerellaceae"
"Phellinidium","Plant_Pathogen Wood_Saprotroph",2,"B_genus","Basidiomycota","Agaricomycetes","Hymenochaetales","Hymenochaetaceae"
"Phellinopsis","Necrotrophic_plant_pathogen Wood_Saprotroph",2,"B_genus","Basidiomycota","Agaricomycetes","Hymenochaetales","Hymenochaetaceae"
"Phellinotus","Plant_Pathogen Saprotroph",2,"B_genus","Basidiomycota","Agaricomycetes","Hymenochaetales","Hymenochaetaceae"
"Phellinus","Necrotrophic_plant_pathogen Plant_Pathogen Saprotroph Wood_Saprotroph",4,"B_genus","Basidiomycota","Agaricomycetes","Hymenochaetales","Hymenochaetaceae"
"Phellodon","Ectomycorrhizal",1,"B_genus","Basidiomycota","Agaricomycetes","Thelephorales","Thelephoraceae"
"Phellopilus","Wood_Saprotroph",1,"B_genus","Basidiomycota","Agaricomycetes","Hymenochaetales","Hymenochaetaceae"
"Phialemoniopsis","Human_Pathogen",1,"B_genus","Ascomycota","Sordariomycetes","Incertae sedis","Incertae sedis"
"Phialemonium","Human_Pathogen Wood_Saprotroph",2,"B_genus","Ascomycota","Sordariomycetes","Cephalothecales","Cephalothecaceae"
"Phialocephala","Endophyte Ericoid_Mycorrhizal Human_Pathogen Plant_Pathogen Wood_Saprotroph",5,"B_genus","Ascomycota","Leotiomycetes","Helotiales","Mollisiaceae"
"Phialographium","Plant_Pathogen",1,"B_genus","Ascomycota","Sordariomycetes","Ophiostomatales","Ophiostomataceae"
"Phialophora","Endophyte Human_Pathogen Plant_Pathogen Wood_Saprotroph",4,"B_genus","Ascomycota","Eurotiomycetes","Chaetothyriales","Herpotrichiellaceae"
"Phlebia","Wood_Saprotroph",1,"B_genus","Basidiomycota","Agaricomycetes","Polyporales","Meruliaceae"
"Phlebiopsis","Wood_Saprotroph",1,"B_genus","Basidiomycota","Agaricomycetes","Polyporales","Phanerochaetaceae"
"Phlebiporia","Wood_Saprotroph",1,"B_genus","Basidiomycota","Agaricomycetes","Polyporales","Meruliaceae"
"Phlebogaster","Ectomycorrhizal",1,"B_genus","Basidiomycota","Agaricomycetes","Phallales","Claustulaceae"
"Phlebopus","Wood_Saprotroph",1,"B_genus","Basidiomycota","Agaricomycetes","Boletales","Boletinellaceae"
"Phloeomana","Saprotroph",1,"B_genus","Basidiomycota","Agaricomycetes","Agaricales","Porotheleaceae"
"Phloeopeccania","Lichenized",1,"B_genus","Ascomycota","Lichinomycetes","Lichinales","Lichinaceae"
"Phloeospora","Necrotrophic_plant_pathogen Plant_Pathogen",2,"B_genus","Ascomycota","Dothideomycetes","Mycosphaerellales","Mycosphaerellaceae"
"Phloeosporella","Plant_Pathogen",1,"B_genus","Ascomycota","Leotiomycetes","Helotiales","Drepanopezizaceae"
"Phlogicylindrium","Plant_Pathogen",1,"B_genus","Ascomycota","Sordariomycetes","Amphisphaeriales","Phlogicylindriaceae"
"Phlyctema","Plant_Pathogen",1,"B_genus","Ascomycota","Leotiomycetes","Helotiales","Dermateaceae"
"Phlyctis","Lichenized",1,"B_genus","Ascomycota","Lecanoromycetes","Ostropales","Phlyctidaceae"
"Phoebus","Lichenized",1,"B_genus","Ascomycota","Arthoniomycetes","Arthoniales","Incertae sedis"
"Pholiota","Necrotrophic_plant_pathogen Plant_Pathogen Saprotroph Wood_Saprotroph",4,"B_genus","Basidiomycota","Agaricomycetes","Agaricales","Strophariaceae"
"Pholiotina","Saprotroph",1,"B_genus","Basidiomycota","Agaricomycetes","Agaricales","Bolbitiaceae"
"Phoma","Endophyte Lichen_Parasite Necrotrophic_plant_pathogen Plant_Pathogen Saprotroph Wood_Saprotroph",6,"B_genus","Ascomycota","Dothideomycetes","Pleosporales","Didymellaceae"
"Phomatodes","Plant_Pathogen Saprotroph",2,"B_genus","Ascomycota","Dothideomycetes","Pleosporales","Didymellaceae"
"Phomatospora","Endophyte Lichen_Parasite Plant_Pathogen Saprotroph",4,"B_genus","Ascomycota","Sordariomycetes","Phomatosporales","Phomatosporaceae"
"Phomopsis","Endophyte Necrotrophic_plant_pathogen Plant_Pathogen Saprotroph",4,"B_genus","Ascomycota","Sordariomycetes","Diaporthales","Diaporthaceae"
"Phragmidium","Biotrophic_plant_pathogen",1,"B_genus","Basidiomycota","Pucciniomycetes","Pucciniales","Phragmidiaceae"
"Phragmocapnias","Plant_Pathogen",1,"B_genus","Ascomycota","Eurotiomycetes","Chaetothyriales","Trichomeriaceae"
"Phragmotaenium","Plant_Pathogen",1,"B_genus","Basidiomycota","Exobasidiomycetes","Georgefischeriales","Tilletiariaceae"
"Phragmotelium","Biotrophic_plant_pathogen",1,"B_genus","Basidiomycota","Pucciniomycetes","Pucciniales","Incertae sedis"
"Phycomyces","Dung_Saprotroph",1,"B_genus","Mucoromycota","Mucoromycetes","Mucorales","Phycomycetaceae"
"Phyllachora","Necrotrophic_plant_pathogen Plant_Pathogen",2,"B_genus","Ascomycota","Sordariomycetes","Phyllachorales","Phyllachoraceae"
"Phyllactinia","Biotrophic_plant_pathogen",1,"B_genus","Ascomycota","Leotiomycetes","Helotiales","Erysiphaceae"
"Phylliscum","Lichen_Parasite Lichenized",2,"B_genus","Ascomycota","Lichinomycetes","Lichinales","Lichinaceae"
"Phyllobathelium","Lichenized",1,"B_genus","Ascomycota","Dothideomycetes","Strigulales","Strigulaceae"
"Phylloblastia","Lichenized Saprotroph",2,"B_genus","Ascomycota","Eurotiomycetes","Verrucariales","Verrucariaceae"
"Phylloboletellus","Ectomycorrhizal",1,"B_genus","Basidiomycota","Agaricomycetes","Boletales","Boletaceae"
"Phyllocharis","Lichenized",1,"B_genus","Ascomycota","Dothideomycetes","Strigulales","Strigulaceae"
"Phyllogyalidea","Lichenized",1,"B_genus","Ascomycota","Lecanoromycetes","Ostropales","Gomphillaceae"
"Phyllopeltula","Lichenized",1,"B_genus","Ascomycota","Lichinomycetes","Lichinales","Peltulaceae"
"Phyllophiale","Lichenized",1,"B_genus","Ascomycota","Lecanoromycetes","Pertusariales","Pertusariaceae"
"Phylloporia","Necrotrophic_plant_pathogen Plant_Pathogen Wood_Saprotroph",3,"B_genus","Basidiomycota","Agaricomycetes","Hymenochaetales","Hymenochaetaceae"
"Phylloporis","Lichenized",1,"B_genus","Ascomycota","Dothideomycetes","Strigulales","Strigulaceae"
"Phylloporthe","Plant_Pathogen",1,"B_genus","Ascomycota","Sordariomycetes","Diaporthales","Gnomoniaceae"
"Phylloporus","Ectomycorrhizal Plant_Pathogen",2,"B_genus","Basidiomycota","Agaricomycetes","Boletales","Boletaceae"
"Phyllopsora","Lichenized",1,"B_genus","Ascomycota","Lecanoromycetes","Lecanorales","Ramalinaceae"
"Phyllosticta","Endophyte Human_Pathogen Lichen_Parasite Necrotrophic_plant_pathogen Plant_Pathogen Saprotroph",6,"B_genus","Ascomycota","Dothideomycetes","Botryosphaeriales","Phyllostictaceae"
"Phyllostictella","Plant_Pathogen",1,"B_genus","Ascomycota","Dothideomycetes","Pleosporales","Microsphaeropsidaceae"
"Phyllostictina","Endophyte Necrotrophic_plant_pathogen Plant_Pathogen",3,"B_genus","Ascomycota","Dothideomycetes","Botryosphaeriales","Phyllostictaceae"
"Phyllotopsis","Saprotroph",1,"B_genus","Basidiomycota","Agaricomycetes","Agaricales","Phyllotopsidaceae"
"Phymatotrichopsis","Necrotrophic_plant_pathogen",1,"B_genus","Ascomycota","Pezizomycetes","Pezizales","Rhizinaceae"
"Physalacria","Saprotroph",1,"B_genus","Basidiomycota","Agaricomycetes","Agaricales","Physalacriaceae"
"Physalospora","Plant_Pathogen",1,"B_genus","Ascomycota","Sordariomycetes","Xylariales","Hyponectriaceae"
"Physcia","Lichenized",1,"B_genus","Ascomycota","Lecanoromycetes","Caliciales","Physciaceae"
"Physcidia","Lichenized",1,"B_genus","Ascomycota","Lecanoromycetes","Lecanorales","Ramalinaceae"
"Physciella","Lichenized",1,"B_genus","Ascomycota","Lecanoromycetes","Caliciales","Physciaceae"
"Physconia","Lichenized",1,"B_genus","Ascomycota","Lecanoromycetes","Caliciales","Physciaceae"
"Physisporinus","Wood_Saprotroph",1,"B_genus","Basidiomycota","Agaricomycetes","Polyporales","Meruliaceae"
"Physma","Lichenized",1,"B_genus","Ascomycota","Lecanoromycetes","Peltigerales","Pannariaceae"
"Physoderma","Plant_Pathogen",1,"B_genus","Blastocladiomycota","Blastocladiomycetes","Physodermatales","Physodermataceae"
"Physopella","Biotrophic_plant_pathogen",1,"B_genus","Basidiomycota","Pucciniomycetes","Pucciniales","Phakopsoraceae"
"Piccolia","Lichenized",1,"B_genus","Ascomycota","Lecanoromycetes","Incertae sedis","Incertae sedis"
"Pichia","Human_Pathogen Saprotroph",2,"B_genus","Ascomycota","Saccharomycetes","Saccharomycetales","Saccharomycetaceae"
"Picipes","Wood_Saprotroph",1,"B_genus","Basidiomycota","Agaricomycetes","Polyporales","Polyporaceae"
"Piggotia","Plant_Pathogen",1,"B_genus","Ascomycota","Dothideomycetes","Pleosporales","Didymellaceae"
"Pilatoporus","Plant_Pathogen",1,"B_genus","Basidiomycota","Agaricomycetes","Polyporales","Fomitopsidaceae"
"Pileolaria","Biotrophic_plant_pathogen",1,"B_genus","Basidiomycota","Pucciniomycetes","Pucciniales","Pileolariaceae"
"Pilgeriella","Plant_Pathogen",1,"B_genus","Ascomycota","Dothideomycetes","Incertae sedis","Parodiopsidaceae"
"Pilidium","Plant_Pathogen",1,"B_genus","Ascomycota","Leotiomycetes","Chaetomellales","Chaetomellaceae"
"Pilocintractia","Plant_Pathogen",1,"B_genus","Basidiomycota","Ustilaginomycetes","Ustilaginales","Anthracoideaceae"
"Piloderma","Ectomycorrhizal",1,"B_genus","Basidiomycota","Agaricomycetes","Atheliales","Atheliaceae"
"Pilophorus","Lichenized",1,"B_genus","Ascomycota","Lecanoromycetes","Lecanorales","Cladoniaceae"
"Pinaceicola","Plant_Pathogen",1,"B_genus","Ascomycota","Dothideomycetes","Venturiales","Sympoventuriaceae"
"Piptocephalis","Dung_Saprotroph Fungal_Parasite",2,"B_genus","Zoopagomycota","Zoopagomycetes","Zoopagales","Piptocephalidaceae"
"Piptoporellus","Wood_Saprotroph",1,"B_genus","Basidiomycota","Agaricomycetes","Polyporales","Incertae sedis"
"Pirex","Wood_Saprotroph",1,"B_genus","Basidiomycota","Agaricomycetes","Polyporales","Phanerochaetaceae"
"Piricauda","Endophyte",1,"B_genus","Ascomycota","Incertae sedis","Incertae sedis","Incertae sedis"
"Pirozynskia","Plant_Pathogen",1,"B_genus","Ascomycota","Dothideomycetes","Asterinales","Asterinaceae"
"Pisolithus","Ectomycorrhizal",1,"B_genus","Basidiomycota","Agaricomycetes","Boletales","Sclerodermataceae"
"Pistillaria","Plant_Pathogen",1,"B_genus","Basidiomycota","Agaricomycetes","Agaricales","Typhulaceae"
"Pisutiella","Algae_Parasite Lichenized",2,"B_genus","Ascomycota","Lecanoromycetes","Teloschistales","Teloschistaceae"
"Pithya","Plant_Pathogen",1,"B_genus","Ascomycota","Pezizomycetes","Pezizales","Sarcoscyphaceae"
"Placidiopsis","Lichenized",1,"B_genus","Ascomycota","Eurotiomycetes","Verrucariales","Verrucariaceae"
"Placidium","Lichenized",1,"B_genus","Ascomycota","Eurotiomycetes","Verrucariales","Verrucariaceae"
"Placocarpus","Lichen_Parasite Lichenized",2,"B_genus","Ascomycota","Eurotiomycetes","Verrucariales","Verrucariaceae"
"Placocrea","Plant_Pathogen",1,"B_genus","Ascomycota","Dothideomycetes","Mycosphaerellales","Mycosphaerellaceae"
"Placomaronea","Lichenized",1,"B_genus","Ascomycota","Candelariomycetes","Candelariales","Candelariaceae"
"Placopsis","Lichenized",1,"B_genus","Ascomycota","Lecanoromycetes","Incertae sedis","Trapeliaceae"
"Placopyrenium","Lichen_Parasite Lichenized",2,"B_genus","Ascomycota","Eurotiomycetes","Verrucariales","Verrucariaceae"
"Placynthiella","Lichenized",1,"B_genus","Ascomycota","Lecanoromycetes","Incertae sedis","Trapeliaceae"
"Placynthium","Lichenized",1,"B_genus","Ascomycota","Lecanoromycetes","Peltigerales","Placynthiaceae"
"Plagiostigme","Plant_Pathogen",1,"B_genus","Ascomycota","Sordariomycetes","Diaporthales","Melanconidaceae"
"Plagiostoma","Plant_Pathogen",1,"B_genus","Ascomycota","Sordariomycetes","Diaporthales","Gnomoniaceae"
"Planetella","Plant_Pathogen",1,"B_genus","Basidiomycota","Ustilaginomycetes","Ustilaginales","Anthracoideaceae"
"Planistromella","Plant_Pathogen",1,"B_genus","Ascomycota","Dothideomycetes","Botryosphaeriales","Planistromellaceae"
"Planticonsortium","Arbuscular_Mycorrhizal",1,"B_genus","Mucoromycota","Incertae sedis","Incertae sedis","Incertae sedis"
"Platismatia","Lichenized",1,"B_genus","Ascomycota","Lecanoromycetes","Lecanorales","Parmeliaceae"
"Platycarpa","Insect_Pathogen",1,"B_genus","Basidiomycota","Pucciniomycetes","Platygloeales","Eocronartiaceae"
"Platygloea","Fungal_Parasite",1,"B_genus","Basidiomycota","Pucciniomycetes","Platygloeales","Platygloeaceae"
"Platygramme","Lichenized",1,"B_genus","Ascomycota","Lecanoromycetes","Ostropales","Graphidaceae"
"Platythecium","Lichenized",1,"B_genus","Ascomycota","Lecanoromycetes","Ostropales","Graphidaceae"
"Plectocarpon","Lichen_Parasite",1,"B_genus","Ascomycota","Arthoniomycetes","Arthoniales","Lecanographaceae"
"Plectosphaerella","Endophyte Necrotrophic_plant_pathogen Plant_Pathogen",3,"B_genus","Ascomycota","Sordariomycetes","Glomerellales","Plectosphaerellaceae"
"Pleiocarpon","Necrotrophic_plant_pathogen",1,"B_genus","Ascomycota","Sordariomycetes","Hypocreales","Nectriaceae"
"Pleiochaeta","Necrotrophic_plant_pathogen Plant_Pathogen",2,"B_genus","Ascomycota","Incertae sedis","Incertae sedis","Incertae sedis"
"Plenodomus","Plant_Pathogen Saprotroph",2,"B_genus","Ascomycota","Dothideomycetes","Pleosporales","Incertae sedis"
"Pleochaeta","Biotrophic_plant_pathogen",1,"B_genus","Ascomycota","Leotiomycetes","Helotiales","Erysiphaceae"
"Pleomassaria","Saprotroph",1,"B_genus","Ascomycota","Dothideomycetes","Pleosporales","Pleomassariaceae"
"Pleomerium","Biotrophic_plant_pathogen",1,"B_genus","Ascomycota","Sordariomycetes","Meliolales","Meliolaceae"
"Pleonectria","Plant_Pathogen",1,"B_genus","Ascomycota","Sordariomycetes","Incertae sedis","Incertae sedis"
"Pleopassalora","Plant_Pathogen",1,"B_genus","Ascomycota","Dothideomycetes","Mycosphaerellales","Mycosphaerellaceae"
"Pleopsidium","Lichenized",1,"B_genus","Ascomycota","Lecanoromycetes","Acarosporales","Acarosporaceae"
"Pleosphaerulina","Plant_Pathogen",1,"B_genus","Ascomycota","Dothideomycetes","Dothideales","Saccotheciaceae"
"Pleospora","Lichen_Parasite Necrotrophic_plant_pathogen Plant_Pathogen",3,"B_genus","Ascomycota","Dothideomycetes","Pleosporales","Pleosporaceae"
"Pleostigma","Plant_Pathogen",1,"B_genus","Ascomycota","Dothideomycetes","Incertae sedis","Incertae sedis"
"Pleuroceras","Plant_Pathogen",1,"B_genus","Ascomycota","Sordariomycetes","Diaporthales","Gnomoniaceae"
"Pleurocordyceps","Insect_Pathogen",1,"B_genus","Ascomycota","Sordariomycetes","Hypocreales","Ophiocordycipitaceae"
"Pleurocybella","Saprotroph",1,"B_genus","Basidiomycota","Agaricomycetes","Agaricales","Incertae sedis"
"Pleuroflammula","Saprotroph",1,"B_genus","Basidiomycota","Agaricomycetes","Agaricales","Crepidotaceae"
"Pleuropassalora","Necrotrophic_plant_pathogen",1,"B_genus","Ascomycota","Dothideomycetes","Mycosphaerellales","Mycosphaerellaceae"
"Pleurosticta","Lichenized",1,"B_genus","Ascomycota","Lecanoromycetes","Lecanorales","Parmeliaceae"
"Pleurostoma","Human_Pathogen Plant_Pathogen Wood_Saprotroph",3,"B_genus","Ascomycota","Sordariomycetes","Calosphaeriales","Pleurostomataceae"
"Pleurotus","Plant_Pathogen Wood_Saprotroph",2,"B_genus","Basidiomycota","Agaricomycetes","Agaricales","Pleurotaceae"
"Pleurovularia","Plant_Pathogen",1,"B_genus","Ascomycota","Incertae sedis","Incertae sedis","Incertae sedis"
"Pliariona","Lichenized",1,"B_genus","Ascomycota","Lecanoromycetes","Ostropales","Graphidaceae"
"Plicaturopsis","Wood_Saprotroph",1,"B_genus","Basidiomycota","Agaricomycetes","Amylocorticiales","Amylocorticiaceae"
"Plochmopeltidella","Plant_Pathogen",1,"B_genus","Ascomycota","Dothideomycetes","Microthyriales","Micropeltidaceae"
"Ploioderma","Necrotrophic_plant_pathogen",1,"B_genus","Ascomycota","Leotiomycetes","Rhytismatales","Rhytismataceae"
"Plowrightia","Lichen_Parasite",1,"B_genus","Ascomycota","Dothideomycetes","Dothideales","Dothioraceae"
"Pluripassalora","Necrotrophic_plant_pathogen",1,"B_genus","Ascomycota","Dothideomycetes","Mycosphaerellales","Mycosphaerellaceae"
"Plurivorosphaerella","Plant_Pathogen",1,"B_genus","Ascomycota","Dothideomycetes","Mycosphaerellales","Mycosphaerellaceae"
"Pluteus","Plant_Pathogen Saprotroph Wood_Saprotroph",3,"B_genus","Basidiomycota","Agaricomycetes","Agaricales","Pluteaceae"
"Pneumocystis","Human_Pathogen",1,"B_genus","Ascomycota","Pneumocystomycetes","Pneumocystales","Pneumocystaceae"
"Podaxis","Saprotroph",1,"B_genus","Basidiomycota","Agaricomycetes","Agaricales","Agaricaceae"
"Podila","Saprotroph",1,"B_genus","Mucoromycota","Mortierellomycetes","Mortierellales","Mortierellaceae"
"Podoconis","Lichen_Parasite",1,"B_genus","Ascomycota","Dothideomycetes","Incertae sedis","Incertae sedis"
"Pododimeria","Plant_Pathogen",1,"B_genus","Ascomycota","Dothideomycetes","Incertae sedis","Pododimeriaceae"
"Podoscypha","Wood_Saprotroph",1,"B_genus","Basidiomycota","Agaricomycetes","Polyporales","Podoscyphaceae"
"Podosordaria","Dung_Saprotroph",1,"B_genus","Ascomycota","Sordariomycetes","Xylariales","Xylariaceae"
"Podosphaera","Biotrophic_plant_pathogen",1,"B_genus","Ascomycota","Leotiomycetes","Helotiales","Erysiphaceae"
"Podospora","Dung_Saprotroph Endophyte",2,"B_genus","Ascomycota","Sordariomycetes","Sordariales","Podosporaceae"
"Podosporiella","Necrotrophic_plant_pathogen",1,"B_genus","Ascomycota","Incertae sedis","Incertae sedis","Incertae sedis"
"Podostictina","Lichenized",1,"B_genus","Ascomycota","Lecanoromycetes","Peltigerales","Lobariaceae"
"Podoxyphium","Saprotroph",1,"B_genus","Ascomycota","Eurotiomycetes","Chaetothyriales","Trichomeriaceae"
"Poeltinula","Lichenized",1,"B_genus","Ascomycota","Lecanoromycetes","Rhizocarpales","Rhizocarpaceae"
"Pogonoloma","Saprotroph",1,"B_genus","Basidiomycota","Agaricomycetes","Agaricales","Pseudoclitocybaceae"
"Poikilosporium","Plant_Pathogen",1,"B_genus","Basidiomycota","Ustilaginomycetes","Urocystidales","Glomosporiaceae"
"Pollaccia","Plant_Pathogen",1,"B_genus","Ascomycota","Dothideomycetes","Venturiales","Venturiaceae"
"Polyblastia","Lichen_Parasite Lichenized",2,"B_genus","Ascomycota","Eurotiomycetes","Verrucariales","Verrucariaceae"
"Polyblastidium","Lichenized",1,"B_genus","Ascomycota","Lecanoromycetes","Caliciales","Physciaceae"
"Polycauliona","Lichen_Parasite Lichenized",2,"B_genus","Ascomycota","Lecanoromycetes","Teloschistales","Teloschistaceae"
"Polycephalomyces","Fungal_Parasite Insect_Pathogen",2,"B_genus","Ascomycota","Sordariomycetes","Hypocreales","Ophiocordycipitaceae"
"Polychidium","Lichenized",1,"B_genus","Ascomycota","Lecanoromycetes","Peltigerales","Massalongiaceae"
"Polychytrium","Saprotroph",1,"B_genus","Chytridiomycota","Chytridiomycetes","Polychytriales","Polychytriaceae"
"Polycoccum","Lichen_Parasite",1,"B_genus","Ascomycota","Dothideomycetes","Trypetheliales","Polycoccaceae"
"Polydesmia","Lichen_Parasite",1,"B_genus","Ascomycota","Leotiomycetes","Helotiales","Incertae sedis"
"Polymeridium","Lichenized",1,"B_genus","Ascomycota","Dothideomycetes","Trypetheliales","Trypetheliaceae"
"Polyozellus","Ectomycorrhizal",1,"B_genus","Basidiomycota","Agaricomycetes","Thelephorales","Thelephoraceae"
"Polyozosia","Lichenized",1,"B_genus","Ascomycota","Lecanoromycetes","Lecanorales","Lecanoraceae"
"Polyphialoseptoria","Necrotrophic_plant_pathogen",1,"B_genus","Ascomycota","Dothideomycetes","Mycosphaerellales","Mycosphaerellaceae"
"Polyporoletus","Ectomycorrhizal",1,"B_genus","Basidiomycota","Agaricomycetes","Russulales","Albatrellaceae"
"Polyporus","Plant_Pathogen Wood_Saprotroph",2,"B_genus","Basidiomycota","Agaricomycetes","Polyporales","Polyporaceae"
"Polypus","Ectomycorrhizal",1,"B_genus","Basidiomycota","Agaricomycetes","Russulales","Incertae sedis"
"Polyscytalum","Plant_Pathogen Saprotroph",2,"B_genus","Ascomycota","Incertae sedis","Incertae sedis","Incertae sedis"
"Polysporina","Lichenized",1,"B_genus","Ascomycota","Lecanoromycetes","Acarosporales","Acarosporaceae"
"Polystigma","Necrotrophic_plant_pathogen Plant_Pathogen",2,"B_genus","Ascomycota","Sordariomycetes","Phyllachorales","Phyllachoraceae"
"Polystigmina","Plant_Pathogen",1,"B_genus","Ascomycota","Sordariomycetes","Phyllachorales","Phyllachoraceae"
"Polythelis","Biotrophic_plant_pathogen",1,"B_genus","Basidiomycota","Pucciniomycetes","Pucciniales","Tranzscheliaceae"
"Polythrincium","Necrotrophic_plant_pathogen",1,"B_genus","Ascomycota","Dothideomycetes","Mycosphaerellales","Mycosphaerellaceae"
"Polytolypa","Dung_Saprotroph",1,"B_genus","Ascomycota","Eurotiomycetes","Onygenales","Onygenaceae"
"Ponticulomyces","Saprotroph",1,"B_genus","Basidiomycota","Agaricomycetes","Agaricales","Physalacriaceae"
"Porina","Lichenized",1,"B_genus","Ascomycota","Lecanoromycetes","Pertusariales","Pertusariaceae"
"Poriodontia","Wood_Saprotroph",1,"B_genus","Basidiomycota","Agaricomycetes","Hymenochaetales","Schizoporaceae"
"Porocercospora","Plant_Pathogen",1,"B_genus","Ascomycota","Dothideomycetes","Pleosporales","Pleosporaceae"
"Porocyphus","Lichenized",1,"B_genus","Ascomycota","Lichinomycetes","Lichinales","Lichinaceae"
"Porodaedalea","Necrotrophic_plant_pathogen Wood_Saprotroph",2,"B_genus","Basidiomycota","Agaricomycetes","Hymenochaetales","Hymenochaetaceae"
"Porogramme","Wood_Saprotroph",1,"B_genus","Basidiomycota","Agaricomycetes","Polyporales","Polyporaceae"
"Poronia","Dung_Saprotroph",1,"B_genus","Ascomycota","Sordariomycetes","Xylariales","Xylariaceae"
"Poronidulus","Wood_Saprotroph",1,"B_genus","Basidiomycota","Agaricomycetes","Polyporales","Polyporaceae"
"Porostereum","Wood_Saprotroph",1,"B_genus","Basidiomycota","Agaricomycetes","Polyporales","Phanerochaetaceae"
"Porotheleum","Saprotroph",1,"B_genus","Basidiomycota","Agaricomycetes","Agaricales","Porotheleaceae"
"Porphyrellus","Ectomycorrhizal",1,"B_genus","Basidiomycota","Agaricomycetes","Boletales","Boletaceae"
"Porpidia","Lichenized",1,"B_genus","Ascomycota","Lecanoromycetes","Lecideales","Lecideaceae"
"Porpidinia","Lichenized",1,"B_genus","Ascomycota","Lecanoromycetes","Lecideales","Porpidiaceae"
"Porpoloma","Ectomycorrhizal Saprotroph",2,"B_genus","Basidiomycota","Agaricomycetes","Agaricales","Tricholomataceae"
"Porpomyces","Saprotroph",1,"B_genus","Basidiomycota","Agaricomycetes","Polyporales","Meruliaceae"
"Porpopycnis","Saprotroph",1,"B_genus","Basidiomycota","Agaricomycetes","Auriculariales","Incertae sedis"
"Portalia","Plant_Pathogen",1,"B_genus","Basidiomycota","Ustilaginomycetes","Ustilaginales","Anthracoideaceae"
"Postia","Necrotrophic_plant_pathogen Wood_Saprotroph",2,"B_genus","Basidiomycota","Agaricomycetes","Polyporales","Dacryobolaceae"
"Potebniamyces","Plant_Pathogen",1,"B_genus","Ascomycota","Leotiomycetes","Phacidiales","Phacidiaceae"
"Prathigada","Plant_Pathogen",1,"B_genus","Ascomycota","Dothideomycetes","Mycosphaerellales","Mycosphaerellaceae"
"Preussia","Dung_Saprotroph Endophyte Lichen_Parasite",3,"B_genus","Ascomycota","Dothideomycetes","Pleosporales","Sporormiaceae"
"Priceomyces","Human_Pathogen",1,"B_genus","Ascomycota","Saccharomycetes","Saccharomycetales","Debaryomycetaceae"
"Prillieuxina","Biotrophic_plant_pathogen",2,"B_genus","Ascomycota","Dothideomycetes","Asterinales","Asterinaceae"
"Pringsheimia","Saprotroph",1,"B_genus","Ascomycota","Dothideomycetes","Dothideales","Saccotheciaceae"
"Prolisea","Lichen_Parasite",1,"B_genus","Ascomycota","Dothideomycetes","Incertae sedis","Incertae sedis"
"Propolis","Saprotroph Wood_Saprotroph",2,"B_genus","Ascomycota","Leotiomycetes","Chaetomellales","Marthamycetaceae"
"Prosopidicola","Plant_Pathogen",1,"B_genus","Ascomycota","Sordariomycetes","Diaporthales","Prosopidicolaceae"
"Prospodium","Biotrophic_plant_pathogen",1,"B_genus","Basidiomycota","Pucciniomycetes","Pucciniales","Uropyxidaceae"
"Prosthecium","Plant_Pathogen Saprotroph",2,"B_genus","Ascomycota","Sordariomycetes","Diaporthales","Melanconidaceae"
"Prosthemium","Saprotroph",1,"B_genus","Ascomycota","Dothideomycetes","Pleosporales","Pleomassariaceae"
"Prostratus","Plant_Pathogen",1,"B_genus","Ascomycota","Sordariomycetes","Diaporthales","Melanconidaceae"
"Protoblastenia","Lichenized",1,"B_genus","Ascomycota","Lecanoromycetes","Lecanorales","Psoraceae"
"Protocrea","Fungal_Parasite",1,"B_genus","Ascomycota","Sordariomycetes","Hypocreales","Hypocreaceae"
"Protodaedalea","Saprotroph",1,"B_genus","Basidiomycota","Agaricomycetes","Auriculariales","Auriculariaceae"
"Protodontia","Saprotroph",1,"B_genus","Basidiomycota","Agaricomycetes","Auriculariales","Incertae sedis"
"Protomerulius","Saprotroph",1,"B_genus","Basidiomycota","Agaricomycetes","Auriculariales","Incertae sedis"
"Protomicarea","Lichenized",1,"B_genus","Ascomycota","Lecanoromycetes","Lecanorales","Psoraceae"
"Protomyces","Plant_Pathogen",1,"B_genus","Ascomycota","Taphrinomycetes","Taphrinales","Taphrinaceae"
"Protopannaria","Lichenized",1,"B_genus","Ascomycota","Lecanoromycetes","Peltigerales","Pannariaceae"
"Protoparmelia","Lichen_Parasite Lichenized",2,"B_genus","Ascomycota","Lecanoromycetes","Lecanorales","Parmeliaceae"
"Protoparmeliopsis","Lichenized",1,"B_genus","Ascomycota","Lecanoromycetes","Lecanorales","Lecanoraceae"
"Protostegia","Plant_Pathogen",1,"B_genus","Ascomycota","Incertae sedis","Incertae sedis","Incertae sedis"
"Protostropharia","Dung_Saprotroph Saprotroph",2,"B_genus","Basidiomycota","Agaricomycetes","Agaricales","Strophariaceae"
"Protothelenella","Lichen_Parasite Lichenized Saprotroph",3,"B_genus","Ascomycota","Lichinomycetes","Lichinales","Lichinaceae"
"Protounguicularia","Lichen_Parasite",1,"B_genus","Ascomycota","Leotiomycetes","Helotiales","Hyaloscyphaceae"
"Protousnea","Lichen_Parasite",1,"B_genus","Ascomycota","Lecanoromycetes","Lecanorales","Parmeliaceae"
"Protoventuria","Plant_Pathogen",1,"B_genus","Ascomycota","Dothideomycetes","Capnodiales","Metacapnodiaceae"
"Protoxerula","Saprotroph",1,"B_genus","Basidiomycota","Agaricomycetes","Agaricales","Physalacriaceae"
"Protubera","Ectomycorrhizal Saprotroph",2,"B_genus","Basidiomycota","Agaricomycetes","Hysterangiales","Phallogastraceae"
"Protuberella","Saprotroph",1,"B_genus","Basidiomycota","Agaricomycetes","Phallales","Phallaceae"
"Proxipyricularia","Necrotrophic_plant_pathogen",1,"B_genus","Ascomycota","Sordariomycetes","Magnaporthales","Pyriculariaceae"
"Pruniphilomyces","Plant_Pathogen",1,"B_genus","Ascomycota","Dothideomycetes","Mycosphaerellales","Mycosphaerellaceae"
"Prunulus","Saprotroph",1,"B_genus","Basidiomycota","Agaricomycetes","Agaricales","Mycenaceae"
"Psammina","Lichen_Parasite",1,"B_genus","Ascomycota","Incertae sedis","Incertae sedis","Incertae sedis"
"Psathyrella","Dung_Saprotroph Fungal_Parasite Saprotroph Wood_Saprotroph",4,"B_genus","Basidiomycota","Agaricomycetes","Agaricales","Psathyrellaceae"
"Psathyrophlyctis","Lichenized",1,"B_genus","Ascomycota","Lecanoromycetes","Ostropales","Phlyctidaceae"
"Pseudallescheria","Human_Pathogen Wood_Saprotroph",2,"B_genus","Ascomycota","Sordariomycetes","Microascales","Microascaceae"
"Pseudephebe","Lichenized",1,"B_genus","Ascomycota","Lecanoromycetes","Lecanorales","Parmeliaceae"
"Pseudeurotium","Dung_Saprotroph",1,"B_genus","Ascomycota","Leotiomycetes","Thelebolales","Pseudeurotiaceae"
"Pseudevernia","Lichenized",1,"B_genus","Ascomycota","Lecanoromycetes","Lecanorales","Parmeliaceae"
"Pseudoallosoma","Necrotrophic_plant_pathogen",1,"B_genus","Ascomycota","Dothideomycetes","Myriangiales","Myriangiaceae"
"Pseudoarachniotus","Dung_Saprotroph",1,"B_genus","Ascomycota","Eurotiomycetes","Onygenales","Gymnoascaceae"
"Pseudoarmillariella","Saprotroph",1,"B_genus","Basidiomycota","Agaricomycetes","Agaricales","Hygrophoraceae"
"Pseudoasperisporium","Necrotrophic_plant_pathogen",1,"B_genus","Ascomycota","Incertae sedis","Incertae sedis","Incertae sedis"
"Pseudoaustroboletus","Ectomycorrhizal",1,"B_genus","Basidiomycota","Agaricomycetes","Boletales","Boletaceae"
"Pseudobaeospora","Saprotroph",1,"B_genus","Basidiomycota","Agaricomycetes","Agaricales","Tricholomataceae"
"Pseudobeltrania","Necrotrophic_plant_pathogen Plant_Pathogen",2,"B_genus","Ascomycota","Incertae sedis","Incertae sedis","Incertae sedis"
"Pseudobogoriella","Lichenized",1,"B_genus","Ascomycota","Dothideomycetes","Trypetheliales","Trypetheliaceae"
"Pseudoboletus","Fungal_Parasite Plant_Pathogen",2,"B_genus","Basidiomycota","Agaricomycetes","Boletales","Boletaceae"
"Pseudocalopadia","Lichenized",1,"B_genus","Ascomycota","Lecanoromycetes","Lecanorales","Byssolomataceae"
"Pseudocamarosporium","Endophyte Saprotroph",2,"B_genus","Ascomycota","Dothideomycetes","Pleosporales","Didymosphaeriaceae"
"Pseudocercospora","Endophyte Lichen_Parasite Necrotrophic_plant_pathogen Plant_Pathogen",4,"B_genus","Ascomycota","Dothideomycetes","Mycosphaerellales","Mycosphaerellaceae"
"Pseudocercosporella","Necrotrophic_plant_pathogen Plant_Pathogen",2,"B_genus","Ascomycota","Dothideomycetes","Mycosphaerellales","Mycosphaerellaceae"
"Pseudochapsa","Lichenized",1,"B_genus","Ascomycota","Lecanoromycetes","Ostropales","Graphidaceae"
"Pseudoclitocybe","Saprotroph",1,"B_genus","Basidiomycota","Agaricomycetes","Agaricales","Pseudoclitocybaceae"
"Pseudoclitopilus","Saprotroph",1,"B_genus","Basidiomycota","Agaricomycetes","Agaricales","Incertae sedis"
"Pseudocolus","Saprotroph",1,"B_genus","Basidiomycota","Agaricomycetes","Phallales","Phallaceae"
"Pseudocoprinus","Saprotroph",1,"B_genus","Basidiomycota","Agaricomycetes","Agaricales","Psathyrellaceae"
"Pseudocyphellaria","Lichen_Parasite Lichenized",2,"B_genus","Ascomycota","Lecanoromycetes","Peltigerales","Lobariaceae"
"Pseudodermatosorus","Plant_Pathogen",1,"B_genus","Basidiomycota","Exobasidiomycetes","Doassansiales","Doassansiaceae"
"Pseudodidymaria","Necrotrophic_plant_pathogen Plant_Pathogen",2,"B_genus","Ascomycota","Incertae sedis","Incertae sedis","Incertae sedis"
"Pseudodoassansia","Plant_Pathogen",1,"B_genus","Basidiomycota","Exobasidiomycetes","Doassansiales","Doassansiaceae"
"Pseudoepicoccum","Necrotrophic_plant_pathogen",1,"B_genus","Ascomycota","Incertae sedis","Incertae sedis","Incertae sedis"
"Pseudofabraea","Necrotrophic_plant_pathogen",1,"B_genus","Ascomycota","Leotiomycetes","Helotiales","Dermateaceae"
"Pseudofavolus","Wood_Saprotroph",1,"B_genus","Basidiomycota","Agaricomycetes","Polyporales","Polyporaceae"
"Pseudofusarium","Necrotrophic_plant_pathogen",1,"B_genus","Ascomycota","Sordariomycetes","Hypocreales","Nectriaceae"
"Pseudofusicoccum","Endophyte Plant_Pathogen",2,"B_genus","Ascomycota","Dothideomycetes","Botryosphaeriales","Pseudofusicoccaceae"
"Pseudogymnoascus","Mammal_Pathogen Wood_Saprotroph",2,"B_genus","Ascomycota","Leotiomycetes","Thelebolales","Pseudeurotiaceae"
"Pseudogymnopilus","Plant_Pathogen Wood_Saprotroph",2,"B_genus","Basidiomycota","Agaricomycetes","Agaricales","Strophariaceae"
"Pseudohendersonia","Plant_Pathogen",1,"B_genus","Ascomycota","Incertae sedis","Incertae sedis","Incertae sedis"
"Pseudohepatica","Lichenized",1,"B_genus","Ascomycota","Lecanoromycetes","Lecanorales","Ramalinaceae"
"Pseudohydnum","Saprotroph",1,"B_genus","Basidiomycota","Agaricomycetes","Auriculariales","Incertae sedis"
"Pseudoidium","Biotrophic_plant_pathogen",1,"B_genus","Ascomycota","Leotiomycetes","Helotiales","Erysiphaceae"
"Pseudoinonotus","Necrotrophic_plant_pathogen Wood_Saprotroph",2,"B_genus","Basidiomycota","Agaricomycetes","Hymenochaetales","Hymenochaetaceae"
"Pseudolaccaria","Saprotroph",1,"B_genus","Basidiomycota","Agaricomycetes","Agaricales","Callistosporiaceae"
"Pseudolagarobasidium","Plant_Pathogen",1,"B_genus","Basidiomycota","Agaricomycetes","Polyporales","Cerrenaceae"
"Pseudoleptogium","Lichenized",1,"B_genus","Ascomycota","Lecanoromycetes","Peltigerales","Collemataceae"
"Pseudomassaria","Plant_Pathogen",1,"B_genus","Ascomycota","Sordariomycetes","Xylariales","Pseudomassariaceae"
"Pseudomelanconis","Plant_Pathogen",1,"B_genus","Ascomycota","Sordariomycetes","Diaporthales","Pseudomelanconidaceae"
"Pseudomerulius","Wood_Saprotroph",1,"B_genus","Basidiomycota","Agaricomycetes","Boletales","Tapinellaceae"
"Pseudomicrodochium","Human_Pathogen",1,"B_genus","Ascomycota","Sordariomycetes","Hypocreales","Incertae sedis"
"Pseudomicrostroma","Plant_Pathogen",1,"B_genus","Basidiomycota","Exobasidiomycetes","Microstromatales","Incertae sedis"
"Pseudonectria","Endophyte Necrotrophic_plant_pathogen Plant_Pathogen Saprotroph",4,"B_genus","Ascomycota","Sordariomycetes","Hypocreales","Nectriaceae"
"Pseudonitschkia","Lichen_Parasite",1,"B_genus","Ascomycota","Dothideomycetes","Incertae sedis","Incertae sedis"
"Pseudoomphalina","Saprotroph",1,"B_genus","Basidiomycota","Agaricomycetes","Agaricales","Incertae sedis"
"Pseudoparmelia","Lichenized",1,"B_genus","Ascomycota","Lecanoromycetes","Lecanorales","Parmeliaceae"
"Pseudopeltula","Lichenized",1,"B_genus","Ascomycota","Lichinomycetes","Lichinales","Gloeoheppiaceae"
"Pseudopestalotiopsis","Necrotrophic_plant_pathogen Plant_Pathogen",2,"B_genus","Ascomycota","Sordariomycetes","Amphisphaeriales","Pestalotiopsidaceae"
"Pseudopezicula","Plant_Pathogen",1,"B_genus","Ascomycota","Leotiomycetes","Helotiales","Discinellaceae"
"Pseudopeziza","Necrotrophic_plant_pathogen Plant_Pathogen",2,"B_genus","Ascomycota","Leotiomycetes","Helotiales","Drepanopezizaceae"
"Pseudophaeomoniella","Plant_Pathogen",1,"B_genus","Ascomycota","Eurotiomycetes","Phaeomoniellales","Celotheliaceae"
"Pseudophaeophleospora","Necrotrophic_plant_pathogen Plant_Pathogen",2,"B_genus","Ascomycota","Dothideomycetes","Mycosphaerellales","Mycosphaerellaceae"
"Pseudophloeospora","Necrotrophic_plant_pathogen Plant_Pathogen",2,"B_genus","Ascomycota","Orbiliomycetes","Orbiliales","Incertae sedis"
"Pseudophloeosporella","Plant_Pathogen",1,"B_genus","Ascomycota","Incertae sedis","Incertae sedis","Incertae sedis"
"Pseudopithomyces","Human_Pathogen Necrotrophic_plant_pathogen Plant_Pathogen Saprotroph",4,"B_genus","Ascomycota","Dothideomycetes","Pleosporales","Didymosphaeriaceae"
"Pseudoplagiostoma","Necrotrophic_plant_pathogen Plant_Pathogen",2,"B_genus","Ascomycota","Sordariomycetes","Diaporthales","Pseudoplagiostomataceae"
"Pseudoporpoloma","Saprotroph",1,"B_genus","Basidiomycota","Agaricomycetes","Agaricales","Tricholomataceae"
"Pseudopyrenidium","Lichen_Parasite",1,"B_genus","Ascomycota","Eurotiomycetes","Verrucariales","Adelococcaceae"
"Pseudopyrenochaeta","Plant_Pathogen",1,"B_genus","Ascomycota","Dothideomycetes","Pleosporales","Pseudopyrenochaetaceae"
"Pseudopyrenula","Lichenized",1,"B_genus","Ascomycota","Dothideomycetes","Trypetheliales","Trypetheliaceae"
"Pseudopyricularia","Necrotrophic_plant_pathogen Plant_Pathogen",2,"B_genus","Ascomycota","Sordariomycetes","Magnaporthales","Pyriculariaceae"
"Pseudoramonia","Lichenized",1,"B_genus","Ascomycota","Lecanoromycetes","Ostropales","Graphidaceae"
"Pseudorobillarda","Lichen_Parasite",1,"B_genus","Ascomycota","Dothideomycetes","Incertae sedis","Incertae sedis"
"Pseudosagedia","Lichenized",1,"B_genus","Ascomycota","Lecanoromycetes","Ostropales","Porinaceae"
"Pseudoschismatomma","Lichenized",1,"B_genus","Ascomycota","Arthoniomycetes","Arthoniales","Roccellaceae"
"Pseudoseptoria","Lichen_Parasite Necrotrophic_plant_pathogen Plant_Pathogen",3,"B_genus","Ascomycota","Dothideomycetes","Dothideales","Saccotheciaceae"
"Pseudosperma","Ectomycorrhizal",1,"B_genus","Basidiomycota","Agaricomycetes","Agaricales","Inocybaceae"
"Pseudostigmidium","Lichen_Parasite",1,"B_genus","Ascomycota","Dothideomycetes","Mycosphaerellales","Mycosphaerellaceae"
"Pseudosydowia","Endophyte Plant_Pathogen",2,"B_genus","Ascomycota","Dothideomycetes","Dothideales","Saccotheciaceae"
"Pseudotaeniolina","Endophyte",1,"B_genus","Ascomycota","Dothideomycetes","Capnodiales","Incertae sedis"
"Pseudoteratosphaeria","Plant_Pathogen",1,"B_genus","Ascomycota","Dothideomycetes","Mycosphaerellales","Teratosphaeriaceae"
"Pseudothelomma","Lichenized",1,"B_genus","Ascomycota","Lecanoromycetes","Caliciales","Caliciaceae"
"Pseudothis","Plant_Pathogen",1,"B_genus","Ascomycota","Sordariomycetes","Diaporthales","Incertae sedis"
"Pseudotomentella","Ectomycorrhizal",1,"B_genus","Basidiomycota","Agaricomycetes","Thelephorales","Thelephoraceae"
"Pseudotopeliopsis","Lichenized",1,"B_genus","Ascomycota","Lecanoromycetes","Ostropales","Graphidaceae"
"Pseudotracya","Plant_Pathogen",1,"B_genus","Basidiomycota","Exobasidiomycetes","Doassansiales","Doassansiaceae"
"Pseudotricholoma","Saprotroph",1,"B_genus","Basidiomycota","Agaricomycetes","Agaricales","Tricholomataceae"
"Pseudovalsa","Plant_Pathogen Saprotroph",2,"B_genus","Ascomycota","Sordariomycetes","Diaporthales","Coryneaceae"
"Pseudovalsaria","Endophyte",1,"B_genus","Ascomycota","Sordariomycetes","Boliniales","Boliniaceae"
"Pseudoveronaea","Necrotrophic_plant_pathogen",1,"B_genus","Ascomycota","Incertae sedis","Incertae sedis","Incertae sedis"
"Pseudovirgaria","Fungal_Parasite",1,"B_genus","Ascomycota","Dothideomycetes","Capnodiales","Incertae sedis"
"Pseudowrightoporia","Wood_Saprotroph",1,"B_genus","Basidiomycota","Agaricomycetes","Russulales","Hericiaceae"
"Pseudoxenasma","Wood_Saprotroph",1,"B_genus","Basidiomycota","Agaricomycetes","Russulales","Russulaceae"
"Pseudoyuconia","Saprotroph",1,"B_genus","Ascomycota","Dothideomycetes","Pleosporales","Pleosporaceae"
"Pseudozasmidium","Necrotrophic_plant_pathogen Plant_Pathogen",2,"B_genus","Ascomycota","Dothideomycetes","Mycosphaerellales","Mycosphaerellaceae"
"Pseudozyma","Biotrophic_plant_pathogen Endophyte Human_Pathogen Plant_Pathogen",4,"B_genus","Basidiomycota","Ustilaginomycetes","Ustilaginales","Ustilaginaceae"
"Psilocybe","Dung_Saprotroph Plant_Pathogen Saprotroph Wood_Saprotroph",4,"B_genus","Basidiomycota","Agaricomycetes","Agaricales","Hymenogastraceae"
"Psiloglonium","Saprotroph",1,"B_genus","Ascomycota","Dothideomycetes","Mytilinidiales","Gloniaceae"
"Psilolechia","Lichenized",1,"B_genus","Ascomycota","Lecanoromycetes","Lecanorales","Psilolechiaceae"
"Psiloparmelia","Lichenized",1,"B_genus","Ascomycota","Lecanoromycetes","Lecanorales","Parmeliaceae"
"Psora","Lichenized",1,"B_genus","Ascomycota","Lecanoromycetes","Lecanorales","Psoraceae"
"Psoroglaena","Lichen_Parasite Lichenized",2,"B_genus","Ascomycota","Eurotiomycetes","Verrucariales","Verrucariaceae"
"Psoroma","Lichenized",1,"B_genus","Ascomycota","Lecanoromycetes","Peltigerales","Pannariaceae"
"Psoromaria","Lichenized",1,"B_genus","Ascomycota","Lecanoromycetes","Peltigerales","Pannariaceae"
"Psoronactis","Lichenized",1,"B_genus","Ascomycota","Arthoniomycetes","Arthoniales","Roccellaceae"
"Psorophorus","Lichenized",1,"B_genus","Ascomycota","Lecanoromycetes","Peltigerales","Pannariaceae"
"Psorotheciopsis","Lichenized",1,"B_genus","Ascomycota","Lecanoromycetes","Ostropales","Gomphillaceae"
"Psorotichia","Lichenized",1,"B_genus","Ascomycota","Lichinomycetes","Lichinales","Lichinaceae"
"Pterula","Saprotroph",1,"B_genus","Basidiomycota","Agaricomycetes","Agaricales","Pterulaceae"
"Pterulicium","Saprotroph",1,"B_genus","Basidiomycota","Agaricomycetes","Agaricales","Pterulaceae"
"Pterygiopsis","Lichenized",1,"B_genus","Ascomycota","Lichinomycetes","Lichinales","Lichinaceae"
"Ptychographa","Lichenized",1,"B_genus","Ascomycota","Lecanoromycetes","Incertae sedis","Xylographaceae"
"Puccinia","Biotrophic_plant_pathogen",1,"B_genus","Basidiomycota","Pucciniomycetes","Pucciniales","Pucciniaceae"
"Pucciniastrum","Biotrophic_plant_pathogen",1,"B_genus","Basidiomycota","Pucciniomycetes","Pucciniales","Pucciniastraceae"
"Pucciniosira","Biotrophic_plant_pathogen",1,"B_genus","Basidiomycota","Pucciniomycetes","Pucciniales","Pucciniosiraceae"
"Puiggariella","Lichenized",1,"B_genus","Ascomycota","Dothideomycetes","Strigulales","Strigulaceae"
"Puiggarina","Necrotrophic_plant_pathogen",1,"B_genus","Ascomycota","Sordariomycetes","Phyllachorales","Phyllachoraceae"
"Pulchroboletus","Ectomycorrhizal",1,"B_genus","Basidiomycota","Agaricomycetes","Boletales","Boletaceae"
"Pulchrocladia","Lichenized",1,"B_genus","Ascomycota","Lecanoromycetes","Lecanorales","Cladoniaceae"
"Pulveroboletus","Ectomycorrhizal",1,"B_genus","Basidiomycota","Agaricomycetes","Boletales","Boletaceae"
"Punctelia","Lichen_Parasite Lichenized",2,"B_genus","Ascomycota","Lecanoromycetes","Lecanorales","Parmeliaceae"
"Punctularia","Wood_Saprotroph",1,"B_genus","Basidiomycota","Agaricomycetes","Corticiales","Punctulariaceae"
"Punctulariopsis","Wood_Saprotroph",1,"B_genus","Basidiomycota","Agaricomycetes","Corticiales","Punctulariaceae"
"Purpureocillium","Insect_Pathogen",1,"B_genus","Ascomycota","Sordariomycetes","Hypocreales","Ophiocordycipitaceae"
"Puttea","Lichenized",1,"B_genus","Ascomycota","Lecanoromycetes","Lecanorales","Incertae sedis"
"Pycnidiochaeta","Plant_Pathogen Saprotroph",2,"B_genus","Ascomycota","Sordariomycetes","Incertae sedis","Incertae sedis"
"Pycnopleiospora","Plant_Pathogen",1,"B_genus","Ascomycota","Incertae sedis","Incertae sedis","Incertae sedis"
"Pycnoporellus","Wood_Saprotroph",1,"B_genus","Basidiomycota","Agaricomycetes","Polyporales","Pycnoporellaceae"
"Pycnoporus","Wood_Saprotroph",1,"B_genus","Basidiomycota","Agaricomycetes","Polyporales","Polyporaceae"
"Pycnora","Lichenized",1,"B_genus","Ascomycota","Candelariomycetes","Candelariales","Pycnoraceae"
"Pycnothelia","Lichenized",1,"B_genus","Ascomycota","Lecanoromycetes","Lecanorales","Cladoniaceae"
"Pycnotrema","Lichenized",1,"B_genus","Ascomycota","Lecanoromycetes","Ostropales","Graphidaceae"
"Pyrenidium","Lichen_Parasite",1,"B_genus","Ascomycota","Dothideomycetes","Pleosporales","Pyrenidiaceae"
"Pyrenobotrys","Plant_Pathogen",1,"B_genus","Ascomycota","Dothideomycetes","Venturiales","Venturiaceae"
"Pyrenocarpon","Lichenized",1,"B_genus","Ascomycota","Lichinomycetes","Lichinales","Lichinaceae"
"Pyrenochaeta","Lichen_Parasite Plant_Pathogen Saprotroph",3,"B_genus","Ascomycota","Dothideomycetes","Incertae sedis","Incertae sedis"
"Pyrenochaetopsis","Endophyte Lichen_Parasite",2,"B_genus","Ascomycota","Dothideomycetes","Pleosporales","Cucurbitariaceae"
"Pyrenocollema","Lichenized",1,"B_genus","Ascomycota","Incertae sedis","Incertae sedis","Incertae sedis"
"Pyrenodesmia","Lichenized",1,"B_genus","Ascomycota","Lecanoromycetes","Teloschistales","Teloschistaceae"
"Pyrenopeziza","Plant_Pathogen",1,"B_genus","Ascomycota","Leotiomycetes","Helotiales","Ploettnerulaceae"
"Pyrenophora","Endophyte Necrotrophic_plant_pathogen Plant_Pathogen Saprotroph",4,"B_genus","Ascomycota","Dothideomycetes","Pleosporales","Pleosporaceae"
"Pyrenopsis","Lichenized",1,"B_genus","Ascomycota","Lichinomycetes","Lichinales","Lichinaceae"
"Pyrenothrix","Lichen_Parasite Lichenized",2,"B_genus","Ascomycota","Eurotiomycetes","Chaetothyriales","Pyrenotrichaceae"
"Pyrenula","Lichen_Parasite Lichenized Saprotroph",3,"B_genus","Ascomycota","Eurotiomycetes","Pyrenulales","Pyrenulaceae"
"Pyrgidium","Lichenized",1,"B_genus","Ascomycota","Eurotiomycetes","Mycocaliciales","Sphinctrinaceae"
"Pyrgillus","Lichenized",1,"B_genus","Ascomycota","Eurotiomycetes","Pyrenulales","Pyrenulaceae"
"Pyricularia","Necrotrophic_plant_pathogen Plant_Pathogen",2,"B_genus","Ascomycota","Sordariomycetes","Magnaporthales","Pyriculariaceae"
"Pyriculariopsis","Endophyte Plant_Pathogen",2,"B_genus","Ascomycota","Incertae sedis","Incertae sedis","Incertae sedis"
"Pyrofomes","Necrotrophic_plant_pathogen Plant_Pathogen Wood_Saprotroph",3,"B_genus","Basidiomycota","Agaricomycetes","Polyporales","Polyporaceae"
"Pyronema","Saprotroph",1,"B_genus","Ascomycota","Pezizomycetes","Pezizales","Pyronemataceae"
"Pyrrhoderma","Plant_Pathogen",1,"B_genus","Basidiomycota","Agaricomycetes","Hymenochaetales","Hymenochaetaceae"
"Pyrrhospora","Lichenized",1,"B_genus","Ascomycota","Lecanoromycetes","Lecanorales","Lecanoraceae"
"Pyxine","Lichenized",1,"B_genus","Ascomycota","Lecanoromycetes","Caliciales","Caliciaceae"
"Quambalaria","Necrotrophic_plant_pathogen",1,"B_genus","Basidiomycota","Exobasidiomycetes","Microstromatales","Quambalariaceae"
"Questieriella","Biotrophic_plant_pathogen",2,"B_genus","Ascomycota","Dothideomycetes","Incertae sedis","Englerulaceae"
"Racheliella","Necrotrophic_plant_pathogen",1,"B_genus","Ascomycota","Sordariomycetes","Diaporthales","Tubakiaceae"
"Rachicladosporium","Necrotrophic_plant_pathogen",1,"B_genus","Ascomycota","Dothideomycetes","Capnodiales","Cladosporiaceae"
"Racocetra","Arbuscular_Mycorrhizal",1,"B_genus","Glomeromycota","Glomeromycetes","Diversisporales","Gigasporaceae"
"Radulodon","Wood_Saprotroph",1,"B_genus","Basidiomycota","Agaricomycetes","Polyporales","Cerrenaceae"
"Radulomyces","Wood_Saprotroph",1,"B_genus","Basidiomycota","Agaricomycetes","Agaricales","Radulomycetaceae"
"Raffaelea","Plant_Pathogen",1,"B_genus","Ascomycota","Sordariomycetes","Ophiostomatales","Ophiostomataceae"
"Ragnhildiana","Necrotrophic_plant_pathogen Plant_Pathogen",2,"B_genus","Ascomycota","Dothideomycetes","Mycosphaerellales","Mycosphaerellaceae"
"Ramalina","Lichenized",1,"B_genus","Ascomycota","Lecanoromycetes","Lecanorales","Ramalinaceae"
"Ramalodium","Lichenized",1,"B_genus","Ascomycota","Lecanoromycetes","Peltigerales","Pannariaceae"
"Ramaria","Ectomycorrhizal Saprotroph",2,"B_genus","Basidiomycota","Agaricomycetes","Gomphales","Gomphaceae"
"Ramariopsis","Saprotroph",1,"B_genus","Basidiomycota","Agaricomycetes","Agaricales","Clavariaceae"
"Ramboldia","Lichen_Parasite Lichenized",2,"B_genus","Ascomycota","Lecanoromycetes","Lecanorales","Ramboldiaceae"
"Ramichloridium","Endophyte Lichen_Parasite Necrotrophic_plant_pathogen Plant_Pathogen Saprotroph",5,"B_genus","Ascomycota","Dothideomycetes","Mycosphaerellales","Mycosphaerellaceae"
"Ramonia","Lichen_Parasite Lichenized",2,"B_genus","Ascomycota","Lecanoromycetes","Gyalectales","Gyalectaceae"
"Ramularia","Endophyte Necrotrophic_plant_pathogen Plant_Pathogen",3,"B_genus","Ascomycota","Dothideomycetes","Mycosphaerellales","Mycosphaerellaceae"
"Ramulariopsis","Necrotrophic_plant_pathogen",1,"B_genus","Ascomycota","Dothideomycetes","Mycosphaerellales","Mycosphaerellaceae"
"Ramulaspera","Necrotrophic_plant_pathogen",1,"B_genus","Ascomycota","Incertae sedis","Incertae sedis","Incertae sedis"
"Ramulispora","Necrotrophic_plant_pathogen Plant_Pathogen",2,"B_genus","Ascomycota","Dothideomycetes","Mycosphaerellales","Mycosphaerellaceae"
"Ranadivia","Wood_Saprotroph",1,"B_genus","Basidiomycota","Agaricomycetes","Polyporales","Fomitopsidaceae"
"Rasamsonia","Human_Pathogen Wood_Saprotroph",2,"B_genus","Ascomycota","Eurotiomycetes","Eurotiales","Aspergillaceae"
"Rasutoria","Plant_Pathogen",1,"B_genus","Ascomycota","Dothideomycetes","Incertae sedis","Euantennariaceae"
"Ravenelia","Biotrophic_plant_pathogen",1,"B_genus","Basidiomycota","Pucciniomycetes","Pucciniales","Raveneliaceae"
"Readeriella","Necrotrophic_plant_pathogen Plant_Pathogen",2,"B_genus","Ascomycota","Dothideomycetes","Mycosphaerellales","Teratosphaeriaceae"
"Rebentischia","Saprotroph",1,"B_genus","Ascomycota","Dothideomycetes","Tubeufiales","Tubeufiaceae"
"Reconditella","Lichen_Parasite",1,"B_genus","Ascomycota","Sordariomycetes","Sordariales","Incertae sedis"
"Rectifusarium","Saprotroph",1,"B_genus","Ascomycota","Sordariomycetes","Hypocreales","Nectriaceae"
"Rectipilus","Saprotroph",1,"B_genus","Basidiomycota","Agaricomycetes","Agaricales","Incertae sedis"
"Redeckera","Arbuscular_Mycorrhizal",1,"B_genus","Glomeromycota","Glomeromycetes","Diversisporales","Diversisporaceae"
"Redheadia","Plant_Pathogen",1,"B_genus","Ascomycota","Leotiomycetes","Helotiales","Sclerotiniaceae"
"Redingeria","Lichenized",1,"B_genus","Ascomycota","Lecanoromycetes","Ostropales","Graphidaceae"
"Redonographa","Lichenized",1,"B_genus","Ascomycota","Lecanoromycetes","Ostropales","Redonographaceae"
"Refractohilum","Lichen_Parasite",1,"B_genus","Ascomycota","Incertae sedis","Incertae sedis","Incertae sedis"
"Regiocrella","Insect_Pathogen",1,"B_genus","Ascomycota","Sordariomycetes","Hypocreales","Clavicipitaceae"
"Rehmanniella","Lichenized",1,"B_genus","Ascomycota","Lecanoromycetes","Teloschistales","Teloschistaceae"
"Rehmiodothis","Plant_Pathogen",1,"B_genus","Ascomycota","Sordariomycetes","Phyllachorales","Phyllachoraceae"
"Reichlingia","Lichenized",1,"B_genus","Ascomycota","Arthoniomycetes","Arthoniales","Arthoniaceae"
"Reimnitzia","Lichenized",1,"B_genus","Ascomycota","Lecanoromycetes","Ostropales","Graphidaceae"
"Relicina","Lichenized",1,"B_genus","Ascomycota","Lecanoromycetes","Lecanorales","Parmeliaceae"
"Remotididymella","Necrotrophic_plant_pathogen Plant_Pathogen",2,"B_genus","Ascomycota","Dothideomycetes","Pleosporales","Incertae sedis"
"Remototrachyna","Lichenized",1,"B_genus","Ascomycota","Lecanoromycetes","Lecanorales","Parmeliaceae"
"Repetobasidium","Saprotroph",1,"B_genus","Basidiomycota","Agaricomycetes","Cantharellales","Hydnaceae"
"Repetoblastiella","Saprotroph",1,"B_genus","Ascomycota","Incertae sedis","Incertae sedis","Incertae sedis"
"Resinicium","Necrotrophic_plant_pathogen Wood_Saprotroph",2,"B_genus","Basidiomycota","Agaricomycetes","Hymenochaetales","Rickenellaceae"
"Resiniporus","Wood_Saprotroph",1,"B_genus","Basidiomycota","Agaricomycetes","Polyporales","Irpicaceae"
"Resinomycena","Saprotroph",1,"B_genus","Basidiomycota","Agaricomycetes","Agaricales","Mycenaceae"
"Resinoporia","Wood_Saprotroph",1,"B_genus","Basidiomycota","Agaricomycetes","Polyporales","Fomitopsidaceae"
"Restilago","Plant_Pathogen",1,"B_genus","Basidiomycota","Wallemiomycetes","Incertae sedis","Incertae sedis"
"Restiosporium","Plant_Pathogen",1,"B_genus","Basidiomycota","Ustilaginomycetes","Ustilaginales","Websdaneaceae"
"Resupinatus","Nematode_Trapping Wood_Saprotroph",2,"B_genus","Basidiomycota","Agaricomycetes","Agaricales","Pleurotaceae"
"Retiboletus","Ectomycorrhizal",1,"B_genus","Basidiomycota","Agaricomycetes","Boletales","Boletaceae"
"Retroconis","Endophyte",1,"B_genus","Ascomycota","Incertae sedis","Incertae sedis","Incertae sedis"
"Rexiella","Lichenized",1,"B_genus","Ascomycota","Lecanoromycetes","Lecanorales","Cladoniaceae"
"Rhabdocline","Plant_Pathogen",1,"B_genus","Ascomycota","Leotiomycetes","Helotiales","Cenangiaceae"
"Rhabdodiscus","Lichenized",1,"B_genus","Ascomycota","Lecanoromycetes","Ostropales","Graphidaceae"
"Rhabdogloeum","Plant_Pathogen",1,"B_genus","Ascomycota","Leotiomycetes","Helotiales","Cenangiaceae"
"Rhabdospora","Lichen_Parasite Plant_Pathogen",2,"B_genus","Ascomycota","Dothideomycetes","Mycosphaerellales","Mycosphaerellaceae"
"Rhachisphaerella","Plant_Pathogen",1,"B_genus","Ascomycota","Dothideomycetes","Mycosphaerellales","Mycosphaerellaceae"
"Rhacodiella","Plant_Pathogen",1,"B_genus","Ascomycota","Leotiomycetes","Helotiales","Sclerotiniaceae"
"Rhacodiopsis","Lichenized",1,"B_genus","Ascomycota","Eurotiomycetes","Chaetothyriales","Herpotrichiellaceae"
"Rhagadolobiopsis","Necrotrophic_plant_pathogen",1,"B_genus","Ascomycota","Dothideomycetes","Asterinales","Parmulariaceae"
"Rhagadostoma","Lichen_Parasite",1,"B_genus","Ascomycota","Sordariomycetes","Coronophorales","Nitschkiaceae"
"Rhagadostomella","Lichen_Parasite",1,"B_genus","Ascomycota","Sordariomycetes","Coronophorales","Nitschkiaceae"
"Rhamphospora","Plant_Pathogen",1,"B_genus","Basidiomycota","Exobasidiomycetes","Doassansiales","Rhamphosporaceae"
"Rhaphidicyrtis","Lichenized",1,"B_genus","Ascomycota","Eurotiomycetes","Pyrenulales","Incertae sedis"
"Rheubarbariboletus","Ectomycorrhizal",1,"B_genus","Basidiomycota","Agaricomycetes","Boletales","Boletaceae"
"Rhexocercosporidium","Necrotrophic_plant_pathogen Plant_Pathogen",2,"B_genus","Ascomycota","Leotiomycetes","Helotiales","Incertae sedis"
"Rhexophiale","Lichenized",1,"B_genus","Ascomycota","Lecanoromycetes","Ostropales","Sagiolechiaceae"
"Rhinocladiella","Human_Pathogen Necrotrophic_plant_pathogen",2,"B_genus","Ascomycota","Eurotiomycetes","Chaetothyriales","Herpotrichiellaceae"
"Rhizina","Necrotrophic_plant_pathogen",1,"B_genus","Ascomycota","Pezizomycetes","Pezizales","Rhizinaceae"
"Rhizocalyx","Plant_Pathogen",1,"B_genus","Ascomycota","Leotiomycetes","Helotiales","Incertae sedis"
"Rhizocarpon","Lichen_Parasite Lichenized",2,"B_genus","Ascomycota","Lecanoromycetes","Rhizocarpales","Rhizocarpaceae"
"Rhizochaete","Plant_Pathogen Wood_Saprotroph",2,"B_genus","Basidiomycota","Agaricomycetes","Polyporales","Phanerochaetaceae"
"Rhizoctonia","Endophyte Necrotrophic_plant_pathogen Plant_Pathogen",3,"B_genus","Basidiomycota","Agaricomycetes","Cantharellales","Ceratobasidiaceae"
"Rhizocybe","Saprotroph",1,"B_genus","Basidiomycota","Agaricomycetes","Agaricales","Incertae sedis"
"Rhizoglomus","Arbuscular_Mycorrhizal",1,"B_genus","Glomeromycota","Glomeromycetes","Glomerales","Glomeraceae"
"Rhizomarasmius","Saprotroph",1,"B_genus","Basidiomycota","Agaricomycetes","Agaricales","Physalacriaceae"
"Rhizomorpha","Plant_Pathogen",1,"B_genus","Basidiomycota","Agaricomycetes","Agaricales","Marasmiaceae"
"Rhizomucor","Human_Pathogen",1,"B_genus","Mucoromycota","Mucoromycetes","Mucorales","Lichtheimiaceae"
"Rhizophagus","Arbuscular_Mycorrhizal",1,"B_genus","Glomeromycota","Glomeromycetes","Glomerales","Glomeraceae"
"Rhizophlyctis","Saprotroph",1,"B_genus","Chytridiomycota","Chytridiomycetes","Rhizophlyctidales","Rhizophlyctidaceae"
"Rhizophydium","Plant_Pathogen",1,"B_genus","Chytridiomycota","Rhizophydiomycetes","Rhizophydiales","Rhizophydiaceae"
"Rhizoplaca","Lichenized",1,"B_genus","Ascomycota","Lecanoromycetes","Lecanorales","Lecanoraceae"
"Rhizopogon","Ectomycorrhizal",1,"B_genus","Basidiomycota","Agaricomycetes","Boletales","Rhizopogonaceae"
"Rhizopus","Dung_Saprotroph Endophyte Human_Pathogen Necrotrophic_plant_pathogen Plant_Pathogen Saprotroph",6,"B_genus","Mucoromycota","Mucoromycetes","Mucorales","Rhizopodaceae"
"Rhizosphaera","Necrotrophic_plant_pathogen Plant_Pathogen",2,"B_genus","Ascomycota","Dothideomycetes","Venturiales","Venturiaceae"
"Rhizostilbella","Plant_Pathogen Saprotroph",2,"B_genus","Ascomycota","Pezizomycetes","Pezizales","Ascobolaceae"
"Rhizothyrium","Plant_Pathogen",1,"B_genus","Ascomycota","Leotiomycetes","Helotiales","Incertae sedis"
"Rhodocollybia","Ectomycorrhizal Saprotroph",2,"B_genus","Basidiomycota","Agaricomycetes","Agaricales","Omphalotaceae"
"Rhodocybe","Fungal_Parasite Saprotroph",2,"B_genus","Basidiomycota","Agaricomycetes","Agaricales","Entolomataceae"
"Rhodofomes","Wood_Saprotroph",1,"B_genus","Basidiomycota","Agaricomycetes","Polyporales","Fomitopsidaceae"
"Rhodofomitopsis","Wood_Saprotroph",1,"B_genus","Basidiomycota","Agaricomycetes","Polyporales","Fomitopsidaceae"
"Rhodonia","Wood_Saprotroph",1,"B_genus","Basidiomycota","Agaricomycetes","Polyporales","Polyporaceae"
"Rhodophana","Fungal_Parasite Saprotroph",2,"B_genus","Basidiomycota","Agaricomycetes","Agaricales","Entolomataceae"
"Rhodotorula","Endophyte Human_Pathogen Saprotroph",3,"B_genus","Basidiomycota","Microbotryomycetes","Sporidiobolales","Sporidiobolaceae"
"Rhodotus","Wood_Saprotroph",1,"B_genus","Basidiomycota","Agaricomycetes","Agaricales","Physalacriaceae"
"Rhopalomyces","Nematode_Pathogen",1,"B_genus","Zoopagomycota","Zoopagomycetes","Zoopagales","Helicocephalidaceae"
"Rhopographus","Plant_Pathogen",1,"B_genus","Ascomycota","Dothideomycetes","Incertae sedis","Incertae sedis"
"Rhymbocarpus","Lichen_Parasite",1,"B_genus","Ascomycota","Leotiomycetes","Helotiales","Cordieritidaceae"
"Rhynchobrunnera","Plant_Pathogen",1,"B_genus","Ascomycota","Leotiomycetes","Helotiales","Ploettnerulaceae"
"Rhynchomeliola","Lichen_Parasite",1,"B_genus","Ascomycota","Eurotiomycetes","Incertae sedis","Rhynchostomataceae"
"Rhynchophoma","Plant_Pathogen",1,"B_genus","Ascomycota","Sordariomycetes","Incertae sedis","Lentomitellaceae"
"Rhynchosporina","Necrotrophic_plant_pathogen",1,"B_genus","Ascomycota","Incertae sedis","Incertae sedis","Incertae sedis"
"Rhynchosporium","Necrotrophic_plant_pathogen Plant_Pathogen",2,"B_genus","Ascomycota","Leotiomycetes","Helotiales","Ploettnerulaceae"
"Rhytidhysteron","Plant_Pathogen",1,"B_genus","Ascomycota","Dothideomycetes","Patellariales","Patellariaceae"
"Rhytisma","Necrotrophic_plant_pathogen Plant_Pathogen",2,"B_genus","Ascomycota","Leotiomycetes","Rhytismatales","Rhytismataceae"
"Ricasolia","Lichenized",1,"B_genus","Ascomycota","Lecanoromycetes","Peltigerales","Lobariaceae"
"Rickenella","Plant_Pathogen",1,"B_genus","Basidiomycota","Agaricomycetes","Hymenochaetales","Rickenellaceae"
"Rickiopora","Wood_Saprotroph",1,"B_genus","Basidiomycota","Agaricomycetes","Polyporales","Incertae sedis"
"Riessia","Ectomycorrhizal",1,"B_genus","Basidiomycota","Agaricomycetes","Incertae sedis","Incertae sedis"
"Riessiella","Ectomycorrhizal",1,"B_genus","Basidiomycota","Agaricomycetes","Incertae sedis","Incertae sedis"
"Rigidoporus","Necrotrophic_plant_pathogen Plant_Pathogen Wood_Saprotroph",3,"B_genus","Basidiomycota","Agaricomycetes","Polyporales","Meripilaceae"
"Rimbachia","Saprotroph",1,"B_genus","Basidiomycota","Agaricomycetes","Agaricales","Incertae sedis"
"Rimelia","Lichenized",1,"B_genus","Ascomycota","Lecanoromycetes","Lecanorales","Parmeliaceae"
"Rimularia","Lichenized",1,"B_genus","Ascomycota","Lecanoromycetes","Incertae sedis","Trapeliaceae"
"Rinodina","Lichen_Parasite Lichenized",2,"B_genus","Ascomycota","Lecanoromycetes","Caliciales","Physciaceae"
"Rinodinella","Lichenized",1,"B_genus","Ascomycota","Lecanoromycetes","Caliciales","Physciaceae"
"Riopa","Wood_Saprotroph",1,"B_genus","Basidiomycota","Agaricomycetes","Polyporales","Phanerochaetaceae"
"Ripartites","Saprotroph",1,"B_genus","Basidiomycota","Agaricomycetes","Agaricales","Incertae sedis"
"Roccella","Lichenized",1,"B_genus","Ascomycota","Arthoniomycetes","Arthoniales","Roccellaceae"
"Roccellina","Lichenized",1,"B_genus","Ascomycota","Arthoniomycetes","Arthoniales","Roccellaceae"
"Roccellinastrum","Lichenized",1,"B_genus","Ascomycota","Lecanoromycetes","Lecanorales","Byssolomataceae"
"Roccellographa","Lichenized",1,"B_genus","Ascomycota","Arthoniomycetes","Arthoniales","Roccellographaceae"
"Rockefellera","Lichenized",1,"B_genus","Ascomycota","Lecanoromycetes","Peltigerales","Pannariaceae"
"Roesleria","Plant_Pathogen",1,"B_genus","Ascomycota","Leotiomycetes","Helotiales","Helotiaceae"
"Rolfidium","Lichenized",1,"B_genus","Ascomycota","Lecanoromycetes","Lecanorales","Ramalinaceae"
"Rolueckia","Lichenized",1,"B_genus","Ascomycota","Lecanoromycetes","Ostropales","Gomphillaceae"
"Romjularia","Lichenized",1,"B_genus","Ascomycota","Lecanoromycetes","Lecideales","Lecideaceae"
"Ropalospora","Lichenized",1,"B_genus","Ascomycota","Lecanoromycetes","Schaereriales","Schaereriaceae"
"Roridomyces","Saprotroph",1,"B_genus","Basidiomycota","Agaricomycetes","Agaricales","Mycenaceae"
"Rosellinia","Endophyte Plant_Pathogen Saprotroph",3,"B_genus","Ascomycota","Sordariomycetes","Xylariales","Xylariaceae"
"Roselliniella","Lichen_Parasite",1,"B_genus","Ascomycota","Sordariomycetes","Sordariales","Incertae sedis"
"Roselliniomyces","Lichen_Parasite",1,"B_genus","Ascomycota","Sordariomycetes","Sordariales","Incertae sedis"
"Roselliniopsis","Lichen_Parasite",1,"B_genus","Ascomycota","Sordariomycetes","Sordariales","Incertae sedis"
"Rosellinula","Lichen_Parasite",1,"B_genus","Ascomycota","Dothideomycetes","Incertae sedis","Incertae sedis"
"Rosenscheldiella","Plant_Pathogen",1,"B_genus","Ascomycota","Dothideomycetes","Venturiales","Venturiaceae"
"Roseodiscus","Endophyte",1,"B_genus","Ascomycota","Leotiomycetes","Helotiales","Incertae sedis"
"Rosisphaerella","Necrotrophic_plant_pathogen",1,"B_genus","Ascomycota","Dothideomycetes","Mycosphaerellales","Mycosphaerellaceae"
"Rossbeevera","Ectomycorrhizal",1,"B_genus","Basidiomycota","Agaricomycetes","Boletales","Boletaceae"
"Rossmania","Plant_Pathogen",1,"B_genus","Ascomycota","Sordariomycetes","Incertae sedis","Incertae sedis"
"Rossmanomyces","Biotrophic_plant_pathogen",1,"B_genus","Basidiomycota","Pucciniomycetes","Pucciniales","Coleosporiaceae"
"Rostania","Lichenized",1,"B_genus","Ascomycota","Lecanoromycetes","Peltigerales","Collemataceae"
"Rostraureum","Plant_Pathogen",1,"B_genus","Ascomycota","Sordariomycetes","Diaporthales","Cryphonectriaceae"
"Royoungia","Ectomycorrhizal",1,"B_genus","Basidiomycota","Agaricomycetes","Boletales","Boletaceae"
"Rubellofomes","Plant_Pathogen Wood_Saprotroph",2,"B_genus","Basidiomycota","Agaricomycetes","Polyporales","Fomitopsidaceae"
"Rubroboletus","Ectomycorrhizal",1,"B_genus","Basidiomycota","Agaricomycetes","Boletales","Boletaceae"
"Rubrotricha","Lichenized",1,"B_genus","Ascomycota","Lecanoromycetes","Ostropales","Gomphillaceae"
"Rufoplaca","Lichen_Parasite Lichenized",2,"B_genus","Ascomycota","Lecanoromycetes","Teloschistales","Teloschistaceae"
"Ruggieria","Plant_Pathogen",1,"B_genus","Ascomycota","Incertae sedis","Incertae sedis","Incertae sedis"
"Rugiboletus","Ectomycorrhizal",1,"B_genus","Basidiomycota","Agaricomycetes","Boletales","Boletaceae"
"Rugonectria","Plant_Pathogen",1,"B_genus","Ascomycota","Sordariomycetes","Hypocreales","Incertae sedis"
"Rugosomyces","Saprotroph",1,"B_genus","Basidiomycota","Agaricomycetes","Agaricales","Lyophyllaceae"
"Ruptoseptoria","Plant_Pathogen",1,"B_genus","Ascomycota","Dothideomycetes","Mycosphaerellales","Mycosphaerellaceae"
"Rusavskia","Lichenized",1,"B_genus","Ascomycota","Lecanoromycetes","Teloschistales","Teloschistaceae"
"Russula","Ectomycorrhizal Saprotroph",2,"B_genus","Basidiomycota","Agaricomycetes","Russulales","Russulaceae"
"Rutstroemia","Plant_Pathogen",1,"B_genus","Ascomycota","Leotiomycetes","Helotiales","Rutstroemiaceae"
"Ryvardenia","Plant_Pathogen Wood_Saprotroph",2,"B_genus","Basidiomycota","Agaricomycetes","Polyporales","Incertae sedis"
"Sabahriopsis","Necrotrophic_plant_pathogen",1,"B_genus","Ascomycota","Leotiomycetes","Helotiales","Cordieritidaceae"
"Saccardinula","Necrotrophic_plant_pathogen",1,"B_genus","Ascomycota","Dothideomycetes","Myriangiales","Elsinoaceae"
"Saccharata","Endophyte Necrotrophic_plant_pathogen Plant_Pathogen",3,"B_genus","Ascomycota","Dothideomycetes","Botryosphaeriales","Saccharataceae"
"Saccharicola","Plant_Pathogen",1,"B_genus","Ascomycota","Dothideomycetes","Pleosporales","Phaeosphaeriaceae"
"Saccharomyces","Human_Pathogen Saprotroph",2,"B_genus","Ascomycota","Saccharomycetes","Saccharomycetales","Saccharomycetaceae"
"Saccharomycopsis","Human_Pathogen",1,"B_genus","Ascomycota","Saccharomycetes","Saccharomycetales","Saccharomycopsidaceae"
"Saccobolus","Dung_Saprotroph",1,"B_genus","Ascomycota","Pezizomycetes","Pezizales","Ascobolaceae"
"Saccosoma","Insect_Pathogen",1,"B_genus","Basidiomycota","Atractiellomycetes","Atractiellales","Phleogenaceae"
"Saccothecium","Saprotroph",1,"B_genus","Ascomycota","Dothideomycetes","Dothideales","Saccotheciaceae"
"Sacculospora","Arbuscular_Mycorrhizal",1,"B_genus","Glomeromycota","Glomeromycetes","Diversisporales","Acaulosporaceae"
"Sagaranella","Fungal_Parasite Saprotroph",2,"B_genus","Basidiomycota","Agaricomycetes","Agaricales","Lyophyllaceae"
"Sagedia","Lichenized",1,"B_genus","Ascomycota","Lecanoromycetes","Pertusariales","Megasporaceae"
"Sagediopsis","Lichen_Parasite",1,"B_genus","Ascomycota","Eurotiomycetes","Verrucariales","Adelococcaceae"
"Sagenidiopsis","Lichenized",1,"B_genus","Ascomycota","Arthoniomycetes","Arthoniales","Roccellaceae"
"Sagiolechia","Lichenized",1,"B_genus","Ascomycota","Lecanoromycetes","Ostropales","Sagiolechiaceae"
"Saksenaea","Human_Pathogen",1,"B_genus","Mucoromycota","Mucoromycetes","Mucorales","Saksenaeaceae"
"Salmacisia","Biotrophic_plant_pathogen",1,"B_genus","Basidiomycota","Exobasidiomycetes","Tilletiales","Tilletiaceae"
"Salmonomyces","Biotrophic_plant_pathogen",1,"B_genus","Ascomycota","Leotiomycetes","Helotiales","Erysiphaceae"
"Sammeyersia","Saprotroph",1,"B_genus","Ascomycota","Sordariomycetes","Lulworthiales","Lulworthiaceae"
"Sampaiozyma","Human_Pathogen",1,"B_genus","Basidiomycota","Microbotryomycetes","Incertae sedis","Incertae sedis"
"Samuelsia","Insect_Pathogen",1,"B_genus","Ascomycota","Sordariomycetes","Hypocreales","Clavicipitaceae"
"Sanghuangporus","Plant_Pathogen Wood_Saprotroph",2,"B_genus","Basidiomycota","Agaricomycetes","Hymenochaetales","Hymenochaetaceae"
"Sanguinoderma","Wood_Saprotroph",1,"B_genus","Basidiomycota","Agaricomycetes","Polyporales","Ganodermataceae"
"Sanguinotrema","Lichenized",1,"B_genus","Ascomycota","Lecanoromycetes","Ostropales","Graphidaceae"
"Santessonia","Lichenized",1,"B_genus","Ascomycota","Lecanoromycetes","Caliciales","Caliciaceae"
"Santessoniella","Lichenized",1,"B_genus","Ascomycota","Lecanoromycetes","Peltigerales","Pannariaceae"
"Sarcinella","Plant_Pathogen",1,"B_genus","Ascomycota","Dothideomycetes","Incertae sedis","Englerulaceae"
"Sarcinomyces","Endophyte",1,"B_genus","Ascomycota","Incertae sedis","Incertae sedis","Incertae sedis"
"Sarcodon","Ectomycorrhizal",1,"B_genus","Basidiomycota","Agaricomycetes","Thelephorales","Bankeraceae"
"Sarcodontia","Necrotrophic_plant_pathogen Wood_Saprotroph",2,"B_genus","Basidiomycota","Agaricomycetes","Polyporales","Meruliaceae"
"Sarcoexcipula","Lichen_Parasite",1,"B_genus","Ascomycota","Lecanoromycetes","Gyalectales","Gyalectaceae"
"Sarcographa","Lichenized",1,"B_genus","Ascomycota","Lecanoromycetes","Ostropales","Graphidaceae"
"Sarcographina","Lichenized",1,"B_genus","Ascomycota","Lecanoromycetes","Ostropales","Graphidaceae"
"Sarcogyne","Lichenized",1,"B_genus","Ascomycota","Lecanoromycetes","Acarosporales","Acarosporaceae"
"Sarcomyxa","Wood_Saprotroph",1,"B_genus","Basidiomycota","Agaricomycetes","Agaricales","Sarcomyxaceae"
"Sarcopodium","Plant_Pathogen",1,"B_genus","Ascomycota","Incertae sedis","Incertae sedis","Incertae sedis"
"Sarcopyrenia","Lichen_Parasite Lichenized",2,"B_genus","Ascomycota","Sordariomycetes","Incertae sedis","Incertae sedis"
"Sarcosagium","Lichenized",1,"B_genus","Ascomycota","Incertae sedis","Thelocarpales","Thelocarpaceae"
"Sarcotrochila","Plant_Pathogen",1,"B_genus","Ascomycota","Leotiomycetes","Helotiales","Cenangiaceae"
"Sardiniella","Necrotrophic_plant_pathogen",1,"B_genus","Ascomycota","Dothideomycetes","Botryosphaeriales","Botryosphaeriaceae"
"Sarea","Endophyte Plant_Pathogen Saprotroph",3,"B_genus","Ascomycota","Sareomycetes","Sareales","Sareaceae"
"Sarimanas","Saprotroph",1,"B_genus","Ascomycota","Dothideomycetes","Pleosporales","Melanommataceae"
"Sarocladium","Endophyte Human_Pathogen Necrotrophic_plant_pathogen Wood_Saprotroph",4,"B_genus","Ascomycota","Sordariomycetes","Hypocreales","Incertae sedis"
"Sarrameana","Lichenized",1,"B_genus","Ascomycota","Lecanoromycetes","Incertae sedis","Sarrameanaceae"
"Saturnispora","Human_Pathogen",1,"B_genus","Ascomycota","Saccharomycetes","Saccharomycetales","Saccharomycetaceae"
"Savoronala","Lichenized",1,"B_genus","Ascomycota","Lecanoromycetes","Lecanorales","Malmideaceae"
"Savoryella","Wood_Saprotroph",1,"B_genus","Ascomycota","Sordariomycetes","Savoryellales","Savoryellaceae"
"Sawadaea","Biotrophic_plant_pathogen",1,"B_genus","Ascomycota","Leotiomycetes","Helotiales","Erysiphaceae"
"Scedosporium","Human_Pathogen",1,"B_genus","Ascomycota","Sordariomycetes","Microascales","Microascaceae"
"Schadonia","Lichenized",1,"B_genus","Ascomycota","Lecanoromycetes","Lecanorales","Ramalinaceae"
"Schaereria","Lichenized",1,"B_genus","Ascomycota","Lecanoromycetes","Schaereriales","Schaereriaceae"
"Scheffersomyces","Human_Pathogen Insect_Symbiont Saprotroph",3,"B_genus","Ascomycota","Saccharomycetes","Saccharomycetales","Debaryomycetaceae"
"Schenella","Saprotroph",1,"B_genus","Basidiomycota","Agaricomycetes","Geastrales","Geastraceae"
"Schiffnerula","Biotrophic_plant_pathogen",2,"B_genus","Ascomycota","Dothideomycetes","Incertae sedis","Englerulaceae"
"Schismatomma","Lichen_Parasite Lichenized",2,"B_genus","Ascomycota","Arthoniomycetes","Arthoniales","Roccellaceae"
"Schistophoron","Lichenized",1,"B_genus","Ascomycota","Lecanoromycetes","Ostropales","Graphidaceae"
"Schistoplaca","Lichenized",1,"B_genus","Ascomycota","Lecanoromycetes","Lecanorales","Lecanoraceae"
"Schizangiella","Reptile_Pathogen",1,"B_genus","Zygomycota","Incertae sedis","Basidiobolales","Basidiobolaceae"
"Schizodiscus","Lichenized",1,"B_genus","Ascomycota","Lecanoromycetes","Lecideales","Lecideaceae"
"Schizonella","Plant_Pathogen",1,"B_genus","Basidiomycota","Ustilaginomycetes","Ustilaginales","Anthracoideaceae"
"Schizopelte","Lichenized",1,"B_genus","Ascomycota","Arthoniomycetes","Arthoniales","Opegraphaceae"
"Schizophyllum","Endophyte Human_Pathogen Plant_Pathogen Saprotroph Wood_Saprotroph",5,"B_genus","Basidiomycota","Agaricomycetes","Agaricales","Schizophyllaceae"
"Schizopora","Wood_Saprotroph",1,"B_genus","Basidiomycota","Agaricomycetes","Hymenochaetales","Schizoporaceae"
"Schizothecium","Dung_Saprotroph",1,"B_genus","Ascomycota","Sordariomycetes","Sordariales","Lasiosphaeriaceae"
"Schizothyrium","Plant_Pathogen",1,"B_genus","Ascomycota","Dothideomycetes","Incertae sedis","Schizothyriaceae"
"Schizotrema","Lichenized",1,"B_genus","Ascomycota","Lecanoromycetes","Ostropales","Graphidaceae"
"Schroeteria","Plant_Pathogen",1,"B_genus","Ascomycota","Incertae sedis","Incertae sedis","Incertae sedis"
"Schwanniomyces","Human_Pathogen",1,"B_genus","Ascomycota","Saccharomycetes","Saccharomycetales","Saccharomycetaceae"
"Sclerencoelia","Saprotroph",1,"B_genus","Ascomycota","Leotiomycetes","Helotiales","Sclerotiniaceae"
"Sclerococcum","Lichen_Parasite",1,"B_genus","Ascomycota","Lecanoromycetes","Lecanorales","Dactylosporaceae"
"Sclerocystis","Arbuscular_Mycorrhizal",1,"B_genus","Glomeromycota","Glomeromycetes","Glomerales","Glomeraceae"
"Scleroderma","Ectomycorrhizal",1,"B_genus","Basidiomycota","Agaricomycetes","Boletales","Sclerodermataceae"
"Sclerogaster","Saprotroph",1,"B_genus","Basidiomycota","Agaricomycetes","Boletales","Sclerogastraceae"
"Sclerophoma","Plant_Pathogen",1,"B_genus","Ascomycota","Dothideomycetes","Dothideales","Dothioraceae"
"Sclerophora","Lichenized",1,"B_genus","Ascomycota","Coniocybomycetes","Coniocybales","Coniocybaceae"
"Sclerophyton","Lichenized",1,"B_genus","Ascomycota","Arthoniomycetes","Arthoniales","Opegraphaceae"
"Scleroramularia","Plant_Pathogen",1,"B_genus","Ascomycota","Sordariomycetes","Sordariales","Incertae sedis"
"Sclerostagonospora","Plant_Pathogen",1,"B_genus","Ascomycota","Dothideomycetes","Pleosporales","Phaeosphaeriaceae"
"Sclerotinia","Necrotrophic_plant_pathogen Plant_Pathogen",2,"B_genus","Ascomycota","Leotiomycetes","Helotiales","Sclerotiniaceae"
"Sclerotium","Plant_Pathogen",1,"B_genus","Ascomycota","Dothideomycetes","Capnodiales","Capnodiaceae"
"Sclerotium","Plant_Pathogen",1,"B_genus","Basidiomycota","Agaricomycetes","Agaricales","Typhulaceae"
"Scolecobasidium","Endophyte Human_Pathogen Plant_Pathogen",3,"B_genus","Ascomycota","Incertae sedis","Incertae sedis","Incertae sedis"
"Scolecolachnum","Necrotrophic_plant_pathogen",1,"B_genus","Ascomycota","Leotiomycetes","Helotiales","Hyphodiscaceae"
"Scoleconectria","Plant_Pathogen",1,"B_genus","Ascomycota","Sordariomycetes","Hypocreales","Nectriaceae"
"Scolecostigmina","Necrotrophic_plant_pathogen Plant_Pathogen",2,"B_genus","Ascomycota","Dothideomycetes","Capnodiales","Incertae sedis"
"Scoliciosporum","Lichenized",1,"B_genus","Ascomycota","Lecanoromycetes","Lecanorales","Scoliciosporaceae"
"Scolicotrichum","Plant_Pathogen",1,"B_genus","Ascomycota","Incertae sedis","Incertae sedis","Incertae sedis"
"Scolionema","Plant_Pathogen",1,"B_genus","Ascomycota","Dothideomycetes","Incertae sedis","Parodiopsidaceae"
"Scopulariopsis","Human_Pathogen Necrotrophic_plant_pathogen",2,"B_genus","Ascomycota","Sordariomycetes","Microascales","Microascaceae"
"Scopuloides","Wood_Saprotroph",1,"B_genus","Basidiomycota","Agaricomycetes","Polyporales","Meruliaceae"
"Scorias","Necrotrophic_plant_pathogen",1,"B_genus","Ascomycota","Dothideomycetes","Capnodiales","Capnodiaceae"
"Sculptolumina","Lichenized",1,"B_genus","Ascomycota","Lecanoromycetes","Caliciales","Caliciaceae"
"Scutaria","Lichenized",1,"B_genus","Ascomycota","Lecanoromycetes","Teloschistales","Teloschistaceae"
"Scutellinia","Wood_Saprotroph",1,"B_genus","Ascomycota","Pezizomycetes","Pezizales","Pyronemataceae"
"Scutellospora","Arbuscular_Mycorrhizal",1,"B_genus","Glomeromycota","Glomeromycetes","Diversisporales","Gigasporaceae"
"Scutiger","Ectomycorrhizal",1,"B_genus","Basidiomycota","Agaricomycetes","Russulales","Albatrellaceae"
"Scutula","Lichen_Parasite Lichenized",2,"B_genus","Ascomycota","Lecanoromycetes","Lecanorales","Byssolomataceae"
"Scytalidium","Endophyte Human_Pathogen Necrotrophic_plant_pathogen Plant_Pathogen Wood_Saprotroph",5,"B_genus","Ascomycota","Leotiomycetes","Helotiales","Incertae sedis"
"Scythioria","Lichenized",1,"B_genus","Ascomycota","Lecanoromycetes","Incertae sedis","Incertae sedis"
"Scytinium","Lichenized",1,"B_genus","Ascomycota","Lecanoromycetes","Peltigerales","Collemataceae"
"Scytinopogon","Saprotroph",1,"B_genus","Basidiomycota","Agaricomycetes","Trechisporales","Hydnodontaceae"
"Scytinostroma","Necrotrophic_plant_pathogen Wood_Saprotroph",2,"B_genus","Basidiomycota","Agaricomycetes","Russulales","Peniophoraceae"
"Scytinostromella","Wood_Saprotroph",1,"B_genus","Basidiomycota","Agaricomycetes","Russulales","Incertae sedis"
"Seawardiella","Lichenized",1,"B_genus","Ascomycota","Lecanoromycetes","Teloschistales","Teloschistaceae"
"Sebacina","Ectomycorrhizal Saprotroph",2,"B_genus","Basidiomycota","Agaricomycetes","Sebacinales","Sebacinaceae"
"Sebipora","Wood_Saprotroph",1,"B_genus","Basidiomycota","Agaricomycetes","Polyporales","Gelatoporiaceae"
"Sedecula","Wood_Saprotroph",1,"B_genus","Basidiomycota","Agaricomycetes","Boletales","Coniophoraceae"
"Sedelnikovaea","Lichenized",1,"B_genus","Ascomycota","Lecanoromycetes","Lecanorales","Lecanoraceae"
"Segestria","Lichenized",1,"B_genus","Ascomycota","Lecanoromycetes","Pertusariales","Pertusariaceae"
"Seifertia","Plant_Pathogen",1,"B_genus","Ascomycota","Incertae sedis","Incertae sedis","Incertae sedis"
"Seimatosporium","Necrotrophic_plant_pathogen Plant_Pathogen Saprotroph",3,"B_genus","Ascomycota","Sordariomycetes","Amphisphaeriales","Sporocadaceae"
"Seiridium","Necrotrophic_plant_pathogen Plant_Pathogen",2,"B_genus","Ascomycota","Sordariomycetes","Amphisphaeriales","Pestalotiopsidaceae"
"Seirophora","Lichenized",1,"B_genus","Ascomycota","Lecanoromycetes","Teloschistales","Teloschistaceae"
"Selenophoma","Plant_Pathogen",1,"B_genus","Ascomycota","Dothideomycetes","Dothideales","Saccotheciaceae"
"Selinia","Dung_Saprotroph",1,"B_genus","Ascomycota","Sordariomycetes","Hypocreales","Bionectriaceae"
"Semifissispora","Saprotroph",1,"B_genus","Ascomycota","Dothideomycetes","Incertae sedis","Incertae sedis"
"Semipseudocercospora","Plant_Pathogen",1,"B_genus","Ascomycota","Dothideomycetes","Mycosphaerellales","Mycosphaerellaceae"
"Septobasidium","Animal_Pathogen Insect_Pathogen Plant_Pathogen Saprotroph Wood_Saprotroph",5,"B_genus","Basidiomycota","Pucciniomycetes","Septobasidiales","Septobasidiaceae"
"Septocylindrium","Necrotrophic_plant_pathogen Plant_Pathogen",2,"B_genus","Ascomycota","Dothideomycetes","Mycosphaerellales","Mycosphaerellaceae"
"Septocyta","Necrotrophic_plant_pathogen Plant_Pathogen",2,"B_genus","Ascomycota","Incertae sedis","Incertae sedis","Incertae sedis"
"Septogloeum","Plant_Pathogen",1,"B_genus","Ascomycota","Incertae sedis","Incertae sedis","Incertae sedis"
"Septoglomus","Arbuscular_Mycorrhizal",1,"B_genus","Glomeromycota","Glomeromycetes","Glomerales","Glomeraceae"
"Septonema","Saprotroph",1,"B_genus","Ascomycota","Dothideomycetes","Incertae sedis","Incertae sedis"
"Septoria","Fungal_Parasite Necrotrophic_plant_pathogen Plant_Pathogen",3,"B_genus","Ascomycota","Dothideomycetes","Mycosphaerellales","Mycosphaerellaceae"
"Septoriella","Necrotrophic_plant_pathogen Saprotroph",2,"B_genus","Ascomycota","Dothideomycetes","Incertae sedis","Incertae sedis"
"Septorioides","Necrotrophic_plant_pathogen Plant_Pathogen",2,"B_genus","Ascomycota","Dothideomycetes","Botryosphaeriales","Botryosphaeriaceae"
"Septotis","Plant_Pathogen",1,"B_genus","Ascomycota","Leotiomycetes","Helotiales","Sclerotiniaceae"
"Septotrapelia","Lichenized",1,"B_genus","Ascomycota","Lecanoromycetes","Lecanorales","Byssolomataceae"
"Serendipita","Endophyte Orchid_Mycorrhizal",2,"B_genus","Basidiomycota","Agaricomycetes","Sebacinales","Serendipitaceae"
"Serenomyces","Plant_Pathogen Saprotroph",2,"B_genus","Ascomycota","Sordariomycetes","Phyllachorales","Phaeochoraceae"
"Serpula","Wood_Saprotroph",1,"B_genus","Basidiomycota","Agaricomycetes","Boletales","Serpulaceae"
"Setchelliogaster","Ectomycorrhizal",1,"B_genus","Basidiomycota","Agaricomycetes","Agaricales","Bolbitiaceae"
"Setoidium","Biotrophic_plant_pathogen",1,"B_genus","Ascomycota","Leotiomycetes","Helotiales","Erysiphaceae"
"Setomelanomma","Necrotrophic_plant_pathogen",1,"B_genus","Ascomycota","Dothideomycetes","Pleosporales","Phaeosphaeriaceae"
"Setophaeosphaeria","Plant_Pathogen",1,"B_genus","Ascomycota","Dothideomycetes","Pleosporales","Phaeosphaeriaceae"
"Setophoma","Necrotrophic_plant_pathogen Plant_Pathogen",2,"B_genus","Ascomycota","Dothideomycetes","Pleosporales","Phaeosphaeriaceae"
"Seuratia","Plant_Pathogen",1,"B_genus","Ascomycota","Dothideomycetes","Incertae sedis","Seuratiaceae"
"Seynesiella","Plant_Pathogen",1,"B_genus","Ascomycota","Dothideomycetes","Microthyriales","Microthyriaceae"
"Shackletonia","Lichen_Parasite Lichenized Plant_Pathogen",3,"B_genus","Ascomycota","Lecanoromycetes","Teloschistales","Teloschistaceae"
"Sheathospora","Plant_Pathogen",1,"B_genus","Ascomycota","Sordariomycetes","Diaporthales","Melanconiellaceae"
"Shivasia","Plant_Pathogen",1,"B_genus","Basidiomycota","Ustilaginomycetes","Ustilaginales","Ustilaginaceae"
"Sidera","Plant_Pathogen Wood_Saprotroph",2,"B_genus","Basidiomycota","Agaricomycetes","Hymenochaetales","Incertae sedis"
"Sieverdingia","Arbuscular_Mycorrhizal",1,"B_genus","Glomeromycota","Glomeromycetes","Diversisporales","Diversisporaceae"
"Sigarispora","Saprotroph",1,"B_genus","Ascomycota","Dothideomycetes","Pleosporales","Lophiostomataceae"
"Sigridea","Lichen_Parasite Lichenized",2,"B_genus","Ascomycota","Arthoniomycetes","Arthoniales","Roccellaceae"
"Sillia","Wood_Saprotroph",1,"B_genus","Ascomycota","Sordariomycetes","Diaporthales","Sydowiellaceae"
"Silobia","Lichenized",1,"B_genus","Ascomycota","Lecanoromycetes","Acarosporales","Acarosporaceae"
"Similiphoma","Plant_Pathogen",1,"B_genus","Ascomycota","Dothideomycetes","Pleosporales","Didymellaceae"
"Simocybe","Ectomycorrhizal Saprotroph",2,"B_genus","Basidiomycota","Agaricomycetes","Agaricales","Crepidotaceae"
"Simonyella","Lichenized",1,"B_genus","Ascomycota","Arthoniomycetes","Arthoniales","Roccellaceae"
"Simplicillium","Wood_Saprotroph",1,"B_genus","Ascomycota","Sordariomycetes","Hypocreales","Cordycipitaceae"
"Singeriella","Plant_Pathogen",1,"B_genus","Ascomycota","Dothideomycetes","Incertae sedis","Vizellaceae"
"Singerocomus","Ectomycorrhizal",1,"B_genus","Basidiomycota","Agaricomycetes","Boletales","Boletaceae"
"Singerocybe","Saprotroph",1,"B_genus","Basidiomycota","Agaricomycetes","Agaricales","Incertae sedis"
"Siphula","Lichenized",1,"B_genus","Ascomycota","Lecanoromycetes","Pertusariales","Icmadophilaceae"
"Siphulastrum","Lichenized",1,"B_genus","Ascomycota","Lecanoromycetes","Peltigerales","Pannariaceae"
"Siphulella","Lichenized",1,"B_genus","Ascomycota","Lecanoromycetes","Pertusariales","Icmadophilaceae"
"Sirenophila","Lichenized",1,"B_genus","Ascomycota","Lecanoromycetes","Teloschistales","Teloschistaceae"
"Sirococcus","Plant_Pathogen",1,"B_genus","Ascomycota","Sordariomycetes","Diaporthales","Incertae sedis"
"Sirodesmium","Plant_Pathogen",1,"B_genus","Ascomycota","Dothideomycetes","Coniosporiales","Coniosporiaceae"
"Sirodothis","Saprotroph",1,"B_genus","Ascomycota","Leotiomycetes","Leotiales","Tympanidaceae"
"Sirosporium","Plant_Pathogen",1,"B_genus","Ascomycota","Dothideomycetes","Mycosphaerellales","Mycosphaerellaceae"
"Sistotrema","Ectomycorrhizal Necrotrophic_plant_pathogen Plant_Pathogen Saprotroph Wood_Saprotroph",5,"B_genus","Basidiomycota","Agaricomycetes","Cantharellales","Hydnaceae"
"Sistotremastrum","Wood_Saprotroph",1,"B_genus","Basidiomycota","Agaricomycetes","Trechisporales","Hydnodontaceae"
"Skeletocutis","Wood_Saprotroph",1,"B_genus","Basidiomycota","Agaricomycetes","Polyporales","Incrustoporiaceae"
"Skierka","Biotrophic_plant_pathogen",1,"B_genus","Basidiomycota","Pucciniomycetes","Pucciniales","Skierkaceae"
"Skvortzovia","Wood_Saprotroph",1,"B_genus","Basidiomycota","Agaricomycetes","Hymenochaetales","Incertae sedis"
"Skyttea","Lichen_Parasite",1,"B_genus","Ascomycota","Leotiomycetes","Helotiales","Cordieritidaceae"
"Skyttella","Lichen_Parasite",1,"B_genus","Ascomycota","Leotiomycetes","Helotiales","Cordieritidaceae"
"Slafractonia","Plant_Pathogen",1,"B_genus","Ascomycota","Dothideomycetes","Pleosporales","Incertae sedis"
"Slopeiomyces","Endophyte",1,"B_genus","Ascomycota","Sordariomycetes","Magnaporthales","Magnaporthaceae"
"Smithiomyces","Saprotroph",1,"B_genus","Basidiomycota","Agaricomycetes","Agaricales","Agaricaceae"
"Snippocia","Lichenized",1,"B_genus","Ascomycota","Arthoniomycetes","Arthoniales","Arthoniaceae"
"Soleella","Plant_Pathogen",1,"B_genus","Ascomycota","Leotiomycetes","Rhytismatales","Rhytismataceae"
"Solenopsora","Lichenized",1,"B_genus","Ascomycota","Lecanoromycetes","Lecanorales","Catillariaceae"
"Solioccasus","Ectomycorrhizal",1,"B_genus","Basidiomycota","Agaricomycetes","Boletales","Boletaceae"
"Solitaria","Lichenized",1,"B_genus","Ascomycota","Lecanoromycetes","Teloschistales","Teloschistaceae"
"Solorina","Lichenized",1,"B_genus","Ascomycota","Lecanoromycetes","Peltigerales","Peltigeraceae"
"Sonderhenia","Plant_Pathogen",1,"B_genus","Ascomycota","Dothideomycetes","Mycosphaerellales","Mycosphaerellaceae"
"Soosiella","Saprotroph",1,"B_genus","Ascomycota","Leotiomycetes","Helotiales","Hyphodiscaceae"
"Sorataea","Biotrophic_plant_pathogen",1,"B_genus","Basidiomycota","Pucciniomycetes","Pucciniales","Uropyxidaceae"
"Sordaria","Dung_Saprotroph Endophyte",2,"B_genus","Ascomycota","Sordariomycetes","Sordariales","Sordariaceae"
"Sorosporella","Insect_Pathogen",1,"B_genus","Ascomycota","Sordariomycetes","Hypocreales","Incertae sedis"
"Sorosporium","Plant_Pathogen",1,"B_genus","Basidiomycota","Ustilaginomycetes","Urocystidales","Glomosporiaceae"
"Sparassis","Necrotrophic_plant_pathogen Plant_Pathogen",2,"B_genus","Basidiomycota","Agaricomycetes","Polyporales","Sparassidaceae"
"Sparria","Lichenized",1,"B_genus","Ascomycota","Arthoniomycetes","Arthoniales","Opegraphaceae"
"Sparsitubus","Wood_Saprotroph",1,"B_genus","Basidiomycota","Agaricomycetes","Polyporales","Polyporaceae"
"Spegazzinia","Plant_Pathogen",1,"B_genus","Ascomycota","Sordariomycetes","Incertae sedis","Apiosporaceae"
"Spencermartinsia","Necrotrophic_plant_pathogen",1,"B_genus","Ascomycota","Dothideomycetes","Botryosphaeriales","Botryosphaeriaceae"
"Spermospora","Necrotrophic_plant_pathogen Plant_Pathogen",2,"B_genus","Ascomycota","Incertae sedis","Incertae sedis","Incertae sedis"
"Spermosporina","Necrotrophic_plant_pathogen",1,"B_genus","Ascomycota","Sordariomycetes","Glomerellales","Plectosphaerellaceae"
"Sphaceloma","Necrotrophic_plant_pathogen Plant_Pathogen",2,"B_genus","Ascomycota","Dothideomycetes","Myriangiales","Elsinoaceae"
"Sphacelotheca","Plant_Pathogen",1,"B_genus","Basidiomycota","Microbotryomycetes","Microbotryales","Microbotryaceae"
"Sphaerella","Plant_Pathogen",1,"B_genus","Ascomycota","Dothideomycetes","Mycosphaerellales","Mycosphaerellaceae"
"Sphaerellopsis","Fungal_Parasite",1,"B_genus","Ascomycota","Dothideomycetes","Pleosporales","Phaeosphaeriaceae"
"Sphaerellothecium","Lichen_Parasite",1,"B_genus","Ascomycota","Dothideomycetes","Mycosphaerellales","Mycosphaerellaceae"
"Sphaeria","Plant_Pathogen",1,"B_genus","Ascomycota","Sordariomycetes","Xylariales","Hypoxylaceae"
"Sphaerobasidium","Saprotroph",1,"B_genus","Basidiomycota","Agaricomycetes","Trechisporales","Hydnodontaceae"
"Sphaerobolus","Wood_Saprotroph",1,"B_genus","Basidiomycota","Agaricomycetes","Geastrales","Geastraceae"
"Sphaerocordyceps","Insect_Pathogen",1,"B_genus","Ascomycota","Sordariomycetes","Hypocreales","Clavicipitaceae"
"Sphaerodothella","Plant_Pathogen",1,"B_genus","Ascomycota","Sordariomycetes","Phyllachorales","Phyllachoraceae"
"Sphaerodothis","Plant_Pathogen",1,"B_genus","Ascomycota","Sordariomycetes","Phyllachorales","Phyllachoraceae"
"Sphaeronaema","Plant_Pathogen",1,"B_genus","Ascomycota","Incertae sedis","Incertae sedis","Incertae sedis"
"Sphaeronaemella","Dung_Saprotroph Plant_Pathogen",2,"B_genus","Ascomycota","Sordariomycetes","Melanosporales","Ceratostomataceae"
"Sphaeropezia","Lichen_Parasite",1,"B_genus","Ascomycota","Lecanoromycetes","Ostropales","Odontotremataceae"
"Sphaerophorus","Lichenized",1,"B_genus","Ascomycota","Lecanoromycetes","Lecanorales","Sphaerophoraceae"
"Sphaerophragmium","Biotrophic_plant_pathogen",1,"B_genus","Basidiomycota","Pucciniomycetes","Pucciniales","Sphaerophragmiaceae"
"Sphaeropsis","Plant_Pathogen",1,"B_genus","Ascomycota","Dothideomycetes","Botryosphaeriales","Botryosphaeriaceae"
"Sphaerosporella","Ectomycorrhizal",1,"B_genus","Ascomycota","Pezizomycetes","Pezizales","Pyronemataceae"
"Sphaerosporithyrium","Necrotrophic_plant_pathogen",1,"B_genus","Ascomycota","Sordariomycetes","Diaporthales","Tubakiaceae"
"Sphaerosporium","Insect_Pathogen",1,"B_genus","Ascomycota","Pezizomycetes","Pezizales","Pyronemataceae"
"Sphaerostilbella","Fungal_Parasite Wood_Saprotroph",2,"B_genus","Ascomycota","Sordariomycetes","Hypocreales","Hypocreaceae"
"Sphaerotheca","Biotrophic_plant_pathogen",1,"B_genus","Ascomycota","Leotiomycetes","Helotiales","Erysiphaceae"
"Sphaerozone","Ectomycorrhizal",1,"B_genus","Ascomycota","Pezizomycetes","Pezizales","Pezizaceae"
"Sphaerulina","Lichen_Parasite Necrotrophic_plant_pathogen Plant_Pathogen",3,"B_genus","Ascomycota","Dothideomycetes","Mycosphaerellales","Mycosphaerellaceae"
"Sphagnurus","Plant_Pathogen Saprotroph",2,"B_genus","Basidiomycota","Agaricomycetes","Agaricales","Lyophyllaceae"
"Sphenospora","Biotrophic_plant_pathogen",1,"B_genus","Basidiomycota","Pucciniomycetes","Pucciniales","Pucciniaceae"
"Sphinctrina","Lichen_Parasite Lichenized",2,"B_genus","Ascomycota","Eurotiomycetes","Mycocaliciales","Sphinctrinaceae"
"Spilocaea","Plant_Pathogen",1,"B_genus","Ascomycota","Dothideomycetes","Venturiales","Venturiaceae"
"Spilodochium","Lichen_Parasite",1,"B_genus","Ascomycota","Dothideomycetes","Venturiales","Venturiaceae"
"Spiloma","Lichenized",1,"B_genus","Ascomycota","Lecanoromycetes","Incertae sedis","Xylographaceae"
"Spilonema","Lichenized",1,"B_genus","Ascomycota","Lecanoromycetes","Peltigerales","Coccocarpiaceae"
"Spirographa","Lichen_Parasite",1,"B_genus","Ascomycota","Lecanoromycetes","Ostropales","Spirographaceae"
"Spiromastigoides","Saprotroph",1,"B_genus","Ascomycota","Eurotiomycetes","Onygenales","Spiromastigoidaceae"
"Spiromyces","Saprotroph",1,"B_genus","Mucoromycota","Kickxellomycetes","Kickxellales","Kickxellaceae"
"Spiropes","Plant_Pathogen",1,"B_genus","Ascomycota","Incertae sedis","Incertae sedis","Incertae sedis"
"Spizellomyces","Saprotroph",1,"B_genus","Chytridiomycota","Chytridiomycetes","Spizellomycetales","Spizellomycetaceae"
"Splanchnonema","Endophyte Plant_Pathogen Saprotroph",3,"B_genus","Ascomycota","Dothideomycetes","Pleosporales","Pleomassariaceae"
"Spongiforma","Ectomycorrhizal",1,"B_genus","Basidiomycota","Agaricomycetes","Boletales","Boletaceae"
"Spongiporus","Wood_Saprotroph",1,"B_genus","Basidiomycota","Agaricomycetes","Polyporales","Dacryobolaceae"
"Sporastatia","Lichenized",1,"B_genus","Ascomycota","Lecanoromycetes","Rhizocarpales","Sporastatiaceae"
"Sporendocladia","Saprotroph",1,"B_genus","Ascomycota","Sordariomycetes","Microascales","Ceratocystidaceae"
"Sporhelminthium","Plant_Pathogen",1,"B_genus","Ascomycota","Sordariomycetes","Magnaporthales","Magnaporthaceae"
"Sporidesmajora","Necrotrophic_plant_pathogen",1,"B_genus","Ascomycota","Dothideomycetes","Capnodiales","Incertae sedis"
"Sporidesmiella","Lichen_Parasite",1,"B_genus","Ascomycota","Dothideomycetes","Pleosporales","Melanommataceae"
"Sporidesmium","Lichen_Parasite",1,"B_genus","Ascomycota","Dothideomycetes","Incertae sedis","Incertae sedis"
"Sporisorium","Plant_Pathogen",1,"B_genus","Basidiomycota","Ustilaginomycetes","Ustilaginales","Ustilaginaceae"
"Sporobolomyces","Plant_Pathogen",1,"B_genus","Basidiomycota","Microbotryomycetes","Sporidiobolales","Sporidiobolaceae"
"Sporodictyon","Lichenized",1,"B_genus","Ascomycota","Eurotiomycetes","Verrucariales","Verrucariaceae"
"Sporodiniella","Insect_Pathogen",1,"B_genus","Mucoromycota","Mucoromycetes","Mucorales","Incertae sedis"
"Sporodophoron","Lichenized",1,"B_genus","Ascomycota","Arthoniomycetes","Arthoniales","Arthoniaceae"
"Sporonema","Plant_Pathogen",1,"B_genus","Ascomycota","Leotiomycetes","Helotiales","Drepanopezizaceae"
"Sporopachydermia","Human_Pathogen",1,"B_genus","Ascomycota","Saccharomycetes","Saccharomycetales","Dipodascaceae"
"Sporophagomyces","Fungal_Parasite",1,"B_genus","Ascomycota","Sordariomycetes","Hypocreales","Hypocreaceae"
"Sporophiala","Saprotroph",1,"B_genus","Ascomycota","Incertae sedis","Incertae sedis","Incertae sedis"
"Sporopodium","Lichenized",1,"B_genus","Ascomycota","Lecanoromycetes","Lecanorales","Byssolomataceae"
"Sporormiella","Dung_Saprotroph Endophyte Wood_Saprotroph",3,"B_genus","Ascomycota","Dothideomycetes","Pleosporales","Sporormiaceae"
"Sporoschisma","Necrotrophic_plant_pathogen",1,"B_genus","Ascomycota","Sordariomycetes","Chaetosphaeriales","Chaetosphaeriaceae"
"Sporostigma","Lichenized",1,"B_genus","Ascomycota","Arthoniomycetes","Arthoniales","Incertae sedis"
"Sporothrix","Human_Pathogen Necrotrophic_plant_pathogen Plant_Pathogen",3,"B_genus","Ascomycota","Sordariomycetes","Ophiostomatales","Ophiostomataceae"
"Sprucidea","Lichenized",1,"B_genus","Ascomycota","Lecanoromycetes","Lecanorales","Malmideaceae"
"Spumula","Biotrophic_plant_pathogen",1,"B_genus","Basidiomycota","Pucciniomycetes","Pucciniales","Raveneliaceae"
"Squamanita","Plant_Pathogen",1,"B_genus","Basidiomycota","Agaricomycetes","Agaricales","Incertae sedis"
"Squamarina","Lichenized",1,"B_genus","Ascomycota","Lecanoromycetes","Lecanorales","Stereocaulaceae"
"Squamella","Lichenized",1,"B_genus","Ascomycota","Lecanoromycetes","Lecanorales","Cladoniaceae"
"Squamulea","Lichenized",1,"B_genus","Ascomycota","Lecanoromycetes","Teloschistales","Teloschistaceae"
"Stachybotrys","Human_Pathogen Necrotrophic_plant_pathogen Plant_Pathogen Saprotroph Wood_Saprotroph",5,"B_genus","Ascomycota","Sordariomycetes","Hypocreales","Stachybotryaceae"
"Stagnicola","Saprotroph",1,"B_genus","Basidiomycota","Agaricomycetes","Agaricales","Mythicomycetaceae"
"Stagonospora","Endophyte Lichen_Parasite Necrotrophic_plant_pathogen Plant_Pathogen",4,"B_genus","Ascomycota","Dothideomycetes","Pleosporales","Phaeosphaeriaceae"
"Stagonosporopsis","Necrotrophic_plant_pathogen Plant_Pathogen",2,"B_genus","Ascomycota","Dothideomycetes","Pleosporales","Didymellaceae"
"Staninwardia","Plant_Pathogen",1,"B_genus","Ascomycota","Eurotiomycetes","Chaetothyriales","Incertae sedis"
"Staphylotrichum","Saprotroph",1,"B_genus","Ascomycota","Incertae sedis","Incertae sedis","Incertae sedis"
"Starmera","Human_Pathogen",1,"B_genus","Ascomycota","Saccharomycetes","Saccharomycetales","Incertae sedis"
"Starmerella","Human_Pathogen",1,"B_genus","Ascomycota","Saccharomycetes","Saccharomycetales","Incertae sedis"
"Staurolemma","Lichenized",1,"B_genus","Ascomycota","Lichinomycetes","Lichinales","Lichinaceae"
"Staurosphaeria","Plant_Pathogen Saprotroph",2,"B_genus","Ascomycota","Dothideomycetes","Pleosporales","Didymosphaeriaceae"
"Staurothele","Lichenized",1,"B_genus","Ascomycota","Eurotiomycetes","Verrucariales","Verrucariaceae"
"Steccherinum","Necrotrophic_plant_pathogen Wood_Saprotroph",2,"B_genus","Basidiomycota","Agaricomycetes","Polyporales","Steccherinaceae"
"Stegobolus","Lichenized",1,"B_genus","Ascomycota","Lecanoromycetes","Ostropales","Graphidaceae"
"Stegocintractia","Plant_Pathogen",1,"B_genus","Basidiomycota","Ustilaginomycetes","Ustilaginales","Anthracoideaceae"
"Stegonsporium","Endophyte Plant_Pathogen Saprotroph",3,"B_genus","Ascomycota","Sordariomycetes","Diaporthales","Melanconidaceae"
"Stegophora","Plant_Pathogen",1,"B_genus","Ascomycota","Sordariomycetes","Diaporthales","Sydowiellaceae"
"Steinera","Lichenized",1,"B_genus","Ascomycota","Lecanoromycetes","Peltigerales","Koerberiaceae"
"Steineropsis","Lichenized",1,"B_genus","Ascomycota","Lecanoromycetes","Peltigerales","Pannariaceae"
"Steinia","Lichenized",1,"B_genus","Ascomycota","Lecanoromycetes","Lecanorales","Aphanopsidaceae"
"Stellarangia","Lichenized",1,"B_genus","Ascomycota","Lecanoromycetes","Teloschistales","Teloschistaceae"
"Stellifraga","Lichen_Parasite",1,"B_genus","Ascomycota","Incertae sedis","Incertae sedis","Incertae sedis"
"Stemphylium","Necrotrophic_plant_pathogen Plant_Pathogen",2,"B_genus","Ascomycota","Dothideomycetes","Pleosporales","Pleosporaceae"
"Stenella","Necrotrophic_plant_pathogen Plant_Pathogen",2,"B_genus","Ascomycota","Dothideomycetes","Mycosphaerellales","Teratosphaeriaceae"
"Stenhammarella","Lichenized",1,"B_genus","Ascomycota","Lecanoromycetes","Lecideales","Lecideaceae"
"Stenocarpella","Necrotrophic_plant_pathogen",1,"B_genus","Ascomycota","Sordariomycetes","Diaporthales","Incertae sedis"
"Stenocybe","Lichen_Parasite Plant_Pathogen Saprotroph",3,"B_genus","Ascomycota","Eurotiomycetes","Mycocaliciales","Mycocaliciaceae"
"Stephanopus","Ectomycorrhizal",1,"B_genus","Basidiomycota","Agaricomycetes","Agaricales","Cortinariaceae"
"Stephanospora","Saprotroph",1,"B_genus","Basidiomycota","Agaricomycetes","Agaricales","Stephanosporaceae"
"Stereocaulon","Lichenized",1,"B_genus","Ascomycota","Lecanoromycetes","Lecanorales","Stereocaulaceae"
"Stereopsis","Saprotroph",1,"B_genus","Basidiomycota","Agaricomycetes","Stereopsidales","Stereopsidaceae"
"Stereum","Necrotrophic_plant_pathogen Plant_Pathogen Saprotroph Wood_Saprotroph",4,"B_genus","Basidiomycota","Agaricomycetes","Russulales","Stereaceae"
"Sterigmatomyces","Saprotroph",1,"B_genus","Basidiomycota","Agaricostilbomycetes","Agaricostilbales","Agaricostilbaceae"
"Stichophoma","Endophyte Plant_Pathogen Saprotroph",3,"B_genus","Ascomycota","Dothideomycetes","Dothideales","Dothioraceae"
"Sticta","Lichenized",1,"B_genus","Ascomycota","Lecanoromycetes","Peltigerales","Lobariaceae"
"Stictis","Lichen_Parasite",1,"B_genus","Ascomycota","Lecanoromycetes","Ostropales","Stictidaceae"
"Stigmella","Necrotrophic_plant_pathogen",1,"B_genus","Ascomycota","Incertae sedis","Incertae sedis","Incertae sedis"
"Stigmidium","Lichen_Parasite",1,"B_genus","Ascomycota","Dothideomycetes","Mycosphaerellales","Mycosphaerellaceae"
"Stigmina","Necrotrophic_plant_pathogen Plant_Pathogen",2,"B_genus","Ascomycota","Dothideomycetes","Mycosphaerellales","Mycosphaerellaceae"
"Stilbella","Dung_Saprotroph Plant_Pathogen Saprotroph",3,"B_genus","Ascomycota","Sordariomycetes","Incertae sedis","Incertae sedis"
"Stilbohypoxylon","Endophyte",1,"B_genus","Ascomycota","Sordariomycetes","Xylariales","Xylariaceae"
"Stilbospora","Plant_Pathogen",1,"B_genus","Ascomycota","Incertae sedis","Incertae sedis","Incertae sedis"
"Stilbum","Plant_Pathogen Saprotroph",2,"B_genus","Basidiomycota","Agaricostilbomycetes","Agaricostilbales","Chionosphaeraceae"
"Stirtonia","Lichenized",1,"B_genus","Ascomycota","Arthoniomycetes","Arthoniales","Arthoniaceae"
"Stirtoniella","Lichenized",1,"B_genus","Ascomycota","Lecanoromycetes","Lecanorales","Ramalinaceae"
"Stollia","Plant_Pathogen",1,"B_genus","Basidiomycota","Ustilaginomycetes","Ustilaginales","Ustilaginaceae"
"Stomatogene","Plant_Pathogen",1,"B_genus","Ascomycota","Dothideomycetes","Incertae sedis","Stomatogeneceae"
"Straminella","Lichenized",1,"B_genus","Ascomycota","Lecanoromycetes","Lecanorales","Lecanoraceae"
"Strangospora","Lichenized",1,"B_genus","Ascomycota","Incertae sedis","Incertae sedis","Strangosporaceae"
"Strasseria","Plant_Pathogen",1,"B_genus","Ascomycota","Leotiomycetes","Phacidiales","Phacidiaceae"
"Stratisporella","Lichen_Parasite",1,"B_genus","Ascomycota","Dothideomycetes","Patellariales","Patellariaceae"
"Strelitziana","Necrotrophic_plant_pathogen Plant_Pathogen",2,"B_genus","Ascomycota","Eurotiomycetes","Chaetothyriales","Strelitzianaceae"
"Streptobotrys","Plant_Pathogen",1,"B_genus","Ascomycota","Leotiomycetes","Helotiales","Sclerotiniaceae"
"Streptopodium","Biotrophic_plant_pathogen",1,"B_genus","Ascomycota","Leotiomycetes","Helotiales","Erysiphaceae"
"Striatoidium","Biotrophic_plant_pathogen",1,"B_genus","Ascomycota","Leotiomycetes","Helotiales","Erysiphaceae"
"Strigula","Lichenized",1,"B_genus","Ascomycota","Dothideomycetes","Strigulales","Strigulaceae"
"Striodiplodia","Plant_Pathogen",1,"B_genus","Ascomycota","Dothideomycetes","Botryosphaeriales","Botryosphaeriaceae"
"Strionemadiplodia","Plant_Pathogen",1,"B_genus","Ascomycota","Incertae sedis","Incertae sedis","Incertae sedis"
"Strobilomyces","Ectomycorrhizal",1,"B_genus","Basidiomycota","Agaricomycetes","Boletales","Boletaceae"
"Strobilurus","Wood_Saprotroph",1,"B_genus","Basidiomycota","Agaricomycetes","Agaricales","Physalacriaceae"
"Stromatella","Lichenized",1,"B_genus","Ascomycota","Lichinomycetes","Lichinales","Lichinaceae"
"Stromatinia","Plant_Pathogen",1,"B_genus","Ascomycota","Leotiomycetes","Helotiales","Sclerotiniaceae"
"Stromatopogon","Lichen_Parasite",1,"B_genus","Ascomycota","Incertae sedis","Incertae sedis","Incertae sedis"
"Stromatoseptoria","Necrotrophic_plant_pathogen",1,"B_genus","Ascomycota","Dothideomycetes","Mycosphaerellales","Mycosphaerellaceae"
"Strongwellsea","Insect_Pathogen",1,"B_genus","Entomophthoromycota","Entomophthoromycetes","Entomophthorales","Entomophthoraceae"
"Stropharia","Dung_Saprotroph Saprotroph",2,"B_genus","Basidiomycota","Agaricomycetes","Agaricales","Strophariaceae"
"Strossmayeria","Saprotroph",1,"B_genus","Ascomycota","Leotiomycetes","Helotiales","Incertae sedis"
"Stygiomyces","Lichen_Parasite",1,"B_genus","Ascomycota","Incertae sedis","Incertae sedis","Incertae sedis"
"Stylopage","Nematode_Trapping",1,"B_genus","Zoopagomycota","Zoopagomycetes","Zoopagales","Zoopagaceae"
"Stypella","Saprotroph",1,"B_genus","Basidiomycota","Agaricomycetes","Auriculariales","Incertae sedis"
"Suberoteratosphaeria","Necrotrophic_plant_pathogen Plant_Pathogen",2,"B_genus","Ascomycota","Dothideomycetes","Mycosphaerellales","Teratosphaeriaceae"
"Subplenodomus","Plant_Pathogen",1,"B_genus","Ascomycota","Dothideomycetes","Pleosporales","Leptosphaeriaceae"
"Subramaniula","Endophyte",1,"B_genus","Ascomycota","Sordariomycetes","Sordariales","Chaetomiaceae"
"Sugiyamaella","Saprotroph",1,"B_genus","Ascomycota","Saccharomycetes","Saccharomycetales","Trichomonascaceae"
"Suhomyces","Human_Pathogen",1,"B_genus","Ascomycota","Saccharomycetes","Saccharomycetales","Incertae sedis"
"Suillellus","Ectomycorrhizal",1,"B_genus","Basidiomycota","Agaricomycetes","Boletales","Boletaceae"
"Suillus","Ectomycorrhizal",1,"B_genus","Basidiomycota","Agaricomycetes","Boletales","Suillaceae"
"Sulcaria","Lichenized",1,"B_genus","Ascomycota","Lecanoromycetes","Lecanorales","Parmeliaceae"
"Sulcopyrenula","Lichenized",1,"B_genus","Ascomycota","Eurotiomycetes","Pyrenulales","Pyrenulaceae"
"Sulcosporium","Plant_Pathogen",1,"B_genus","Ascomycota","Dothideomycetes","Pleosporales","Halotthiaceae"
"Sultanimyces","Necrotrophic_plant_pathogen",1,"B_genus","Ascomycota","Dothideomycetes","Mycosphaerellales","Mycosphaerellaceae"
"Superstratomyces","Plant_Pathogen",1,"B_genus","Ascomycota","Dothideomycetes","Superstratomycetales","Superstratomycetaceae"
"Sutorius","Ectomycorrhizal",1,"B_genus","Basidiomycota","Agaricomycetes","Boletales","Boletaceae"
"Swinscowia","Lichenized",1,"B_genus","Ascomycota","Dothideomycetes","Strigulales","Strigulaceae"
"Sydowia","Endophyte Necrotrophic_plant_pathogen Plant_Pathogen Saprotroph",4,"B_genus","Ascomycota","Dothideomycetes","Dothideales","Dothioraceae"
"Sydowiella","Plant_Pathogen Saprotroph",2,"B_genus","Ascomycota","Sordariomycetes","Diaporthales","Sydowiellaceae"
"Symmetrospora","Saprotroph",1,"B_genus","Basidiomycota","Cystobasidiomycetes","Incertae sedis","Symmetrosporaceae"
"Sympodiella","Saprotroph",1,"B_genus","Ascomycota","Incertae sedis","Incertae sedis","Incertae sedis"
"Sympodiophora","Plant_Pathogen",1,"B_genus","Ascomycota","Incertae sedis","Incertae sedis","Incertae sedis"
"Synalissa","Lichenized",1,"B_genus","Ascomycota","Lichinomycetes","Lichinales","Lichinaceae"
"Synaptospora","Lichen_Parasite",1,"B_genus","Ascomycota","Sordariomycetes","Sordariales","Incertae sedis"
"Synarthonia","Lichen_Parasite Lichenized",2,"B_genus","Ascomycota","Arthoniomycetes","Arthoniales","Incertae sedis"
"Synarthothelium","Lichenized",1,"B_genus","Ascomycota","Arthoniomycetes","Arthoniales","Incertae sedis"
"Syncephalastrum","Necrotrophic_plant_pathogen",1,"B_genus","Mucoromycota","Mucoromycetes","Mucorales","Syncephalastraceae"
"Syncesia","Lichenized",1,"B_genus","Ascomycota","Arthoniomycetes","Arthoniales","Roccellaceae"
"Synchronoblastia","Plant_Pathogen",1,"B_genus","Ascomycota","Incertae sedis","Incertae sedis","Incertae sedis"
"Synchytrium","Plant_Pathogen",1,"B_genus","Chytridiomycota","Chytridiomycetes","Chytridiales","Synchytriaceae"
"Synnemapestaloides","Plant_Pathogen",1,"B_genus","Ascomycota","Sordariomycetes","Amphisphaeriales","Amphisphaeriaceae"
"Synnemasporella","Necrotrophic_plant_pathogen Plant_Pathogen",2,"B_genus","Ascomycota","Sordariomycetes","Diaporthales","Synnemasporellaceae"
"Syspastospora","Fungal_Parasite Plant_Pathogen",2,"B_genus","Ascomycota","Sordariomycetes","Hypocreales","Hypocreaceae"
"Syzygospora","Fungal_Parasite Lichen_Parasite Saprotroph",3,"B_genus","Basidiomycota","Tremellomycetes","Filobasidiales","Filobasidiaceae"
"Szczawinskia","Lichenized",1,"B_genus","Ascomycota","Lecanoromycetes","Lecanorales","Byssolomataceae"
"Taeniolella","Lichen_Parasite",1,"B_genus","Ascomycota","Dothideomycetes","Mytilinidiales","Mytilinidiaceae"
"Taeniolina","Lichen_Parasite",1,"B_genus","Ascomycota","Incertae sedis","Incertae sedis","Incertae sedis"
"Taiwanofungus","Wood_Saprotroph",1,"B_genus","Basidiomycota","Agaricomycetes","Polyporales","Incertae sedis"
"Takamatsuella","Biotrophic_plant_pathogen",1,"B_genus","Ascomycota","Leotiomycetes","Helotiales","Erysiphaceae"
"Talaromyces","Human_Pathogen Necrotrophic_plant_pathogen Plant_Pathogen Saprotroph Wood_Saprotroph",5,"B_genus","Ascomycota","Eurotiomycetes","Eurotiales","Aspergillaceae"
"Talbotiomyces","Plant_Pathogen",1,"B_genus","Basidiomycota","Entorrhizomycetes","Talbotiomycetales","Talbotiomycetaceae"
"Talpapellis","Lichen_Parasite",1,"B_genus","Ascomycota","Incertae sedis","Incertae sedis","Incertae sedis"
"Tania","Lichenized",1,"B_genus","Ascomycota","Arthoniomycetes","Arthoniales","Roccellaceae"
"Tapellaria","Lichenized",1,"B_genus","Ascomycota","Lecanoromycetes","Lecanorales","Byssolomataceae"
"Tapellariopsis","Lichenized",1,"B_genus","Ascomycota","Lecanoromycetes","Lecanorales","Byssolomataceae"
"Taphrina","Plant_Pathogen Saprotroph",2,"B_genus","Ascomycota","Taphrinomycetes","Taphrinales","Taphrinaceae"
"Tapinella","Saprotroph Wood_Saprotroph",2,"B_genus","Basidiomycota","Agaricomycetes","Boletales","Tapinellaceae"
"Tarichium","Insect_Pathogen",1,"B_genus","Entomophthoromycota","Entomophthoromycetes","Entomophthorales","Entomophthoraceae"
"Tasmidella","Lichenized",1,"B_genus","Ascomycota","Lecanoromycetes","Lecanorales","Ramalinaceae"
"Tassiloa","Lichenized",1,"B_genus","Ascomycota","Lecanoromycetes","Teloschistales","Teloschistaceae"
"Tausonia","Saprotroph",1,"B_genus","Basidiomycota","Tremellomycetes","Cystofilobasidiales","Mrakiaceae"
"Tayloriellina","Lichenized",1,"B_genus","Ascomycota","Lecanoromycetes","Teloschistales","Teloschistaceae"
"Teichospora","Saprotroph",1,"B_genus","Ascomycota","Dothideomycetes","Pleosporales","Teichosporaceae"
"Telimena","Plant_Pathogen",1,"B_genus","Ascomycota","Sordariomycetes","Phyllachorales","Telimenaceae"
"Telogalla","Lichen_Parasite",1,"B_genus","Ascomycota","Eurotiomycetes","Verrucariales","Verrucariaceae"
"Teloschistes","Lichenized",1,"B_genus","Ascomycota","Lecanoromycetes","Teloschistales","Teloschistaceae"
"Teloschistopsis","Lichenized",1,"B_genus","Ascomycota","Lecanoromycetes","Teloschistales","Teloschistaceae"
"Tephrocybe","Ectomycorrhizal Saprotroph",2,"B_genus","Basidiomycota","Agaricomycetes","Agaricales","Lyophyllaceae"
"Tephroderma","Saprotroph",1,"B_genus","Basidiomycota","Agaricomycetes","Agaricales","Incertae sedis"
"Tephromela","Lichen_Parasite Lichenized",2,"B_genus","Ascomycota","Lecanoromycetes","Lecanorales","Tephromelataceae"
"Terana","Saprotroph Wood_Saprotroph",2,"B_genus","Basidiomycota","Agaricomycetes","Polyporales","Phanerochaetaceae"
"Teratoramularia","Necrotrophic_plant_pathogen",1,"B_genus","Ascomycota","Dothideomycetes","Mycosphaerellales","Teratosphaeriaceae"
"Teratoschaeta","Lichen_Parasite",1,"B_genus","Ascomycota","Dothideomycetes","Incertae sedis","Incertae sedis"
"Teratosperma","Lichen_Parasite",1,"B_genus","Ascomycota","Incertae sedis","Incertae sedis","Incertae sedis"
"Teratosphaeria","Necrotrophic_plant_pathogen Plant_Pathogen",2,"B_genus","Ascomycota","Dothideomycetes","Mycosphaerellales","Teratosphaeriaceae"
"Teratosphaericola","Plant_Pathogen",1,"B_genus","Ascomycota","Dothideomycetes","Mycosphaerellales","Teratosphaeriaceae"
"Teretispora","Necrotrophic_plant_pathogen",1,"B_genus","Ascomycota","Dothideomycetes","Pleosporales","Pleosporaceae"
"Termitomyces","Saprotroph",1,"B_genus","Basidiomycota","Agaricomycetes","Agaricales","Lyophyllaceae"
"Terriera","Necrotrophic_plant_pathogen Plant_Pathogen",2,"B_genus","Ascomycota","Leotiomycetes","Rhytismatales","Rhytismataceae"
"Testicularia","Plant_Pathogen",1,"B_genus","Basidiomycota","Ustilaginomycetes","Ustilaginales","Anthracoideaceae"
"Tetracladium","Endophyte",1,"B_genus","Ascomycota","Leotiomycetes","Helotiales","Incertae sedis"
"Tetramelas","Lichen_Parasite Lichenized",2,"B_genus","Ascomycota","Lecanoromycetes","Caliciales","Caliciaceae"
"Tetrapyrgos","Endophyte Saprotroph",2,"B_genus","Basidiomycota","Agaricomycetes","Agaricales","Marasmiaceae"
"Teuvoa","Lichenized",1,"B_genus","Ascomycota","Lecanoromycetes","Pertusariales","Megasporaceae"
"Texosporium","Lichenized",1,"B_genus","Ascomycota","Lecanoromycetes","Caliciales","Caliciaceae"
"Thallinocarpon","Lichenized",1,"B_genus","Ascomycota","Lichinomycetes","Lichinales","Lichinaceae"
"Thalloidima","Lichen_Parasite Lichenized",2,"B_genus","Ascomycota","Lecanoromycetes","Lecanorales","Ramalinaceae"
"Thalloloma","Lichenized",1,"B_genus","Ascomycota","Lecanoromycetes","Ostropales","Graphidaceae"
"Thamnogalla","Lichen_Parasite",1,"B_genus","Ascomycota","Leotiomycetes","Helotiales","Cordieritidaceae"
"Thamnolia","Lichenized",1,"B_genus","Ascomycota","Lecanoromycetes","Pertusariales","Icmadophilaceae"
"Thamnostylum","Dung_Saprotroph",1,"B_genus","Mucoromycota","Mucoromycetes","Mucorales","Syncephalastraceae"
"Thanatephorus","Plant_Pathogen",1,"B_genus","Basidiomycota","Agaricomycetes","Cantharellales","Ceratobasidiaceae"
"Thaxteriella","Plant_Pathogen",1,"B_genus","Ascomycota","Dothideomycetes","Tubeufiales","Tubeufiaceae"
"Thecaphora","Biotrophic_plant_pathogen",2,"B_genus","Basidiomycota","Ustilaginomycetes","Urocystidales","Glomosporiaceae"
"Thecaria","Lichenized",1,"B_genus","Ascomycota","Lecanoromycetes","Ostropales","Graphidaceae"
"Thecographa","Lichenized",1,"B_genus","Ascomycota","Lecanoromycetes","Ostropales","Graphidaceae"
"Thecotheus","Dung_Saprotroph",1,"B_genus","Ascomycota","Pezizomycetes","Pezizales","Ascobolaceae"
"Thedgonia","Necrotrophic_plant_pathogen",1,"B_genus","Ascomycota","Leotiomycetes","Helotiales","Incertae sedis"
"Thekopsora","Biotrophic_plant_pathogen",1,"B_genus","Basidiomycota","Pucciniomycetes","Pucciniales","Pucciniastraceae"
"Thelebolus","Dung_Saprotroph Endophyte",2,"B_genus","Ascomycota","Leotiomycetes","Thelebolales","Thelebolaceae"
"Thelenella","Lichenized",1,"B_genus","Ascomycota","Lecanoromycetes","Ostropales","Thelenellaceae"
"Thelephora","Ectomycorrhizal Necrotrophic_plant_pathogen",2,"B_genus","Basidiomycota","Agaricomycetes","Thelephorales","Thelephoraceae"
"Thelidium","Lichenized",1,"B_genus","Ascomycota","Eurotiomycetes","Verrucariales","Verrucariaceae"
"Thelignya","Lichenized",1,"B_genus","Ascomycota","Lichinomycetes","Lichinales","Lichinaceae"
"Thelocarpon","Algae_Parasite Lichen_Parasite Lichenized Plant_Pathogen Saprotroph",5,"B_genus","Ascomycota","Incertae sedis","Thelocarpales","Thelocarpaceae"
"Thelomma","Lichenized",1,"B_genus","Ascomycota","Lecanoromycetes","Caliciales","Caliciaceae"
"Thelonectria","Necrotrophic_plant_pathogen Plant_Pathogen Saprotroph Wood_Saprotroph",4,"B_genus","Ascomycota","Sordariomycetes","Hypocreales","Nectriaceae"
"Thelopsis","Lichenized",1,"B_genus","Ascomycota","Lecanoromycetes","Ostropales","Stictidaceae"
"Thelotrema","Lichenized",1,"B_genus","Ascomycota","Lecanoromycetes","Ostropales","Graphidaceae"
"Thermoascus","Wood_Saprotroph",1,"B_genus","Ascomycota","Eurotiomycetes","Eurotiales","Aspergillaceae"
"Thermomyces","Endophyte",1,"B_genus","Ascomycota","Eurotiomycetes","Eurotiales","Incertae sedis"
"Thermothelomyces","Endophyte",1,"B_genus","Ascomycota","Sordariomycetes","Sordariales","Chaetomiaceae"
"Thermothielavioides","Endophyte Wood_Saprotroph",2,"B_genus","Ascomycota","Sordariomycetes","Sordariales","Chaetomiaceae"
"Thermutis","Lichenized",1,"B_genus","Ascomycota","Lichinomycetes","Lichinales","Lichinaceae"
"Thermutopsis","Lichenized",1,"B_genus","Ascomycota","Lichinomycetes","Lichinales","Lichinaceae"
"Therrya","Necrotrophic_plant_pathogen Plant_Pathogen",2,"B_genus","Ascomycota","Leotiomycetes","Rhytismatales","Rhytismataceae"
"Thielaviopsis","Plant_Pathogen",1,"B_genus","Ascomycota","Sordariomycetes","Microascales","Ceratocystidaceae"
"Tholurna","Lichenized",1,"B_genus","Ascomycota","Lecanoromycetes","Caliciales","Caliciaceae"
"Thrombium","Lichenized",1,"B_genus","Ascomycota","Lecanoromycetes","Ostropales","Thrombiaceae"
"Thuemenella","Fungal_Parasite",1,"B_genus","Ascomycota","Sordariomycetes","Xylariales","Hypoxylaceae"
"Thyrea","Lichenized",1,"B_genus","Ascomycota","Lichinomycetes","Lichinales","Lichinaceae"
"Thyrinula","Plant_Pathogen",1,"B_genus","Ascomycota","Dothideomycetes","Asterinales","Asterinaceae"
"Thyriopsis","Plant_Pathogen",1,"B_genus","Ascomycota","Dothideomycetes","Asterinales","Asterinaceae"
"Thyronectria","Plant_Pathogen Saprotroph",2,"B_genus","Ascomycota","Sordariomycetes","Incertae sedis","Incertae sedis"
"Thyrospora","Necrotrophic_plant_pathogen",1,"B_genus","Ascomycota","Dothideomycetes","Incertae sedis","Incertae sedis"
"Thyrostroma","Necrotrophic_plant_pathogen Plant_Pathogen Saprotroph",3,"B_genus","Ascomycota","Dothideomycetes","Botryosphaeriales","Botryosphaeriaceae"
"Thysanolaenae","Saprotroph",1,"B_genus","Ascomycota","Dothideomycetes","Pleosporales","Melanommataceae"
"Thysanothecium","Lichenized",1,"B_genus","Ascomycota","Lecanoromycetes","Lecanorales","Cladoniaceae"
"Tilachlidium","Plant_Pathogen",1,"B_genus","Ascomycota","Sordariomycetes","Hypocreales","Tilachlidiaceae"
"Tilletia","Biotrophic_plant_pathogen",2,"B_genus","Basidiomycota","Exobasidiomycetes","Tilletiales","Tilletiaceae"
"Tilletiaria","Plant_Pathogen",1,"B_genus","Basidiomycota","Exobasidiomycetes","Georgefischeriales","Tilletiariaceae"
"Tingiopsidium","Lichenized",1,"B_genus","Ascomycota","Lecanoromycetes","Peltigerales","Koerberiaceae"
"Toensbergia","Lichenized",1,"B_genus","Ascomycota","Lecanoromycetes","Rhizocarpales","Sporastatiaceae"
"Tolypocladium","Insect_Pathogen Plant_Pathogen",2,"B_genus","Ascomycota","Sordariomycetes","Hypocreales","Ophiocordycipitaceae"
"Tolyposporella","Plant_Pathogen",1,"B_genus","Basidiomycota","Exobasidiomycetes","Georgefischeriales","Tilletiariaceae"
"Tolyposporium","Plant_Pathogen",1,"B_genus","Basidiomycota","Ustilaginomycetes","Ustilaginales","Anthracoideaceae"
"Tomasellia","Saprotroph",1,"B_genus","Ascomycota","Dothideomycetes","Incertae sedis","Naetrocymbaceae"
"Tomentella","Ectomycorrhizal",1,"B_genus","Basidiomycota","Agaricomycetes","Thelephorales","Thelephoraceae"
"Tomentellopsis","Ectomycorrhizal",1,"B_genus","Basidiomycota","Agaricomycetes","Thelephorales","Thelephoraceae"
"Tomnashia","Lichenized",1,"B_genus","Ascomycota","Lecanoromycetes","Teloschistales","Teloschistaceae"
"Tomophagus","Necrotrophic_plant_pathogen Saprotroph Wood_Saprotroph",3,"B_genus","Basidiomycota","Agaricomycetes","Polyporales","Polyporaceae"
"Toninia","Lichen_Parasite Lichenized",2,"B_genus","Ascomycota","Lecanoromycetes","Lecanorales","Ramalinaceae"
"Toniniopsis","Lichen_Parasite Lichenized",2,"B_genus","Ascomycota","Lecanoromycetes","Lecanorales","Ramalinaceae"
"Topelia","Lichenized",1,"B_genus","Ascomycota","Lecanoromycetes","Ostropales","Stictidaceae"
"Topeliopsis","Lichenized",1,"B_genus","Ascomycota","Lecanoromycetes","Ostropales","Graphidaceae"
"Tornabea","Lichenized",1,"B_genus","Ascomycota","Lecanoromycetes","Caliciales","Physciaceae"
"Torrubiella","Human_Endosymbiont Human_Pathogen Insect_Pathogen Saprotroph",4,"B_genus","Ascomycota","Sordariomycetes","Hypocreales","Cordycipitaceae"
"Torula","Endophyte Necrotrophic_plant_pathogen Wood_Saprotroph",3,"B_genus","Ascomycota","Dothideomycetes","Pleosporales","Torulaceae"
"Tothia","Saprotroph",1,"B_genus","Ascomycota","Dothideomycetes","Microthyriales","Microthyriaceae"
"Toxicocladosporium","Endophyte Plant_Pathogen",2,"B_genus","Ascomycota","Dothideomycetes","Capnodiales","Incertae sedis"
"Trabutia","Necrotrophic_plant_pathogen",1,"B_genus","Ascomycota","Sordariomycetes","Phyllachorales","Phyllachoraceae"
"Tracya","Plant_Pathogen",1,"B_genus","Basidiomycota","Exobasidiomycetes","Doassansiales","Doassansiaceae"
"Tracylla","Plant_Pathogen Saprotroph",2,"B_genus","Ascomycota","Incertae sedis","Incertae sedis","Incertae sedis"
"Trametes","Necrotrophic_plant_pathogen Plant_Pathogen Saprotroph Wood_Saprotroph",4,"B_genus","Basidiomycota","Agaricomycetes","Polyporales","Polyporaceae"
"Trametopsis","Wood_Saprotroph",1,"B_genus","Basidiomycota","Agaricomycetes","Polyporales","Irpicaceae"
"Tranzschelia","Biotrophic_plant_pathogen",1,"B_genus","Basidiomycota","Pucciniomycetes","Pucciniales","Tranzscheliaceae"
"Tranzscheliella","Plant_Pathogen",1,"B_genus","Basidiomycota","Ustilaginomycetes","Ustilaginales","Ustilaginaceae"
"Trapelia","Lichenized",1,"B_genus","Ascomycota","Lecanoromycetes","Incertae sedis","Trapeliaceae"
"Trapeliopsis","Lichenized",1,"B_genus","Ascomycota","Lecanoromycetes","Incertae sedis","Trapeliaceae"
"Trappea","Ectomycorrhizal",1,"B_genus","Basidiomycota","Agaricomycetes","Hysterangiales","Trappeaceae"
"Trechispora","Necrotrophic_plant_pathogen Saprotroph Wood_Saprotroph",3,"B_genus","Basidiomycota","Agaricomycetes","Trechisporales","Hydnodontaceae"
"Trematosphaeria","Human_Pathogen Lichen_Parasite",2,"B_genus","Ascomycota","Dothideomycetes","Pleosporales","Trematosphaeriaceae"
"Tremella","Fungal_Parasite Lichen_Parasite Saprotroph",3,"B_genus","Basidiomycota","Tremellomycetes","Tremellales","Tremellaceae"
"Tremellochaete","Saprotroph",1,"B_genus","Basidiomycota","Agaricomycetes","Auriculariales","Auriculariaceae"
"Tremellogaster","Ectomycorrhizal",1,"B_genus","Basidiomycota","Agaricomycetes","Boletales","Diplocystidiaceae"
"Tremelloscypha","Ectomycorrhizal",1,"B_genus","Basidiomycota","Agaricomycetes","Sebacinales","Sebacinaceae"
"Tremolecia","Lichenized",1,"B_genus","Ascomycota","Lecanoromycetes","Hymeneliales","Hymeneliaceae"
"Tretomyces","Ectomycorrhizal",1,"B_genus","Basidiomycota","Agaricomycetes","Atheliales","Atheliaceae"
"Tretovularia","Necrotrophic_plant_pathogen",1,"B_genus","Ascomycota","Incertae sedis","Incertae sedis","Incertae sedis"
"Triangularia","Dung_Saprotroph",1,"B_genus","Ascomycota","Sordariomycetes","Sordariales","Podosporaceae"
"Trichaptum","Saprotroph Wood_Saprotroph",2,"B_genus","Basidiomycota","Agaricomycetes","Hymenochaetales","Incertae sedis"
"Tricharia","Lichenized",1,"B_genus","Ascomycota","Lecanoromycetes","Ostropales","Gomphillaceae"
"Trichasterina","Plant_Pathogen",1,"B_genus","Ascomycota","Dothideomycetes","Asterinales","Asterinaceae"
"Trichobolus","Dung_Saprotroph",1,"B_genus","Ascomycota","Pezizomycetes","Pezizales","Ascodesmidaceae"
"Trichocintractia","Plant_Pathogen",1,"B_genus","Basidiomycota","Ustilaginomycetes","Ustilaginales","Anthracoideaceae"
"Trichocladium","Wood_Saprotroph",1,"B_genus","Ascomycota","Sordariomycetes","Sordariales","Chaetomiaceae"
"Trichoconis","Lichen_Parasite",1,"B_genus","Ascomycota","Incertae sedis","Incertae sedis","Incertae sedis"
"Trichodelitschia","Dung_Saprotroph",1,"B_genus","Ascomycota","Dothideomycetes","Phaeotrichales","Phaeotrichaceae"
"Trichoderma","Endophyte Fungal_Parasite Human_Pathogen Necrotrophic_plant_pathogen Plant_Pathogen Saprotroph Wood_Saprotroph",7,"B_genus","Ascomycota","Sordariomycetes","Hypocreales","Hypocreaceae"
"Trichoglossum","Saprotroph",1,"B_genus","Ascomycota","Geoglossomycetes","Geoglossales","Geoglossaceae"
"Tricholoma","Ectomycorrhizal",1,"B_genus","Basidiomycota","Agaricomycetes","Agaricales","Tricholomataceae"
"Tricholomella","Saprotroph",1,"B_genus","Basidiomycota","Agaricomycetes","Agaricales","Lyophyllaceae"
"Tricholomopsis","Saprotroph Wood_Saprotroph",2,"B_genus","Basidiomycota","Agaricomycetes","Agaricales","Incertae sedis"
"Trichomerium","Necrotrophic_plant_pathogen Plant_Pathogen Saprotroph",3,"B_genus","Ascomycota","Eurotiomycetes","Chaetothyriales","Trichomeriaceae"
"Trichomonascus","Human_Pathogen",1,"B_genus","Ascomycota","Saccharomycetes","Saccharomycetales","Trichomonascaceae"
"Trichophyma","Lichen_Parasite",1,"B_genus","Ascomycota","Arthoniomycetes","Arthoniales","Incertae sedis"
"Trichophyton","Human_Pathogen",1,"B_genus","Ascomycota","Eurotiomycetes","Onygenales","Arthrodermataceae"
"Trichoramalina","Lichenized",1,"B_genus","Ascomycota","Lecanoromycetes","Lecanorales","Ramalinaceae"
"Trichosphaerella","Plant_Pathogen",1,"B_genus","Ascomycota","Sordariomycetes","Hypocreales","Niessliaceae"
"Trichosphaeria","Lichen_Parasite",1,"B_genus","Ascomycota","Sordariomycetes","Trichosphaeriales","Trichosphaeriaceae"
"Trichosporon","Human_Pathogen",1,"B_genus","Ascomycota","Saccharomycetes","Saccharomycetales","Dipodascaceae"
"Trichothecium","Fungal_Parasite Necrotrophic_plant_pathogen",2,"B_genus","Ascomycota","Sordariomycetes","Hypocreales","Incertae sedis"
"Trichothelium","Lichenized",1,"B_genus","Ascomycota","Lecanoromycetes","Ostropales","Porinaceae"
"Trichothyrium","Plant_Pathogen",1,"B_genus","Ascomycota","Dothideomycetes","Microthyriales","Trichothyriaceae"
"Trichurus","Wood_Saprotroph",1,"B_genus","Ascomycota","Dothideomycetes","Pleosporales","Incertae sedis"
"Triclinum","Lichenized",1,"B_genus","Ascomycota","Lecanoromycetes","Lecanorales","Ramalinaceae"
"Trimmatostroma","Lichen_Parasite",1,"B_genus","Ascomycota","Leotiomycetes","Helotiales","Mollisiaceae"
"Trimmatothele","Lichenized",1,"B_genus","Ascomycota","Eurotiomycetes","Verrucariales","Verrucariaceae"
"Trimmatothelopsis","Lichenized",1,"B_genus","Ascomycota","Lecanoromycetes","Acarosporales","Acarosporaceae"
"Triodiomyces","Plant_Pathogen",1,"B_genus","Basidiomycota","Ustilaginomycetes","Ustilaginales","Ustilaginaceae"
"Triphragmium","Biotrophic_plant_pathogen",1,"B_genus","Basidiomycota","Pucciniomycetes","Pucciniales","Raveneliaceae"
"Tripospermum","Necrotrophic_plant_pathogen Plant_Pathogen",2,"B_genus","Ascomycota","Dothideomycetes","Capnodiales","Capnodiaceae"
"Tripospora","Plant_Pathogen",1,"B_genus","Ascomycota","Eurotiomycetes","Coryneliales","Coryneliaceae"
"Triscelophorus","Endophyte",1,"B_genus","Ascomycota","Incertae sedis","Incertae sedis","Incertae sedis"
"Trochila","Necrotrophic_plant_pathogen Plant_Pathogen",2,"B_genus","Ascomycota","Leotiomycetes","Helotiales","Cenangiaceae"
"Trogia","Saprotroph Wood_Saprotroph",2,"B_genus","Basidiomycota","Agaricomycetes","Agaricales","Incertae sedis"
"Tropicoporus","Wood_Saprotroph",1,"B_genus","Basidiomycota","Agaricomycetes","Hymenochaetales","Hymenochaetaceae"
"Trullella","Wood_Saprotroph",1,"B_genus","Basidiomycota","Agaricomycetes","Polyporales","Steccherinaceae"
"Truncatella","Endophyte Necrotrophic_plant_pathogen Plant_Pathogen",3,"B_genus","Ascomycota","Sordariomycetes","Amphisphaeriales","Bartaliniaceae"
"Truncocolumella","Ectomycorrhizal",1,"B_genus","Basidiomycota","Agaricomycetes","Boletales","Suillaceae"
"Truncospora","Wood_Saprotroph",1,"B_genus","Basidiomycota","Agaricomycetes","Polyporales","Polyporaceae"
"Tryblidaria","Lichen_Parasite Lichenized",2,"B_genus","Ascomycota","Dothideomycetes","Patellariales","Patellariaceae"
"Tryblidiopsis","Saprotroph",1,"B_genus","Ascomycota","Leotiomycetes","Rhytismatales","Rhytismataceae"
"Trypetheliopsis","Lichenized",1,"B_genus","Ascomycota","Dothideomycetes","Monoblastiales","Monoblastiaceae"
"Trypethelium","Lichenized",1,"B_genus","Ascomycota","Dothideomycetes","Trypetheliales","Trypetheliaceae"
"Tsugacorticium","Wood_Saprotroph",1,"B_genus","Basidiomycota","Agaricomycetes","Hymenochaetales","Incertae sedis"
"Tubakia","Endophyte Necrotrophic_plant_pathogen Plant_Pathogen",3,"B_genus","Ascomycota","Sordariomycetes","Diaporthales","Tubakiaceae"
"Tubaria","Saprotroph Wood_Saprotroph",2,"B_genus","Basidiomycota","Agaricomycetes","Agaricales","Tubariaceae"
"Tubariomyces","Ectomycorrhizal",1,"B_genus","Basidiomycota","Agaricomycetes","Agaricales","Inocybaceae"
"Tuber","Ectomycorrhizal",1,"B_genus","Ascomycota","Pezizomycetes","Pezizales","Tuberaceae"
"Tubercularia","Plant_Pathogen Saprotroph",2,"B_genus","Ascomycota","Sordariomycetes","Hypocreales","Nectriaceae"
"Tuberculina","Insect_Pathogen",1,"B_genus","Basidiomycota","Pucciniomycetes","Helicobasidiales","Helicobasidiaceae"
"Tubulicium","Wood_Saprotroph",1,"B_genus","Basidiomycota","Agaricomycetes","Trechisporales","Hydnodontaceae"
"Tubulicrinis","Saprotroph",1,"B_genus","Basidiomycota","Agaricomycetes","Hymenochaetales","Hymenochaetaceae"
"Tuckermannopsis","Lichenized",1,"B_genus","Ascomycota","Lecanoromycetes","Lecanorales","Parmeliaceae"
"Tuckneraria","Lichenized",1,"B_genus","Ascomycota","Lecanoromycetes","Lecanorales","Parmeliaceae"
"Tulasnella","Ectomycorrhizal Endophyte",2,"B_genus","Basidiomycota","Agaricomycetes","Cantharellales","Tulasnellaceae"
"Tulostoma","Saprotroph",1,"B_genus","Basidiomycota","Agaricomycetes","Agaricales","Agaricaceae"
"Turbinellus","Ectomycorrhizal Saprotroph",2,"B_genus","Basidiomycota","Agaricomycetes","Gomphales","Gomphaceae"
"Tylophorella","Lichenized",1,"B_genus","Ascomycota","Arthoniomycetes","Arthoniales","Arthoniaceae"
"Tylophoron","Lichen_Parasite Lichenized",2,"B_genus","Ascomycota","Arthoniomycetes","Arthoniales","Arthoniaceae"
"Tylopilus","Ectomycorrhizal",1,"B_genus","Basidiomycota","Agaricomycetes","Boletales","Boletaceae"
"Tylospora","Ectomycorrhizal",1,"B_genus","Basidiomycota","Agaricomycetes","Atheliales","Atheliaceae"
"Tylothallia","Lichenized",1,"B_genus","Ascomycota","Lecanoromycetes","Lecanorales","Lecanoraceae"
"Tympanis","Plant_Pathogen Saprotroph",2,"B_genus","Ascomycota","Leotiomycetes","Leotiales","Tympanidaceae"
"Tympanopsis","Fungal_Parasite",1,"B_genus","Ascomycota","Sordariomycetes","Coronophorales","Scortechiniaceae"
"Typhrasa","Saprotroph",1,"B_genus","Basidiomycota","Agaricomycetes","Agaricales","Psathyrellaceae"
"Typhula","Plant_Pathogen Saprotroph",2,"B_genus","Basidiomycota","Agaricomycetes","Agaricales","Typhulaceae"
"Tyromyces","Plant_Pathogen Wood_Saprotroph",2,"B_genus","Basidiomycota","Agaricomycetes","Polyporales","Incrustoporiaceae"
"Uleiella","Plant_Pathogen",1,"B_genus","Basidiomycota","Ustilaginomycetes","Uleiellales","Uleiellaceae"
"Umbelopsis","Saprotroph",1,"B_genus","Mucoromycota","Umbelopsidomycetes","Umbelopsidales","Umbelopsidaceae"
"Umbilicaria","Lichenized",1,"B_genus","Ascomycota","Lecanoromycetes","Umbilicariales","Umbilicariaceae"
"Uncinula","Biotrophic_plant_pathogen",1,"B_genus","Ascomycota","Leotiomycetes","Helotiales","Erysiphaceae"
"Unguiculariopsis","Lichen_Parasite",1,"B_genus","Ascomycota","Leotiomycetes","Helotiales","Cordieritidaceae"
"Ungulidaedalea","Wood_Saprotroph",1,"B_genus","Basidiomycota","Agaricomycetes","Polyporales","Fomitopsidaceae"
"Upretia","Lichenized",1,"B_genus","Ascomycota","Lecanoromycetes","Teloschistales","Teloschistaceae"
"Uredinella","Insect_Pathogen",1,"B_genus","Basidiomycota","Pucciniomycetes","Septobasidiales","Septobasidiaceae"
"Uredinopsis","Biotrophic_plant_pathogen",1,"B_genus","Basidiomycota","Pucciniomycetes","Pucciniales","Pucciniastraceae"
"Uredo","Biotrophic_plant_pathogen",1,"B_genus","Basidiomycota","Pucciniomycetes","Pucciniales","Pucciniaceae"
"Urnula","Plant_Pathogen Wood_Saprotroph",2,"B_genus","Ascomycota","Pezizomycetes","Pezizales","Sarcosomataceae"
"Urocystis","Plant_Pathogen",1,"B_genus","Basidiomycota","Ustilaginomycetes","Urocystidales","Urocystidaceae"
"Uromyces","Biotrophic_plant_pathogen",1,"B_genus","Basidiomycota","Pucciniomycetes","Pucciniales","Pucciniaceae"
"Uromycladium","Biotrophic_plant_pathogen",1,"B_genus","Basidiomycota","Pucciniomycetes","Pucciniales","Uromycladiaceae"
"Uropyxis","Biotrophic_plant_pathogen",1,"B_genus","Basidiomycota","Pucciniomycetes","Pucciniales","Uropyxidaceae"
"Ursicollum","Plant_Pathogen",1,"B_genus","Ascomycota","Sordariomycetes","Diaporthales","Cryphonectriaceae"
"Usnea","Lichenized",1,"B_genus","Ascomycota","Lecanoromycetes","Lecanorales","Parmeliaceae"
"Usnocetraria","Lichenized",1,"B_genus","Ascomycota","Lecanoromycetes","Lecanorales","Parmeliaceae"
"Ustacystis","Plant_Pathogen",1,"B_genus","Basidiomycota","Ustilaginomycetes","Urocystidales","Urocystidaceae"
"Ustanciosporium","Plant_Pathogen",1,"B_genus","Basidiomycota","Ustilaginomycetes","Ustilaginales","Anthracoideaceae"
"Ustilaginoidea","Plant_Pathogen",1,"B_genus","Ascomycota","Sordariomycetes","Hypocreales","Clavicipitaceae"
"Ustilago","Plant_Pathogen",1,"B_genus","Basidiomycota","Ustilaginomycetes","Ustilaginales","Ustilaginaceae"
"Ustilentyloma","Plant_Pathogen Saprotroph",2,"B_genus","Basidiomycota","Microbotryomycetes","Microbotryales","Ustilentylomataceae"
"Utrechtiana","Plant_Pathogen",1,"B_genus","Ascomycota","Sordariomycetes","Magnaporthales","Magnaporthaceae"
"Uwebraunia","Plant_Pathogen",1,"B_genus","Ascomycota","Dothideomycetes","Mycosphaerellales","Mycosphaerellaceae"
"Uwemyces","Necrotrophic_plant_pathogen",1,"B_genus","Ascomycota","Dothideomycetes","Mycosphaerellales","Mycosphaerellaceae"
"Vagnia","Lichen_Parasite",1,"B_genus","Ascomycota","Incertae sedis","Incertae sedis","Incertae sedis"
"Vahliella","Lichenized",1,"B_genus","Ascomycota","Lecanoromycetes","Peltigerales","Vahliellaceae"
"Vainionora","Lichenized",1,"B_genus","Ascomycota","Lecanoromycetes","Lecanorales","Lecanoraceae"
"Valdensinia","Plant_Pathogen",1,"B_genus","Ascomycota","Leotiomycetes","Helotiales","Sclerotiniaceae"
"Valsa","Necrotrophic_plant_pathogen Plant_Pathogen",2,"B_genus","Ascomycota","Sordariomycetes","Diaporthales","Valsaceae"
"Valsalnicola","Plant_Pathogen",1,"B_genus","Ascomycota","Sordariomycetes","Diaporthales","Melanconidaceae"
"Valsaria","Plant_Pathogen",1,"B_genus","Ascomycota","Dothideomycetes","Valsariales","Valsariaceae"
"Vandenboomia","Lichenized",1,"B_genus","Ascomycota","Lecanoromycetes","Lecanorales","Ramalinaceae"
"Vanderbylia","Plant_Pathogen Wood_Saprotroph",2,"B_genus","Basidiomycota","Agaricomycetes","Polyporales","Polyporaceae"
"Vankya","Plant_Pathogen",1,"B_genus","Basidiomycota","Ustilaginomycetes","Urocystidales","Urocystidaceae"
"Vanrija","Human_Pathogen",1,"B_genus","Basidiomycota","Tremellomycetes","Trichosporonales","Trichosporonaceae"
"Vararia","Wood_Saprotroph",1,"B_genus","Basidiomycota","Agaricomycetes","Russulales","Peniophoraceae"
"Varicellaria","Lichenized",1,"B_genus","Ascomycota","Lecanoromycetes","Pertusariales","Varicellariaceae"
"Variospora","Lichenized",1,"B_genus","Ascomycota","Lecanoromycetes","Teloschistales","Teloschistaceae"
"Veloporphyrellus","Ectomycorrhizal",1,"B_genus","Basidiomycota","Agaricomycetes","Boletales","Boletaceae"
"Veluticeps","Wood_Saprotroph",1,"B_genus","Basidiomycota","Agaricomycetes","Gloeophyllales","Gloeophyllaceae"
"Venturia","Endophyte Lichen_Parasite Necrotrophic_plant_pathogen Plant_Pathogen",4,"B_genus","Ascomycota","Dothideomycetes","Venturiales","Venturiaceae"
"Venustampulla","Wood_Saprotroph",1,"B_genus","Ascomycota","Leotiomycetes","Helotiales","Pleuroascaceae"
"Venustosynnema","Saprotroph",1,"B_genus","Ascomycota","Incertae sedis","Incertae sedis","Incertae sedis"
"Vermiculariopsiella","Plant_Pathogen",1,"B_genus","Ascomycota","Sordariomycetes","Vermiculariopsiellales","Vermiculariopsiellaceae"
"Veronaea","Necrotrophic_plant_pathogen Plant_Pathogen",2,"B_genus","Ascomycota","Incertae sedis","Incertae sedis","Incertae sedis"
"Veronaeopsis","Epiphyte",1,"B_genus","Ascomycota","Dothideomycetes","Venturiales","Sympoventuriaceae"
"Verrucaria","Lichen_Parasite Lichenized",2,"B_genus","Ascomycota","Eurotiomycetes","Verrucariales","Verrucariaceae"
"Verrucaster","Lichen_Parasite",1,"B_genus","Ascomycota",NA,NA,NA
"Verrucisporota","Necrotrophic_plant_pathogen",1,"B_genus","Ascomycota","Dothideomycetes","Capnodiales","Mycosphaerellaceae"
"Verrucocladosporium","Lichen_Parasite",1,"B_genus","Ascomycota","Dothideomycetes","Capnodiales","Cladosporiaceae"
"Verrucoconiothyrium","Plant_Pathogen",1,"B_genus","Ascomycota","Dothideomycetes","Pleosporales","Didymosphaeriaceae"
"Verrucoplaca","Lichenized",1,"B_genus","Ascomycota","Lecanoromycetes","Teloschistales","Teloschistaceae"
"Verrucospora","Saprotroph",1,"B_genus","Basidiomycota","Agaricomycetes","Agaricales","Incertae sedis"
"Verrucula","Lichenized",1,"B_genus","Ascomycota","Eurotiomycetes","Verrucariales","Verrucariaceae"
"Verruculina","Endophyte",1,"B_genus","Ascomycota","Dothideomycetes","Pleosporales","Didymosphaeriaceae"
"Verruculopsis","Lichenized",1,"B_genus","Ascomycota","Eurotiomycetes","Verrucariales","Verrucariaceae"
"Verticicladium","Fungal_Parasite",1,"B_genus","Ascomycota","Pezizomycetes","Pezizales","Chorioactidaceae"
"Verticillium","Endophyte Fungal_Parasite Necrotrophic_plant_pathogen Plant_Pathogen Saprotroph",5,"B_genus","Ascomycota","Sordariomycetes","Glomerellales","Plectosphaerellaceae"
"Vesiculozygosporium","Endophyte",1,"B_genus","Ascomycota","Sordariomycetes","Xylariales","Cainiaceae"
"Vestergrenia","Plant_Pathogen",1,"B_genus","Ascomycota","Dothideomycetes","Dothideales","Dothideaceae"
"Vezdaea","Lichenized",1,"B_genus","Ascomycota","Incertae sedis","Vezdaeales","Vezdaeaceae"
"Vialaea","Plant_Pathogen",1,"B_genus","Ascomycota","Sordariomycetes","Xylariales","Vialaeaceae"
"Vigneronia","Lichenized",1,"B_genus","Ascomycota","Arthoniomycetes","Arthoniales","Roccellaceae"
"Violella","Lichenized",1,"B_genus","Ascomycota","Lecanoromycetes","Lecanorales","Tephromelataceae"
"Viridiannula","Lichen_Parasite",1,"B_genus","Ascomycota","Incertae sedis","Incertae sedis","Incertae sedis"
"Virosphaerella","Plant_Pathogen",1,"B_genus","Ascomycota","Dothideomycetes","Mycosphaerellales","Mycosphaerellaceae"
"Vishniacozyma","Human_Pathogen Saprotroph",2,"B_genus","Basidiomycota","Tremellomycetes","Tremellales","Bulleribasidiaceae"
"Vitreoporus","Wood_Saprotroph",1,"B_genus","Basidiomycota","Agaricomycetes","Polyporales","Irpicaceae"
"Vizella","Plant_Pathogen",1,"B_genus","Ascomycota","Dothideomycetes","Incertae sedis","Vizellaceae"
"Volutella","Plant_Pathogen",1,"B_genus","Ascomycota","Sordariomycetes","Hypocreales","Nectriaceae"
"Volvariella","Fungal_Parasite Plant_Pathogen Saprotroph Wood_Saprotroph",4,"B_genus","Basidiomycota","Agaricomycetes","Agaricales","Pluteaceae"
"Volvopluteus","Saprotroph Wood_Saprotroph",2,"B_genus","Basidiomycota","Agaricomycetes","Agaricales","Pluteaceae"
"Vouauxiella","Lichen_Parasite",1,"B_genus","Ascomycota","Incertae sedis","Incertae sedis","Incertae sedis"
"Vouauxiomyces","Lichen_Parasite",1,"B_genus","Ascomycota","Incertae sedis","Incertae sedis","Incertae sedis"
"Vuilleminia","Wood_Saprotroph",1,"B_genus","Basidiomycota","Agaricomycetes","Corticiales","Vuilleminiaceae"
"Vulpicida","Lichenized",1,"B_genus","Ascomycota","Lecanoromycetes","Lecanorales","Parmeliaceae"
"Wadeana","Lichenized",1,"B_genus","Ascomycota","Incertae sedis","Incertae sedis","Incertae sedis"
"Wahlenbergiella","Lichenized",1,"B_genus","Ascomycota","Eurotiomycetes","Verrucariales","Verrucariaceae"
"Waitea","Plant_Pathogen Saprotroph",2,"B_genus","Basidiomycota","Agaricomycetes","Corticiales","Corticiaceae"
"Wakefieldia","Ectomycorrhizal",1,"B_genus","Basidiomycota","Agaricomycetes","Boletales","Boletaceae"
"Walkaminomyces","Plant_Pathogen",1,"B_genus","Ascomycota","Dothideomycetes","Mycosphaerellales","Teratosphaeriaceae"
"Wardomyces","Wood_Saprotroph",1,"B_genus","Ascomycota","Sordariomycetes","Microascales","Microascaceae"
"Wawea","Lichenized",1,"B_genus","Ascomycota","Lecanoromycetes","Arctomiales","Arctomiaceae"
"Waynea","Lichenized",1,"B_genus","Ascomycota","Lecanoromycetes","Lecanorales","Ramalinaceae"
"Websdanea","Plant_Pathogen",1,"B_genus","Basidiomycota","Ustilaginomycetes","Ustilaginales","Websdaneaceae"
"Weddellomyces","Lichen_Parasite",1,"B_genus","Ascomycota","Dothideomycetes","Pleosporales","Dacampiaceae"
"Wentiomyces","Plant_Pathogen",1,"B_genus","Ascomycota","Dothideomycetes","Incertae sedis","Pseudoperisporiaceae"
"Westerdykella","Dung_Saprotroph Human_Pathogen Plant_Pathogen Saprotroph Wood_Saprotroph",5,"B_genus","Ascomycota","Dothideomycetes","Pleosporales","Sporormiaceae"
"Wetmoreana","Lichenized",1,"B_genus","Ascomycota","Lecanoromycetes","Teloschistales","Teloschistaceae"
"Whalleya","Endophyte",1,"B_genus","Ascomycota","Sordariomycetes","Xylariales","Xylariaceae"
"Wickerhamomyces","Human_Pathogen Plant_Pathogen Saprotroph",3,"B_genus","Ascomycota","Saccharomycetes","Saccharomycetales","Wickerhamomycetaceae"
"Wiesneriomyces","Endophyte",1,"B_genus","Ascomycota","Incertae sedis","Wiesneriomycetales","Wiesneriomycetaceae"
"Wilcoxina","Ectomycorrhizal",1,"B_genus","Ascomycota","Pezizomycetes","Pezizales","Pyronemataceae"
"Wingfieldomyces","Plant_Pathogen",1,"B_genus","Ascomycota","Dothideomycetes","Pleosporales","Phaeosphaeriaceae"
"Wirthiotrema","Lichenized",1,"B_genus","Ascomycota","Lecanoromycetes","Ostropales","Graphidaceae"
"Wojnowicia","Necrotrophic_plant_pathogen Plant_Pathogen",2,"B_genus","Ascomycota","Incertae sedis","Incertae sedis","Incertae sedis"
"Wojnowiciella","Saprotroph",1,"B_genus","Ascomycota","Dothideomycetes","Pleosporales","Phaeosphaeriaceae"
"Woldmaria","Saprotroph",1,"B_genus","Basidiomycota","Agaricomycetes","Agaricales","Niaceae"
"Wolfiporia","Wood_Saprotroph",1,"B_genus","Basidiomycota","Agaricomycetes","Polyporales","Fomitopsidaceae"
"Wolseleyidea","Lichenized",1,"B_genus","Ascomycota","Lecanoromycetes","Lecanorales","Ramalinaceae"
"Wongia","Plant_Pathogen",1,"B_genus","Ascomycota","Dothideomycetes","Incertae sedis","Incertae sedis"
"Wrightoporia","Wood_Saprotroph",1,"B_genus","Basidiomycota","Agaricomycetes","Russulales","Bondarzewiaceae"
"Wrightoporiopsis","Wood_Saprotroph",1,"B_genus","Basidiomycota","Agaricomycetes","Russulales","Hericiaceae"
"Wuestneia","Plant_Pathogen",1,"B_genus","Ascomycota","Sordariomycetes","Diaporthales","Melanconidaceae"
"Xalocoa","Lichenized",1,"B_genus","Ascomycota","Lecanoromycetes","Ostropales","Graphidaceae"
"Xanthagaricus","Saprotroph",1,"B_genus","Basidiomycota","Agaricomycetes","Agaricales","Agaricaceae"
"Xanthaptychia","Lichenized",1,"B_genus","Ascomycota","Lecanoromycetes","Teloschistales","Teloschistaceae"
"Xanthocarpia","Lichenized",1,"B_genus","Ascomycota","Lecanoromycetes","Teloschistales","Teloschistaceae"
"Xanthoconium","Ectomycorrhizal",1,"B_genus","Basidiomycota","Agaricomycetes","Boletales","Boletaceae"
"Xanthomaculina","Lichenized",1,"B_genus","Ascomycota","Lecanoromycetes","Lecanorales","Parmeliaceae"
"Xanthomendoza","Lichenized",1,"B_genus","Ascomycota","Lecanoromycetes","Teloschistales","Teloschistaceae"
"Xanthoparmelia","Lichenized",1,"B_genus","Ascomycota","Lecanoromycetes","Lecanorales","Parmeliaceae"
"Xanthoporia","Wood_Saprotroph",1,"B_genus","Basidiomycota","Agaricomycetes","Hymenochaetales","Hymenochaetaceae"
"Xanthopsorella","Lichenized",1,"B_genus","Ascomycota","Lecanoromycetes","Lecanorales","Catillariaceae"
"Xanthopsoroma","Lichenized",1,"B_genus","Ascomycota","Lecanoromycetes","Peltigerales","Pannariaceae"
"Xanthoria","Lichenized",1,"B_genus","Ascomycota","Lecanoromycetes","Teloschistales","Teloschistaceae"
"Xanthoriicola","Lichen_Parasite",1,"B_genus","Ascomycota","Incertae sedis","Incertae sedis","Incertae sedis"
"Xenasmatella","Plant_Pathogen Wood_Saprotroph",2,"B_genus","Basidiomycota","Agaricomycetes","Russulales","Xenasmataceae"
"Xenidiocercus","Plant_Pathogen",1,"B_genus","Ascomycota","Incertae sedis","Incertae sedis","Incertae sedis"
"Xenoacremonium","Human_Pathogen",1,"B_genus","Ascomycota","Sordariomycetes","Hypocreales","Nectriaceae"
"Xenobotryosphaeria","Saprotroph",1,"B_genus","Ascomycota","Dothideomycetes","Pleosporales","Incertae sedis"
"Xenochalara","Endophyte",1,"B_genus","Ascomycota","Leotiomycetes","Helotiales","Dermateaceae"
"Xenocylindrosporium","Necrotrophic_plant_pathogen",1,"B_genus","Ascomycota","Incertae sedis","Incertae sedis","Incertae sedis"
"Xenodidymella","Plant_Pathogen Saprotroph",2,"B_genus","Ascomycota","Dothideomycetes","Pleosporales","Didymellaceae"
"Xenomeris","Plant_Pathogen",1,"B_genus","Ascomycota","Dothideomycetes","Venturiales","Venturiaceae"
"Xenomycosphaerella","Necrotrophic_plant_pathogen Plant_Pathogen",2,"B_genus","Ascomycota","Dothideomycetes","Mycosphaerellales","Mycosphaerellaceae"
"Xenonectriella","Lichen_Parasite",1,"B_genus","Ascomycota","Sordariomycetes","Hypocreales","Nectriaceae"
"Xenopassalora","Necrotrophic_plant_pathogen",1,"B_genus","Ascomycota","Dothideomycetes","Mycosphaerellales","Mycosphaerellaceae"
"Xenopenidiella","Saprotroph",1,"B_genus","Ascomycota","Dothideomycetes","Mycosphaerellales","Teratosphaeriaceae"
"Xenophoma","Lichen_Parasite",1,"B_genus","Ascomycota","Dothideomycetes","Pleosporales","Incertae sedis"
"Xenopyrenochaetopsis","Plant_Pathogen",1,"B_genus","Ascomycota","Dothideomycetes","Pleosporales","Pyrenochaetopsidaceae"
"Xenopyricularia","Plant_Pathogen",1,"B_genus","Ascomycota","Sordariomycetes","Magnaporthales","Pyriculariaceae"
"Xenoramularia","Necrotrophic_plant_pathogen",1,"B_genus","Ascomycota","Dothideomycetes","Mycosphaerellales","Mycosphaerellaceae"
"Xenoseptoria","Necrotrophic_plant_pathogen",1,"B_genus","Ascomycota","Dothideomycetes","Pleosporales","Phaeosphaeriaceae"
"Xenosonderhenia","Necrotrophic_plant_pathogen",1,"B_genus","Ascomycota","Dothideomycetes","Capnodiales","Incertae sedis"
"Xenosphaeropsis","Plant_Pathogen",1,"B_genus","Ascomycota","Dothideomycetes","Botryosphaeriales","Botryosphaeriaceae"
"Xenosporella","Saprotroph",1,"B_genus","Ascomycota","Dothideomycetes","Tubeufiales","Tubeufiaceae"
"Xenosporium","Saprotroph",1,"B_genus","Ascomycota","Dothideomycetes","Tubeufiales","Tubeufiaceae"
"Xenostilbum","Plant_Pathogen",1,"B_genus","Ascomycota","Sordariomycetes","Hypocreales","Nectriaceae"
"Xenoteratosphaeria","Plant_Pathogen",1,"B_genus","Ascomycota","Dothideomycetes","Mycosphaerellales","Teratosphaeriaceae"
"Xepicula","Plant_Pathogen",1,"B_genus","Ascomycota","Incertae sedis","Incertae sedis","Incertae sedis"
"Xepiculopsis","Plant_Pathogen",1,"B_genus","Ascomycota","Sordariomycetes","Incertae sedis","Incertae sedis"
"Xeroceps","Ectomycorrhizal",1,"B_genus","Basidiomycota","Agaricomycetes","Russulales","Incertae sedis"
"Xerocomellus","Ectomycorrhizal",1,"B_genus","Basidiomycota","Agaricomycetes","Boletales","Boletaceae"
"Xerocomus","Ectomycorrhizal",1,"B_genus","Basidiomycota","Agaricomycetes","Boletales","Boletaceae"
"Xerocoprinus","Saprotroph",1,"B_genus","Basidiomycota","Agaricomycetes","Agaricales","Agaricaceae"
"Xeromphalina","Plant_Pathogen Saprotroph Wood_Saprotroph",3,"B_genus","Basidiomycota","Agaricomycetes","Agaricales","Mycenaceae"
"Xerotrema","Lichen_Parasite Lichenized Saprotroph",3,"B_genus","Ascomycota","Lecanoromycetes","Ostropales","Odontotremataceae"
"Xerula","Saprotroph",1,"B_genus","Basidiomycota","Agaricomycetes","Agaricales","Physalacriaceae"
"Xylaria","Endophyte Necrotrophic_plant_pathogen Plant_Pathogen Saprotroph Wood_Saprotroph",5,"B_genus","Ascomycota","Sordariomycetes","Xylariales","Xylariaceae"
"Xyleborus","Lichenized",1,"B_genus","Ascomycota","Lecanoromycetes","Lecanorales","Stereocaulaceae"
"Xylobolus","Necrotrophic_plant_pathogen Plant_Pathogen Wood_Saprotroph",3,"B_genus","Basidiomycota","Agaricomycetes","Russulales","Stereaceae"
"Xylodon","Plant_Pathogen Wood_Saprotroph",2,"B_genus","Basidiomycota","Agaricomycetes","Hymenochaetales","Schizoporaceae"
"Xylographa","Lichenized",1,"B_genus","Ascomycota","Lecanoromycetes","Incertae sedis","Xylographaceae"
"Xylophallus","Saprotroph",1,"B_genus","Basidiomycota","Agaricomycetes","Phallales","Phallaceae"
"Xylopsora","Lichenized",1,"B_genus","Ascomycota","Lecanoromycetes","Umbilicariales","Umbilicariaceae"
"Yamadazyma","Human_Pathogen",1,"B_genus","Ascomycota","Saccharomycetes","Saccharomycetales","Incertae sedis"
"Yarrowia","Human_Pathogen Saprotroph",2,"B_genus","Ascomycota","Saccharomycetes","Saccharomycetales","Dipodascaceae"
"Yarrumia","Lichenized",1,"B_genus","Ascomycota","Lecanoromycetes","Peltigerales","Lobariaceae"
"Yelsemia","Plant_Pathogen",1,"B_genus","Basidiomycota","Ustilaginomycetes","Ustilaginales","Melanotaeniaceae"
"Yoshimuriella","Lichenized",1,"B_genus","Ascomycota","Lecanoromycetes","Peltigerales","Lobariaceae"
"Yuchengia","Wood_Saprotroph",1,"B_genus","Basidiomycota","Agaricomycetes","Polyporales","Polyporaceae"
"Zahlbrucknerella","Lichenized",1,"B_genus","Ascomycota","Lichinomycetes","Lichinales","Lichinaceae"
"Zancudomyces","Insect_Symbiont",1,"B_genus","Mucoromycota","Kickxellomycetes","Harpellales","Incertae sedis"
"Zangia","Ectomycorrhizal",1,"B_genus","Basidiomycota","Agaricomycetes","Boletales","Boletaceae"
"Zasmidium","Endophyte Necrotrophic_plant_pathogen Plant_Pathogen Saprotroph",4,"B_genus","Ascomycota","Dothideomycetes","Mycosphaerellales","Mycosphaerellaceae"
"Zetiasplozna","Plant_Pathogen",1,"B_genus","Ascomycota","Sordariomycetes","Amphisphaeriales","Bartaliniaceae"
"Zevadia","Lichen_Parasite",1,"B_genus","Ascomycota","Incertae sedis","Incertae sedis","Incertae sedis"
"Zhuliangomyces","Saprotroph",1,"B_genus","Basidiomycota","Agaricomycetes","Agaricales","Amanitaceae"
"Zhurbenkoa","Lichen_Parasite",1,"B_genus","Ascomycota","Lecanoromycetes","Lecanorales","Malmideaceae"
"Zimmermanniella","Necrotrophic_plant_pathogen",1,"B_genus","Ascomycota","Sordariomycetes","Phyllachorales","Phyllachoraceae"
"Zoophthora","Insect_Pathogen",1,"B_genus","Entomophthoromycota","Entomophthoromycetes","Entomophthorales","Entomophthoraceae"
"Zopfia","Plant_Pathogen",1,"B_genus","Ascomycota","Dothideomycetes","Pleosporales","Zopfiaceae"
"Zundeliomyces","Plant_Pathogen",1,"B_genus","Basidiomycota","Microbotryomycetes","Microbotryales","Microbotryaceae"
"Zwackhia","Lichenized",1,"B_genus","Ascomycota","Arthoniomycetes","Arthoniales","Lecanographaceae"
"Zwackhiomacromyces","Lichen_Parasite",1,"B_genus","Ascomycota","Dothideomycetes","Collemopsidiales","Xanthopyreniaceae"
"Zwackhiomyces","Lichen_Parasite",1,"B_genus","Ascomycota","Dothideomycetes","Collemopsidiales","Xanthopyreniaceae"
"Zygnemomyces","Insect_Pathogen",1,"B_genus","Mucoromycota","Incertae sedis","Incertae sedis","Incertae sedis"
"Zygoascus","Human_Pathogen Saprotroph",2,"B_genus","Ascomycota","Saccharomycetes","Saccharomycetales","Trichomonascaceae"
"Zygophiala","Plant_Pathogen",1,"B_genus","Ascomycota","Dothideomycetes","Incertae sedis","Schizothyriaceae"
"Zygopleurage","Dung_Saprotroph",1,"B_genus","Ascomycota","Sordariomycetes","Sordariales","Neoschizotheciaceae"
"Zygosaccharomyces","Plant_Pathogen Saprotroph",2,"B_genus","Ascomycota","Saccharomycetes","Saccharomycetales","Saccharomycetaceae"
"Zygosporium","Endophyte Saprotroph",2,"B_genus","Ascomycota","Sordariomycetes","Xylariales","Zygosporiaceae"
"Zygotorulaspora","Plant_Pathogen",1,"B_genus","Ascomycota","Saccharomycetes","Saccharomycetales","Saccharomycetaceae"
"Zymochalara","Necrotrophic_plant_pathogen",1,"B_genus","Ascomycota","Leotiomycetes","Helotiales","Pezizellaceae"
"Zymonema","Human_Pathogen Saprotroph",2,"B_genus","Ascomycota","Incertae sedis","Incertae sedis","Incertae sedis"
"Zymoseptoria","Necrotrophic_plant_pathogen",1,"B_genus","Ascomycota","Dothideomycetes","Incertae sedis","Incertae sedis"
